p_id,innings,overs,maidens,runs,wickets,economy,sr,avg,wides,noballs,best,dots,c1,c2,c3,c4,c6,three_wickets,five_wickets
1,0,0,0,0,0,0,0,0,0,0,0,0,0,0,0,0,0,0,0
2,0,0,0,0,0,0,0,0,0,0,0,0,0,0,0,0,0,0,0
3,0,0,0,0,0,0,0,0,0,0,0,0,0,0,0,0,0,0,0
4,0,0,0,0,0,0,0,0,0,0,0,0,0,0,0,0,0,0,0
5,4,3.4,0,36,0,9.82,0,0,0,1,68,5,13,0,0,4,1,0,0
6,26,88,2,665,26,7.56,20.31,25.58,2,0,14,186,243,11,0,62,25,3,0
7,0,0,0,0,0,0,0,0,0,0,0,0,0,0,0,0,0,0,0
8,0,0,0,0,0,0,0,0,0,0,0,0,0,0,0,0,0,0,0
9,27,90.4,1,734,32,8.1,17,22.94,4,1,83,184,259,5,0,61,36,3,2
10,35,136.5,0,1129,40,8.25,20.52,28.23,5,4,215,326,310,24,2,111,52,2,0
11,14,40,0,369,6,9.23,40,61.5,4,1,285,40,148,5,0,41,7,0,0
12,30,116.5,3,980,30,8.39,23.37,32.67,3,2,180,264,287,9,2,91,50,0,0
13,28,107.5,0,949,22,8.8,29.41,43.14,13,5,180,150,369,7,0,104,22,1,0
14,21,77,3,676,22,8.78,21,30.73,2,2,58,192,164,9,0,52,47,1,0
15,0,0,0,0,0,0,0,0,0,0,0,0,0,0,0,0,0,0,0
16,0,0,0,0,0,0,0,0,0,0,0,0,0,0,0,0,0,0,0
17,0,0,0,0,0,0,0,0,0,0,0,0,0,0,0,0,0,0,0
18,0,0,0,0,0,0,0,0,0,0,0,0,0,0,0,0,0,0,0
19,4,10,0,78,1,7.8,60,78,0,1,203,22,27,2,0,7,3,0,0
20,0,0,0,0,0,0,0,0,0,0,0,0,0,0,0,0,0,0,0
21,0,0,0,0,0,0,0,0,0,0,0,0,0,0,0,0,0,0,0
22,12,40,0,328,11,8.2,21.82,29.82,4,0,9,92,100,1,0,30,17,0,0
23,23,70,0,626,9,8.94,46.67,69.56,11,3,203,78,262,5,0,64,14,0,0
24,7,20,0,200,6,10,20,33.33,0,1,22,39,51,1,0,17,13,0,0
25,12,45.3,0,421,15,9.25,18.2,28.07,0,0,176,104,97,5,2,41,24,3,0
26,19,73,2,606,15,8.3,29.2,40.4,0,0,127,185,158,4,2,50,39,0,0
27,13,43.3,0,415,13,9.54,20.08,31.92,1,2,108,90,106,4,0,40,23,0,0
28,0,0,0,0,0,0,0,0,0,0,0,0,0,0,0,0,0,0,0
29,0,0,0,0,0,0,0,0,0,0,0,0,0,0,0,0,0,0,0
30,0,0,0,0,0,0,0,0,0,0,0,0,0,0,0,0,0,0,0
31,0,0,0,0,0,0,0,0,0,0,0,0,0,0,0,0,0,0,0
32,18,36,0,330,7,9.17,30.86,47.14,0,2,125,68,100,3,0,27,19,0,0
33,26,75.1,0,630,21,8.38,21.48,30,7,4,114,140,225,7,0,59,24,0,0
34,0,0,0,0,0,0,0,0,0,0,0,0,0,0,0,0,0,0,0
35,26,101.1,2,845,36,8.35,16.86,23.47,2,0,6,256,209,14,2,78,48,4,0
36,25,99.1,3,803,33,8.1,18.03,24.33,1,0,118,266,197,5,3,76,47,3,0
37,7,27,0,173,10,6.41,16.2,17.3,1,0,6,76,60,1,0,17,7,1,0
38,10,37,0,327,4,8.84,55.5,81.75,5,1,100,63,117,3,0,21,19,0,0
39,18,64,0,551,13,8.61,29.54,42.38,7,4,206,79,238,6,0,50,15,0,0
40,0,0,0,0,0,0,0,0,0,0,0,0,0,0,0,0,0,0,0
41,8,30,0,237,8,7.9,22.5,29.62,1,0,99,69,76,2,0,21,12,1,0
42,0,0,0,0,0,0,0,0,0,0,0,0,0,0,0,0,0,0,0
43,0,0,0,0,0,0,0,0,0,0,0,0,0,0,0,0,0,0,0
44,0,0,0,0,0,0,0,0,0,0,0,0,0,0,0,0,0,0,0
45,0,0,0,0,0,0,0,0,0,0,0,0,0,0,0,0,0,0,0
46,0,0,0,0,0,0,0,0,0,0,0,0,0,0,0,0,0,0,0
47,0,0,0,0,0,0,0,0,0,0,0,0,0,0,0,0,0,0,0
48,17,44.4,0,443,7,9.92,38.29,63.29,2,2,237,58,143,7,0,45,17,0,0
49,6,11,0,97,2,8.82,33,48.5,0,2,145,23,29,2,0,11,3,0,0
50,28,96.4,0,873,35,9.03,16.57,24.94,6,5,141,198,251,4,1,90,40,5,0
51,3,11,0,107,0,9.73,0,0,1,2,28,19,32,2,0,11,4,0,0
52,27,104.2,5,863,44,8.27,14.23,19.61,0,2,11,286,194,12,3,79,53,7,0
53,19,65.2,1,616,15,9.43,26.13,41.07,3,3,228,147,147,7,1,56,37,0,0
54,25,92,2,762,25,8.28,22.08,30.48,1,2,163,233,199,7,0,69,45,1,0
55,17,55,0,482,13,8.76,25.38,37.08,4,0,221,66,198,6,0,46,14,1,0
56,0,0,0,0,0,0,0,0,0,0,0,0,0,0,0,0,0,0,0
57,0,0,0,0,0,0,0,0,0,0,0,0,0,0,0,0,0,0,0
58,0,0,0,0,0,0,0,0,0,0,0,0,0,0,0,0,0,0,0
59,0,0,0,0,0,0,0,0,0,0,0,0,0,0,0,0,0,0,0
60,0,0,0,0,0,0,0,0,0,0,0,0,0,0,0,0,0,0,0
61,24,52.1,0,415,15,7.96,20.87,27.67,4,0,290,104,147,6,0,42,14,1,0
62,24,78.5,0,686,22,8.7,21.5,31.18,0,3,230,170,201,7,0,57,40,2,0
63,8,28,0,263,5,9.39,33.6,52.6,0,0,124,46,79,3,0,28,11,0,0
64,10,34,1,268,9,7.88,22.67,29.78,2,0,214,76,90,0,0,26,12,0,0
65,12,41,0,351,12,8.56,20.5,29.25,0,1,17,103,92,3,0,21,28,2,0
66,2,8,0,59,1,7.38,48,59,0,0,17,15,25,2,0,3,3,0,0
67,7,28,0,279,9,9.96,18.67,31,1,1,10,59,61,5,0,29,15,1,0
68,1,3,0,34,0,11.33,0,0,0,0,10,7,4,0,0,6,1,0,0
69,0,0,0,0,0,0,0,0,0,0,0,0,0,0,0,0,0,0,0
70,0,0,0,0,0,0,0,0,0,0,0,0,0,0,0,0,0,0,0
71,0,0,0,0,0,0,0,0,0,0,0,0,0,0,0,0,0,0,0
72,3,7,0,63,3,9,14,21,0,0,226,11,21,1,0,7,2,1,0
73,0,0,0,0,0,0,0,0,0,0,0,0,0,0,0,0,0,0,0
74,0,0,0,0,0,0,0,0,0,0,0,0,0,0,0,0,0,0,0
75,2,4,0,29,1,7.25,24,29,0,0,7,9,11,0,0,3,1,0,0
76,4,15.5,0,134,5,8.46,19,26.8,1,0,208,32,43,0,0,15,5,1,0
77,3,11,0,93,3,8.45,22,31,2,0,7,18,33,2,0,12,1,1,0
78,27,100.5,3,921,23,9.13,26.3,40.04,2,1,175,232,215,13,1,98,47,3,0
79,9,33,0,272,10,8.24,19.8,27.2,2,1,182,74,86,3,1,15,19,1,0
80,19,70.4,0,616,16,8.72,26.5,38.5,5,1,32,104,235,2,1,65,18,1,0
81,20,64.3,0,621,10,9.63,38.7,62.1,6,2,64,112,181,5,0,62,29,1,0
82,0,0,0,0,0,0,0,0,0,0,0,0,0,0,0,0,0,0,0
83,0,0,0,0,0,0,0,0,0,0,0,0,0,0,0,0,0,0,0
84,0,0,0,0,0,0,0,0,0,0,0,0,0,0,0,0,0,0,0
85,1,1,0,7,0,7,0,0,0,0,116,2,3,0,0,1,0,0,0
86,0,0,0,0,0,0,0,0,0,0,0,0,0,0,0,0,0,0,0
87,29,78,1,660,25,8.46,18.72,26.4,4,2,26,159,211,8,1,61,30,2,0
88,0,0,0,0,0,0,0,0,0,0,0,0,0,0,0,0,0,0,0
89,19,70,2,538,21,7.69,20,25.62,3,0,23,190,145,3,0,54,28,1,0
90,3,10,0,88,2,8.8,30,44,0,1,23,23,23,1,0,11,3,0,0
91,27,103,1,887,29,8.61,21.31,30.59,4,2,166,254,228,7,1,72,58,3,1
92,24,69,0,578,8,8.38,51.75,72.25,10,4,266,88,258,7,0,49,16,0,0
93,24,91.3,2,801,30,8.75,18.3,26.7,0,1,248,214,211,8,1,63,53,4,0
94,19,50.4,0,456,14,9,21.71,32.57,4,0,142,93,148,3,0,31,29,2,0
95,0,0,0,0,0,0,0,0,0,0,0,0,0,0,0,0,0,0,0
96,0,0,0,0,0,0,0,0,0,0,0,0,0,0,0,0,0,0,0
97,3,3,0,33,0,11,0,0,0,0,161,5,7,1,0,3,2,0,0
98,21,65.5,0,604,17,9.17,23.24,35.53,3,1,289,116,186,5,0,59,28,2,0
99,0,0,0,0,0,0,0,0,0,0,0,0,0,0,0,0,0,0,0
100,0,0,0,0,0,0,0,0,0,0,0,0,0,0,0,0,0,0,0
101,4,6,0,51,0,8.5,0,0,0,0,191,7,23,0,0,4,2,0,0
102,1,1,0,12,0,12,0,0,0,0,225,0,4,0,0,2,0,0,0
103,4,14,0,125,6,8.93,14,20.83,1,1,8,26,39,3,0,12,5,1,0
104,3,11,0,87,5,7.91,13.2,17.4,3,1,12,22,35,0,0,6,4,1,0
105,16,55,0,450,13,8.18,25.38,34.62,1,4,124,111,159,2,0,45,17,1,0
106,17,60,0,627,11,10.45,32.73,57,1,1,148,111,142,8,1,62,36,1,0
107,0,0,0,0,0,0,0,0,0,0,0,0,0,0,0,0,0,0,0
108,7,20.5,0,212,3,10.18,41.67,70.67,0,0,212,45,42,3,0,23,12,0,0
109,0,0,0,0,0,0,0,0,0,0,0,0,0,0,0,0,0,0,0
110,0,0,0,0,0,0,0,0,0,0,0,0,0,0,0,0,0,0,0
111,0,0,0,0,0,0,0,0,0,0,0,0,0,0,0,0,0,0,0
112,23,87.5,0,759,14,8.64,37.64,54.21,10,5,242,139,282,9,0,84,18,1,0
113,18,57.5,0,547,16,9.46,21.69,34.19,2,4,118,98,169,8,0,50,26,1,0
114,11,42.4,0,408,14,9.56,18.29,29.14,2,3,72,105,88,4,1,31,30,0,0
115,3,11,0,96,4,8.73,16.5,24,0,0,44,18,34,1,0,9,4,0,0
116,0,0,0,0,0,0,0,0,0,0,0,0,0,0,0,0,0,0,0
117,9,33,2,223,12,6.76,16.5,18.58,1,0,94,80,88,2,0,19,9,3,0
118,6,22,0,221,3,10.05,44,73.67,0,0,86,36,59,1,0,25,10,0,0
119,0,0,0,0,0,0,0,0,0,0,0,0,0,0,0,0,0,0,0
120,0,0,0,0,0,0,0,0,0,0,0,0,0,0,0,0,0,0,0
121,0,0,0,0,0,0,0,0,0,0,0,0,0,0,0,0,0,0,0
122,0,0,0,0,0,0,0,0,0,0,0,0,0,0,0,0,0,0,0
123,11,34,0,346,5,10.18,40.8,69.2,0,0,45,56,87,7,1,38,15,1,0
124,7,21.2,0,174,9,8.16,14.22,19.33,1,1,39,52,48,0,0,25,4,2,0
125,17,64,0,518,13,8.09,29.54,39.85,2,1,293,144,161,6,0,51,23,0,0
126,21,72.2,0,593,24,8.2,18.08,24.71,1,1,160,174,162,8,1,62,27,2,0
127,0,0,0,0,0,0,0,0,0,0,0,0,0,0,0,0,0,0,0
128,0,0,0,0,0,0,0,0,0,0,0,0,0,0,0,0,0,0,0
129,0,0,0,0,0,0,0,0,0,0,0,0,0,0,0,0,0,0,0
130,9,32,1,301,5,9.41,38.4,60.2,0,2,77,65,79,5,0,27,17,0,0
131,8,25,0,219,8,8.76,18.75,27.38,1,0,37,56,60,2,0,19,13,1,0
132,6,21,0,218,6,10.38,21,36.33,1,0,299,41,47,2,0,22,13,1,0
133,4,7,0,76,0,10.86,0,0,1,0,51,11,17,0,0,13,1,0,0
134,5,14.4,0,125,5,8.52,17.6,25,0,1,69,41,28,0,0,12,8,1,0
135,10,35,0,284,8,8.11,26.25,35.5,4,0,125,79,91,1,0,24,15,0,0
136,0,0,0,0,0,0,0,0,0,0,0,0,0,0,0,0,0,0,0
137,0,0,0,0,0,0,0,0,0,0,0,0,0,0,0,0,0,0,0
138,0,0,0,0,0,0,0,0,0,0,0,0,0,0,0,0,0,0,0
139,2,3,0,35,0,11.67,0,0,1,0,178,2,10,1,0,4,1,0,0
140,13,32.4,0,316,10,9.67,19.6,31.6,1,1,34,61,86,5,0,26,19,2,0
141,13,42,0,379,7,9.02,36,54.14,8,6,302,54,156,2,1,34,11,1,0
142,9,32.1,0,251,13,7.8,14.85,19.31,2,1,38,87,63,4,1,27,11,1,0
143,5,18,0,138,6,7.67,18,23,4,0,34,28,60,4,0,15,1,1,0
144,0,0,0,0,0,0,0,0,0,0,0,0,0,0,0,0,0,0,0
145,6,12,0,129,2,10.75,36,64.5,1,0,157,23,28,1,0,11,9,0,0
146,5,17,1,153,3,9,34,51,0,0,85,38,39,2,0,14,9,1,0
147,0,0,0,0,0,0,0,0,0,0,0,0,0,0,0,0,0,0,0
148,0,0,0,0,0,0,0,0,0,0,0,0,0,0,0,0,0,0,0
149,0,0,0,0,0,0,0,0,0,0,0,0,0,0,0,0,0,0,0
150,1,1,0,15,0,15,0,0,1,0,42,0,4,0,0,1,1,0,0
151,10,38,0,302,13,7.95,17.54,23.23,1,2,33,78,104,4,1,34,8,1,0
152,13,44.2,1,369,5,8.32,53.2,73.8,6,2,91,51,169,7,0,31,9,0,0
153,7,27.5,0,251,6,9.02,27.83,41.83,0,1,66,52,75,1,1,29,9,0,0
154,1,2,0,20,0,10,0,0,0,0,33,3,6,0,0,2,1,0,0
155,0,0,0,0,0,0,0,0,0,0,0,0,0,0,0,0,0,0,0
156,8,30,0,216,8,7.2,22.5,27,2,1,50,75,73,5,0,19,9,1,0
157,4,6,0,60,1,10,36,60,1,0,244,7,19,0,0,10,0,0,0
158,0,0,0,0,0,0,0,0,0,0,0,0,0,0,0,0,0,0,0
159,0,0,0,0,0,0,0,0,0,0,0,0,0,0,0,0,0,0,0
160,0,0,0,0,0,0,0,0,0,0,0,0,0,0,0,0,0,0,0
161,0,0,0,0,0,0,0,0,0,0,0,0,0,0,0,0,0,0,0
162,25,83,0,797,21,9.6,23.71,37.95,2,2,109,192,170,10,1,81,46,1,0
163,18,64.4,0,513,18,7.93,21.56,28.5,3,3,40,123,194,7,0,52,15,2,0
164,9,34,1,279,9,8.21,22.67,31,2,2,247,65,101,1,0,31,8,1,0
165,4,15,0,138,2,9.2,45,69,3,1,49,32,40,0,0,10,9,0,0
166,5,15,0,140,2,9.33,45,70,2,1,70,21,53,0,0,9,8,0,0
167,7,20.1,0,204,4,10.12,30.25,51,2,1,116,30,58,2,0,24,7,1,0
168,2,6,0,53,2,8.83,18,26.5,0,0,54,13,15,0,0,5,3,0,0
169,8,26.5,1,210,5,7.83,32.2,42,1,1,292,65,64,2,0,23,8,0,0
170,0,0,0,0,0,0,0,0,0,0,0,0,0,0,0,0,0,0,0
171,0,0,0,0,0,0,0,0,0,0,0,0,0,0,0,0,0,0,0
172,0,0,0,0,0,0,0,0,0,0,0,0,0,0,0,0,0,0,0
173,0,0,0,0,0,0,0,0,0,0,0,0,0,0,0,0,0,0,0
174,0,0,0,0,0,0,0,0,0,0,0,0,0,0,0,0,0,0,0
175,0,0,0,0,0,0,0,0,0,0,0,0,0,0,0,0,0,0,0
176,1,4,0,36,2,9,12,18,0,0,35,9,8,1,0,5,1,0,0
177,19,62,1,549,16,8.85,23.25,34.31,5,4,231,127,164,7,2,50,26,0,0
178,9,33,0,305,4,9.24,49.5,76.25,4,1,35,40,116,3,0,31,9,0,0
179,9,31,0,230,6,7.42,31,38.33,1,2,53,83,69,4,0,21,11,0,0
180,1,1,0,14,0,14,0,0,1,1,53,1,4,0,0,2,0,0,0
181,6,22,0,163,5,7.41,26.4,32.6,4,0,78,33,81,0,0,15,3,0,0
182,0,0,0,0,0,0,0,0,0,0,0,0,0,0,0,0,0,0,0
183,3,5,0,60,0,12,0,0,0,1,84,6,15,1,0,6,3,0,0
184,0,0,0,0,0,0,0,0,0,0,0,0,0,0,0,0,0,0,0
185,0,0,0,0,0,0,0,0,0,0,0,0,0,0,0,0,0,0,0
186,0,0,0,0,0,0,0,0,0,0,0,0,0,0,0,0,0,0,0
187,0,0,0,0,0,0,0,0,0,0,0,0,0,0,0,0,0,0,0
188,24,91.5,2,779,33,8.48,16.7,23.61,4,6,204,196,245,7,0,72,37,5,0
189,7,24,0,187,3,7.79,48,62.33,1,1,52,33,87,3,0,17,4,0,0
190,5,16,0,173,0,10.81,0,0,0,1,36,30,37,0,1,18,10,0,0
191,4,16,0,142,4,8.88,24,35.5,0,0,73,30,40,4,0,19,3,0,0
192,3,11,0,96,2,8.73,33,48,0,0,73,20,30,1,0,10,4,0,0
193,0,0,0,0,0,0,0,0,0,0,0,0,0,0,0,0,0,0,0
194,0,0,0,0,0,0,0,0,0,0,0,0,0,0,0,0,0,0,0
195,0,0,0,0,0,0,0,0,0,0,0,0,0,0,0,0,0,0,0
196,0,0,0,0,0,0,0,0,0,0,0,0,0,0,0,0,0,0,0
197,0,0,0,0,0,0,0,0,0,0,0,0,0,0,0,0,0,0,0
198,18,72,1,595,17,8.26,25.41,35,1,2,105,174,164,8,2,52,33,0,0
199,5,11,0,109,4,9.91,16.5,27.25,0,0,106,18,31,0,0,12,5,0,0
200,0,0,0,0,0,0,0,0,0,0,0,0,0,0,0,0,0,0,0
201,5,16,0,114,10,7.12,9.6,11.4,0,1,195,41,41,0,0,9,6,2,0
202,1,2,0,20,0,10,0,0,0,1,106,5,5,0,0,2,1,0,0
203,12,41,0,358,10,8.73,24.6,35.8,0,0,131,93,92,4,0,39,17,0,0
204,0,0,0,0,0,0,0,0,0,0,0,0,0,0,0,0,0,0,0
205,0,0,0,0,0,0,0,0,0,0,0,0,0,0,0,0,0,0,0
206,5,16.4,0,135,4,8.1,25,33.75,0,0,143,40,39,2,0,11,8,1,0
207,0,0,0,0,0,0,0,0,0,0,0,0,0,0,0,0,0,0,0
208,0,0,0,0,0,0,0,0,0,0,0,0,0,0,0,0,0,0,0
209,1,3,0,44,0,14.67,0,0,2,2,103,2,12,0,0,4,2,0,0
210,0,0,0,0,0,0,0,0,0,0,0,0,0,0,0,0,0,0,0
211,0,0,0,0,0,0,0,0,0,0,0,0,0,0,0,0,0,0,0
212,1,2,0,24,0,12,0,0,0,0,132,4,4,0,0,2,2,0,0
213,4,15,0,126,4,8.4,22.5,31.5,0,0,104,35,38,0,0,7,10,0,0
214,4,15,0,176,3,11.73,30,58.67,2,0,151,26,34,1,0,18,11,0,0
215,0,0,0,0,0,0,0,0,0,0,0,0,0,0,0,0,0,0,0
216,0,0,0,0,0,0,0,0,0,0,0,0,0,0,0,0,0,0,0
217,1,4,0,50,0,12.5,0,0,0,0,108,6,10,1,0,2,5,0,0
218,0,0,0,0,0,0,0,0,0,0,0,0,0,0,0,0,0,0,0
219,0,0,0,0,0,0,0,0,0,0,0,0,0,0,0,0,0,0,0
220,14,51.1,1,435,16,8.5,19.19,27.19,0,1,205,116,122,5,0,44,21,1,0
221,4,13,0,126,2,9.69,39,63,0,1,107,21,39,2,0,10,7,0,0
222,0,0,0,0,0,0,0,0,0,0,0,0,0,0,0,0,0,0,0
223,3,11.5,0,96,1,8.11,71,96,0,1,123,20,39,2,0,7,4,0,0
224,1,2,0,32,0,16,0,0,0,0,99,1,6,0,0,2,3,0,0
225,14,48.5,0,499,13,10.22,22.54,38.38,0,2,213,94,108,8,3,64,18,2,0
226,9,32,0,274,12,8.56,16,22.83,3,2,160,67,89,1,0,22,15,1,0
227,0,0,0,0,0,0,0,0,0,0,0,0,0,0,0,0,0,0,0
228,6,13,0,99,5,7.62,15.6,19.8,3,0,245,24,42,0,0,9,3,1,0
229,17,64,0,607,18,9.48,21.33,33.72,1,0,113,154,129,4,1,55,41,1,0
230,15,56.4,0,481,20,8.49,17,24.05,1,0,156,129,135,6,1,42,27,2,0
231,1,1,0,7,0,7,0,0,0,0,285,2,3,0,0,1,0,0,0
232,1,3,0,35,0,11.67,0,0,0,1,101,6,6,2,0,3,2,0,0
233,8,28,0,218,13,7.79,12.92,16.77,0,0,155,77,53,5,1,20,12,1,0
234,16,60,2,537,26,8.95,13.85,20.65,6,2,253,150,124,3,1,54,30,3,0
235,6,14.1,0,128,2,9.04,42.5,64,2,0,122,26,42,1,0,7,9,0,0
236,8,22,0,193,1,8.77,132,193,5,3,185,23,89,2,0,17,4,0,0
237,0,0,0,0,0,0,0,0,0,0,0,0,0,0,0,0,0,0,0
238,0,0,0,0,0,0,0,0,0,0,0,0,0,0,0,0,0,0,0
239,0,0,0,0,0,0,0,0,0,0,0,0,0,0,0,0,0,0,0
240,0,0,0,0,0,0,0,0,0,0,0,0,0,0,0,0,0,0,0
241,2,3,0,28,0,9.33,0,0,0,0,165,4,10,0,0,3,1,0,0
242,0,0,0,0,0,0,0,0,0,0,0,0,0,0,0,0,0,0,0
243,5,9,0,80,2,8.89,27,40,0,1,262,16,27,1,0,8,3,0,0
244,0,0,0,0,0,0,0,0,0,0,0,0,0,0,0,0,0,0,0
245,0,0,0,0,0,0,0,0,0,0,0,0,0,0,0,0,0,0,0
246,0,0,0,0,0,0,0,0,0,0,0,0,0,0,0,0,0,0,0
247,0,0,0,0,0,0,0,0,0,0,0,0,0,0,0,0,0,0,0
248,0,0,0,0,0,0,0,0,0,0,0,0,0,0,0,0,0,0,0
249,5,18.3,0,160,8,8.65,13.88,20,0,1,241,43,43,1,0,18,7,1,0
250,6,19.5,1,179,5,9.03,23.8,35.8,1,0,199,46,48,1,0,8,16,0,0
251,4,16,0,131,5,8.19,19.2,26.2,1,1,194,38,39,0,0,15,5,1,0
252,0,0,0,0,0,0,0,0,0,0,0,0,0,0,0,0,0,0,0
253,0,0,0,0,0,0,0,0,0,0,0,0,0,0,0,0,0,0,0
254,0,0,0,0,0,0,0,0,0,0,0,0,0,0,0,0,0,0,0
255,0,0,0,0,0,0,0,0,0,0,0,0,0,0,0,0,0,0,0
256,0,0,0,0,0,0,0,0,0,0,0,0,0,0,0,0,0,0,0
257,10,36.3,1,296,11,8.11,19.91,26.91,1,1,212,102,70,2,0,28,18,1,0
258,5,19,0,154,7,8.11,16.29,22,0,0,251,40,52,1,0,13,8,0,0
259,0,0,0,0,0,0,0,0,0,0,0,0,0,0,0,0,0,0,0
260,1,4,0,40,2,10,12,20,0,0,212,11,6,0,0,4,3,0,0
261,0,0,0,0,0,0,0,0,0,0,0,0,0,0,0,0,0,0,0
262,0,0,0,0,0,0,0,0,0,0,0,0,0,0,0,0,0,0,0
263,0,0,0,0,0,0,0,0,0,0,0,0,0,0,0,0,0,0,0
264,0,0,0,0,0,0,0,0,0,0,0,0,0,0,0,0,0,0,0
265,1,1,0,11,0,11,0,0,0,0,273,1,3,0,0,2,0,0,0
266,0,0,0,0,0,0,0,0,0,0,0,0,0,0,0,0,0,0,0
267,9,23.2,0,220,5,9.43,28,44,0,0,249,44,62,2,0,19,13,0,0
268,9,33,0,263,7,7.97,28.29,37.57,4,3,265,43,127,2,1,23,5,0,0
269,9,34,0,269,10,7.91,20.4,26.9,2,3,249,80,85,5,1,25,11,1,0
270,8,30,0,230,10,7.67,18,23,1,0,245,71,74,2,1,22,10,0,0
271,9,35.5,0,285,15,7.95,14.33,19,1,0,245,94,75,3,1,26,16,1,0
272,0,0,0,0,0,0,0,0,0,0,0,0,0,0,0,0,0,0,0
273,0,0,0,0,0,0,0,0,0,0,0,0,0,0,0,0,0,0,0
274,0,0,0,0,0,0,0,0,0,0,0,0,0,0,0,0,0,0,0
275,2,8,0,75,1,9.38,48,75,0,0,225,18,19,0,0,5,6,0,0
276,0,0,0,0,0,0,0,0,0,0,0,0,0,0,0,0,0,0,0
277,0,0,0,0,0,0,0,0,0,0,0,0,0,0,0,0,0,0,0
278,2,5,0,36,0,7.2,0,0,0,0,280,6,20,0,0,4,0,0,0
279,0,0,0,0,0,0,0,0,0,0,0,0,0,0,0,0,0,0,0
280,6,19.4,0,205,3,10.42,39.33,68.33,1,0,286,37,51,0,1,12,17,0,0
281,6,24,0,215,8,8.96,18,26.88,0,0,254,60,49,3,0,16,16,1,0
282,5,15,0,171,1,11.4,90,171,0,0,226,29,31,3,0,14,13,0,0
283,6,16,0,114,3,7.12,32,38,1,0,230,32,49,2,0,9,4,0,0
284,0,0,0,0,0,0,0,0,0,0,0,0,0,0,0,0,0,0,0
285,0,0,0,0,0,0,0,0,0,0,0,0,0,0,0,0,0,0,0
286,5,13,0,146,1,11.23,78,146,0,0,230,19,36,1,0,12,10,0,0
287,0,0,0,0,0,0,0,0,0,0,0,0,0,0,0,0,0,0,0
288,0,0,0,0,0,0,0,0,0,0,0,0,0,0,0,0,0,0,0
289,0,0,0,0,0,0,0,0,0,0,0,0,0,0,0,0,0,0,0
290,0,0,0,0,0,0,0,0,0,0,0,0,0,0,0,0,0,0,0
291,0,0,0,0,0,0,0,0,0,0,0,0,0,0,0,0,0,0,0
292,2,2,0,26,0,13,0,0,0,0,233,3,4,0,0,4,1,0,0
293,0,0,0,0,0,0,0,0,0,0,0,0,0,0,0,0,0,0,0
294,5,18,2,145,7,8.06,15.43,20.71,0,0,242,51,31,4,0,13,9,1,0
295,8,28,0,260,10,9.29,16.8,26,2,0,233,61,62,6,0,25,14,1,0
296,4,14,0,134,2,9.57,42,67,0,0,293,20,44,0,0,15,5,0,0
297,0,0,0,0,0,0,0,0,0,0,0,0,0,0,0,0,0,0,0
298,0,0,0,0,0,0,0,0,0,0,0,0,0,0,0,0,0,0,0
299,0,0,0,0,0,0,0,0,0,0,0,0,0,0,0,0,0,0,0
300,0,0,0,0,0,0,0,0,0,0,0,0,0,0,0,0,0,0,0
301,3,6,0,57,0,9.5,0,0,0,0,278,7,21,0,0,6,2,0,0
302,0,0,0,0,0,0,0,0,0,0,0,0,0,0,0,0,0,0,0
303,2,6,0,56,0,9.33,0,0,0,2,277,10,20,0,0,7,1,0,0
304,4,16,0,152,5,9.5,19.2,30.4,0,1,271,39,35,1,0,9,13,0,0
305,0,0,0,0,0,0,0,0,0,0,0,0,0,0,0,0,0,0,0
306,2,8,0,52,3,6.5,16,17.33,0,0,283,17,24,1,0,5,1,0,0
307,0,0,0,0,0,0,0,0,0,0,0,0,0,0,0,0,0,0,0
308,0,0,0,0,0,0,0,0,0,0,0,0,0,0,0,0,0,0,0
309,0,0,0,0,0,0,0,0,0,0,0,0,0,0,0,0,0,0,0
310,0,0,0,0,0,0,0,0,0,0,0,0,0,0,0,0,0,0,0
311,0,0,0,0,0,0,0,0,0,0,0,0,0,0,0,0,0,0,0
312,0,0,0,0,0,0,0,0,0,0,0,0,0,0,0,0,0,0,0
313,2,8,0,93,2,11.62,24,46.5,0,0,287,12,19,1,0,12,4,0,0
314,0,0,0,0,0,0,0,0,0,0,0,0,0,0,0,0,0,0,0
315,3,12,0,82,6,6.83,12,13.67,1,0,280,31,29,2,0,6,4,1,0
316,3,12,1,105,6,8.75,12,17.5,0,2,274,33,25,2,0,5,9,1,0
317,0,0,0,0,0,0,0,0,0,0,0,0,0,0,0,0,0,0,0
318,2,4,0,43,0,10.75,0,0,1,1,272,5,13,1,0,5,1,0,0
319,2,7,0,60,2,8.57,21,30,0,0,296,14,20,0,0,4,4,0,0
320,1,3,0,30,0,10,0,0,0,0,302,7,6,0,0,3,2,0,0
321,0,0,0,0,0,0,0,0,0,0,0,0,0,0,0,0,0,0,0
322,0,0,0,0,0,0,0,0,0,0,0,0,0,0,0,0,0,0,0
323,0,0,0,0,0,0,0,0,0,0,0,0,0,0,0,0,0,0,0
324,0,0,0,0,0,0,0,0,0,0,0,0,0,0,0,0,0,0,0
325,0,0,0,0,0,0,0,0,0,0,0,0,0,0,0,0,0,0,0
326,0,0,0,0,0,0,0,0,0,0,0,0,0,0,0,0,0,0,0
327,0,0,0,0,0,0,0,0,0,0,0,0,0,0,0,0,0,0,0
328,0,0,0,0,0,0,0,0,0,0,0,0,0,0,0,0,0,0,0
329,0,0,0,0,0,0,0,0,0,0,0,0,0,0,0,0,0,0,0
330,0,0,0,0,0,0,0,0,0,0,0,0,0,0,0,0,0,0,0
331,0,0,0,0,0,0,0,0,0,0,0,0,0,0,0,0,0,0,0
332,0,0,0,0,0,0,0,0,0,0,0,0,0,0,0,0,0,0,0
333,0,0,0,0,0,0,0,0,0,0,0,0,0,0,0,0,0,0,0
334,0,0,0,0,0,0,0,0,0,0,0,0,0,0,0,0,0,0,0
335,0,0,0,0,0,0,0,0,0,0,0,0,0,0,0,0,0,0,0
336,0,0,0,0,0,0,0,0,0,0,0,0,0,0,0,0,0,0,0
337,0,0,0,0,0,0,0,0,0,0,0,0,0,0,0,0,0,0,0
338,0,0,0,0,0,0,0,0,0,0,0,0,0,0,0,0,0,0,0
339,0,0,0,0,0,0,0,0,0,0,0,0,0,0,0,0,0,0,0
340,0,0,0,0,0,0,0,0,0,0,0,0,0,0,0,0,0,0,0
341,0,0,0,0,0,0,0,0,0,0,0,0,0,0,0,0,0,0,0
342,0,0,0,0,0,0,0,0,0,0,0,0,0,0,0,0,0,0,0
343,0,0,0,0,0,0,0,0,0,0,0,0,0,0,0,0,0,0,0
344,0,0,0,0,0,0,0,0,0,0,0,0,0,0,0,0,0,0,0
345,0,0,0,0,0,0,0,0,0,0,0,0,0,0,0,0,0,0,0
346,0,0,0,0,0,0,0,0,0,0,0,0,0,0,0,0,0,0,0
347,0,0,0,0,0,0,0,0,0,0,0,0,0,0,0,0,0,0,0
348,0,0,0,0,0,0,0,0,0,0,0,0,0,0,0,0,0,0,0
349,0,0,0,0,0,0,0,0,0,0,0,0,0,0,0,0,0,0,0
350,0,0,0,0,0,0,0,0,0,0,0,0,0,0,0,0,0,0,0
351,0,0,0,0,0,0,0,0,0,0,0,0,0,0,0,0,0,0,0
352,0,0,0,0,0,0,0,0,0,0,0,0,0,0,0,0,0,0,0
353,0,0,0,0,0,0,0,0,0,0,0,0,0,0,0,0,0,0,0
354,0,0,0,0,0,0,0,0,0,0,0,0,0,0,0,0,0,0,0
355,0,0,0,0,0,0,0,0,0,0,0,0,0,0,0,0,0,0,0
356,0,0,0,0,0,0,0,0,0,0,0,0,0,0,0,0,0,0,0
357,0,0,0,0,0,0,0,0,0,0,0,0,0,0,0,0,0,0,0
358,0,0,0,0,0,0,0,0,0,0,0,0,0,0,0,0,0,0,0
359,0,0,0,0,0,0,0,0,0,0,0,0,0,0,0,0,0,0,0
360,0,0,0,0,0,0,0,0,0,0,0,0,0,0,0,0,0,0,0