p_id,m_id,won,captain,team_id
11,1,1,0,1
12,1,1,0,1
10,1,1,0,1
13,1,1,0,1
6,1,1,0,1
16,1,0,0,2
17,1,0,0,2
18,1,0,0,2
20,1,0,0,2
21,1,0,1,2
22,1,0,0,2
19,1,0,0,2
1,1,1,0,1
2,1,1,0,1
4,1,1,0,1
3,1,1,1,1
5,1,1,0,1
25,1,0,0,2
27,1,0,0,2
24,1,0,0,2
23,1,0,0,2
94,2,0,0,7
91,2,0,0,7
92,2,0,0,7
93,2,0,0,7
87,2,0,0,7
89,2,0,0,7
43,2,1,0,4
44,2,1,0,4
46,2,1,0,4
45,2,1,1,4
48,2,1,0,4
83,2,0,0,7
84,2,0,0,7
86,2,0,1,7
85,2,0,0,7
88,2,0,0,7
53,2,1,0,4
51,2,1,0,4
52,2,1,0,4
50,2,1,0,4
49,2,1,0,4
67,3,0,0,5
64,3,0,0,5
61,3,0,0,5
65,3,0,0,5
62,3,0,1,5
66,3,0,0,5
28,3,1,1,3
29,3,1,0,3
32,3,1,0,3
30,3,1,0,3
33,3,1,0,3
57,3,0,0,5
58,3,0,0,5
56,3,0,0,5
60,3,0,0,5
59,3,0,0,5
38,3,1,0,3
35,3,1,0,3
36,3,1,0,3
37,3,1,0,3
77,4,0,0,6
75,4,0,0,6
78,4,0,0,6
80,4,0,0,6
81,4,0,0,6
79,4,0,0,6
97,4,1,0,8
96,4,1,0,8
99,4,1,0,8
100,4,1,0,8
98,4,1,0,8
101,4,1,0,8
102,4,1,0,8
105,4,1,0,8
104,4,1,1,8
71,4,0,0,6
70,4,0,0,6
72,4,0,0,6
73,4,0,1,6
74,4,0,0,6
103,4,1,0,8
106,4,1,0,8
26,5,0,0,2
19,5,0,0,2
22,5,0,0,2
25,5,0,0,2
23,5,0,0,2
24,5,0,0,2
56,5,1,0,5
57,5,1,0,5
58,5,1,0,5
60,5,1,0,5
63,5,1,0,5
59,5,1,0,5
17,5,0,0,2
18,5,0,0,2
20,5,0,0,2
16,5,0,0,2
21,5,0,1,2
65,5,1,0,5
62,5,1,1,5
64,5,1,0,5
67,5,1,0,5
68,5,1,0,5
48,6,1,0,4
50,6,1,0,4
51,6,1,0,4
53,6,1,0,4
52,6,1,0,4
96,6,0,0,8
98,6,0,0,8
97,6,0,0,8
99,6,0,0,8
102,6,0,0,8
101,6,0,0,8
100,6,0,0,8
43,6,1,0,4
45,6,1,1,4
46,6,1,0,4
44,6,1,0,4
47,6,1,0,4
49,6,1,0,4
104,6,0,1,8
106,6,0,0,8
105,6,0,0,8
103,6,0,0,8
35,7,0,0,3
36,7,0,0,3
33,7,0,0,3
32,7,0,0,3
37,7,0,0,3
39,7,0,0,3
1,7,1,0,1
2,7,1,0,1
4,7,1,0,1
3,7,1,1,1
8,7,1,0,1
6,7,1,0,1
28,7,0,1,3
29,7,0,0,3
31,7,0,0,3
30,7,0,0,3
34,7,0,0,3
12,7,1,0,1
14,7,1,0,1
10,7,1,0,1
13,7,1,0,1
87,8,0,0,7
89,8,0,0,7
90,8,0,0,7
91,8,0,0,7
93,8,0,0,7
92,8,0,0,7
71,8,1,0,6
73,8,1,1,6
74,8,1,0,6
72,8,1,0,6
75,8,1,0,6
77,8,1,0,6
82,8,1,0,6
76,8,1,0,6
83,8,0,0,7
85,8,0,0,7
86,8,0,1,7
88,8,0,0,7
84,8,0,0,7
81,8,1,0,6
78,8,1,0,6
80,8,1,0,6
65,9,0,0,5
66,9,0,0,5
63,9,0,0,5
64,9,0,0,5
62,9,0,1,5
67,9,0,0,5
1,9,1,0,1
2,9,1,0,1
4,9,1,0,1
3,9,1,1,1
7,9,1,0,1
8,9,1,0,1
9,9,1,0,1
6,9,1,0,1
56,9,0,0,5
58,9,0,0,5
69,9,0,0,5
60,9,0,0,5
59,9,0,0,5
14,9,1,0,1
13,9,1,0,1
12,9,1,0,1
77,10,0,0,6
78,10,0,0,6
80,10,0,0,6
76,10,0,0,6
75,10,0,0,6
81,10,0,0,6
43,10,1,0,4
45,10,1,1,4
44,10,1,0,4
72,10,0,0,6
73,10,0,1,6
74,10,0,0,6
82,10,0,0,6
71,10,0,0,6
48,10,1,0,4
49,10,1,0,4
52,10,1,0,4
55,10,1,0,4
50,10,1,0,4
54,10,1,0,4
36,11,0,0,3
38,11,0,0,3
32,11,0,0,3
41,11,0,0,3
35,11,0,0,3
16,11,1,0,2
17,11,1,0,2
19,11,1,0,2
18,11,1,0,2
20,11,1,0,2
21,11,1,1,2
22,11,1,0,2
29,11,0,0,3
28,11,0,1,3
31,11,0,0,3
40,11,0,0,3
30,11,0,0,3
34,11,0,0,3
25,11,1,0,2
24,11,1,0,2
26,11,1,0,2
23,11,1,0,2
87,12,1,0,7
89,12,1,0,7
93,12,1,0,7
90,12,1,0,7
91,12,1,0,7
92,12,1,0,7
96,12,0,0,8
97,12,0,0,8
98,12,0,0,8
99,12,0,0,8
107,12,0,0,8
100,12,0,0,8
103,12,0,0,8
105,12,0,0,8
108,12,0,0,8
104,12,0,1,8
106,12,0,0,8
95,12,1,0,7
85,12,1,0,7
84,12,1,0,7
86,12,1,1,7
88,12,1,0,7
6,13,1,0,1
12,13,1,0,1
9,13,1,0,1
10,13,1,0,1
13,13,1,0,1
84,13,0,0,7
85,13,0,0,7
83,13,0,0,7
86,13,0,1,7
88,13,0,0,7
87,13,0,0,7
89,13,0,0,7
1,13,1,0,1
2,13,1,0,1
3,13,1,1,1
8,13,1,0,1
7,13,1,0,1
4,13,1,0,1
91,13,0,0,7
93,13,0,0,7
90,13,0,0,7
92,13,0,0,7
32,14,1,0,3
35,14,1,0,3
38,14,1,0,3
37,14,1,0,3
36,14,1,0,3
33,14,1,0,3
44,14,0,0,4
45,14,0,1,4
46,14,0,0,4
47,14,0,0,4
43,14,0,0,4
48,14,0,0,4
28,14,1,1,3
29,14,1,0,3
31,14,1,0,3
52,14,0,0,4
53,14,0,0,4
50,14,0,0,4
49,14,0,0,4
51,14,0,0,4
38,15,1,0,3
35,15,1,0,3
36,15,1,0,3
32,15,1,0,3
37,15,1,0,3
33,15,1,0,3
2,15,0,0,1
3,15,0,1,1
4,15,0,0,1
7,15,0,0,1
1,15,0,0,1
8,15,0,0,1
6,15,0,0,1
10,15,0,0,1
13,15,0,0,1
9,15,0,0,1
12,15,0,0,1
29,15,1,0,3
31,15,1,0,3
28,15,1,1,3
42,15,1,0,3
113,16,0,0,21
112,16,0,0,21
114,16,0,0,21
10,16,0,0,21
115,16,0,0,21
5,16,0,0,21
120,16,1,0,22
121,16,1,0,22
122,16,1,0,22
15,16,1,0,22
73,16,1,0,22
9,16,1,0,22
123,16,1,0,22
8,16,1,1,22
84,16,0,0,21
29,16,0,1,21
111,16,0,0,21
109,16,0,0,21
125,16,1,0,22
124,16,1,0,22
80,16,1,0,22
154,17,0,0,25
152,17,0,0,25
91,17,0,0,25
87,17,0,0,25
151,17,0,0,25
153,17,0,0,25
2,17,1,1,24
71,17,1,0,24
138,17,1,0,24
6,17,1,0,24
137,17,1,0,24
140,17,1,0,24
139,17,1,0,24
147,17,0,1,25
88,17,0,0,25
31,17,0,0,25
148,17,0,0,25
149,17,0,0,25
142,17,1,0,24
141,17,1,0,24
12,17,1,0,24
143,17,1,0,24
130,19,1,0,23
94,19,1,0,23
132,19,1,0,23
131,19,1,0,23
13,19,1,0,23
33,19,1,0,23
2,19,0,1,24
137,19,0,0,24
138,19,0,0,24
139,19,0,0,24
6,19,0,0,24
71,19,0,0,24
140,19,0,0,24
127,19,1,0,23
128,19,1,0,23
3,19,1,1,23
60,19,1,0,23
129,19,1,0,23
12,19,0,0,24
141,19,0,0,24
143,19,0,0,24
142,19,0,0,24
80,20,1,0,22
9,20,1,0,22
124,20,1,0,22
123,20,1,0,22
126,20,1,0,22
125,20,1,0,22
56,20,0,0,26
1,20,0,1,26
160,20,0,0,26
159,20,0,0,26
161,20,0,0,26
162,20,0,0,26
59,20,0,0,26
163,20,0,0,26
166,20,0,0,26
167,20,0,0,26
120,20,1,0,22
121,20,1,0,22
15,20,1,0,22
122,20,1,0,22
8,20,1,1,22
14,20,0,0,26
191,21,1,0,28
189,21,1,0,28
61,21,1,0,28
188,21,1,0,28
190,21,1,0,28
11,21,1,0,28
88,21,0,0,25
148,21,0,0,25
31,21,0,0,25
147,21,0,1,25
186,21,1,0,28
184,21,1,0,28
151,21,0,0,25
150,21,0,0,25
87,21,0,0,25
91,21,0,0,25
153,21,0,0,25
152,21,0,0,25
13,22,0,0,23
130,22,0,0,23
33,22,0,0,23
132,22,0,0,23
131,22,0,0,23
54,22,0,0,23
94,22,0,0,23
84,22,1,0,21
109,22,1,0,21
5,22,1,0,21
29,22,1,1,21
110,22,1,0,21
112,22,1,0,21
113,22,1,0,21
127,22,0,0,23
3,22,0,1,23
129,22,0,0,23
128,22,0,0,23
114,22,1,0,21
115,22,1,0,21
10,22,1,0,21
9,23,1,0,22
123,23,1,0,22
126,23,1,0,22
125,23,1,0,22
80,23,1,0,22
71,23,0,0,24
2,23,0,1,24
137,23,0,0,24
6,23,0,0,24
144,23,0,0,24
139,23,0,0,24
141,23,0,0,24
140,23,0,0,24
73,23,1,0,22
120,23,1,0,22
121,23,1,0,22
15,23,1,0,22
8,23,1,1,22
122,23,1,0,22
12,23,0,0,24
142,23,0,0,24
143,23,0,0,24
10,24,0,0,21
112,24,0,0,21
115,24,0,0,21
114,24,0,0,21
113,24,0,0,21
5,24,0,0,21
172,24,1,0,27
4,24,1,0,27
171,24,1,0,27
173,24,1,1,27
84,24,0,0,21
29,24,0,1,21
110,24,0,0,21
109,24,0,0,21
116,24,0,0,21
179,24,1,0,27
177,24,1,0,27
81,24,1,0,27
178,24,1,0,27
78,24,1,0,27
14,25,0,0,26
162,25,0,0,26
163,25,0,1,26
164,25,0,0,26
165,25,0,0,26
88,25,1,0,25
147,25,1,1,25
87,25,1,0,25
148,25,1,0,25
31,25,1,0,25
56,25,0,0,26
159,25,0,0,26
160,25,0,0,26
1,25,0,0,26
59,25,0,0,26
161,25,0,0,26
156,25,1,0,25
153,25,1,0,25
152,25,1,0,25
91,25,1,0,25
151,25,1,0,25
130,26,0,0,23
94,26,0,0,23
131,26,0,0,23
133,26,0,0,23
54,26,0,0,23
33,26,0,0,23
13,26,0,0,23
188,26,1,0,28
184,26,1,0,28
61,26,1,0,28
186,26,1,0,28
7,26,1,1,28
3,26,0,1,23
127,26,0,0,23
128,26,0,0,23
190,26,1,0,28
53,26,1,0,28
189,26,1,0,28
11,26,1,0,28
179,27,1,0,27
78,27,1,0,27
81,27,1,0,27
177,27,1,0,27
180,27,1,0,27
178,27,1,0,27
56,27,0,0,26
159,27,0,0,26
59,27,0,0,26
1,27,0,0,26
82,27,0,0,26
161,27,0,0,26
163,27,0,1,26
172,27,1,0,27
171,27,1,0,27
173,27,1,1,27
174,27,1,0,27
4,27,1,0,27
168,27,0,0,26
166,27,0,0,26
165,27,0,0,26
14,27,0,0,26
123,28,1,0,22
9,28,1,0,22
80,28,1,0,22
126,28,1,0,22
125,28,1,0,22
127,28,0,0,23
3,28,0,1,23
128,28,0,0,23
94,28,0,0,23
33,28,0,0,23
133,28,0,0,23
129,28,0,0,23
73,28,1,0,22
121,28,1,0,22
120,28,1,0,22
122,28,1,0,22
13,28,0,0,23
134,28,0,0,23
131,28,0,0,23
130,28,0,0,23
12,29,0,0,24
140,29,0,0,24
145,29,0,0,24
141,29,0,0,24
6,29,0,0,24
143,29,0,0,24
1,29,1,0,26
159,29,1,0,26
56,29,1,0,26
82,29,1,0,26
161,29,1,0,26
162,29,1,0,26
71,29,0,0,24
57,29,0,0,24
137,29,0,0,24
144,29,0,0,24
2,29,0,1,24
169,29,1,0,26
14,29,1,0,26
167,29,1,0,26
163,29,1,1,26
166,29,1,0,26
81,30,1,0,27
177,30,1,0,27
179,30,1,0,27
181,30,1,0,27
178,30,1,0,27
78,30,1,0,27
184,30,0,0,28
186,30,0,0,28
185,30,0,0,28
187,30,0,0,28
61,30,0,0,28
7,30,0,1,28
171,30,1,0,27
172,30,1,0,27
180,30,1,0,27
4,30,1,0,27
173,30,1,1,27
11,30,0,0,28
190,30,0,0,28
189,30,0,0,28
53,30,0,0,28
188,30,0,0,28
91,31,1,0,25
67,31,1,0,25
152,31,1,0,25
151,31,1,0,25
156,31,1,0,25
29,31,0,1,21
45,31,0,0,21
109,31,0,0,21
84,31,0,0,21
149,31,1,0,25
148,31,1,0,25
31,31,1,1,25
147,31,1,0,25
150,31,1,0,25
87,31,1,0,25
112,31,0,0,21
114,31,0,0,21
118,31,0,0,21
10,31,0,0,21
117,31,0,0,21
12,32,1,0,24
142,32,1,0,24
6,32,1,0,24
37,32,1,0,24
141,32,1,0,24
140,32,1,0,24
171,32,0,0,27
173,32,0,1,27
172,32,0,0,27
174,32,0,0,27
177,32,0,0,27
81,32,0,0,27
78,32,0,0,27
4,32,0,0,27
2,32,1,1,24
137,32,1,0,24
71,32,1,0,24
139,32,1,0,24
138,32,1,0,24
179,32,0,0,27
181,32,0,0,27
178,32,0,0,27
124,33,0,0,22
80,33,0,0,22
9,33,0,0,22
50,33,0,0,22
126,33,0,0,22
125,33,0,0,22
147,33,1,0,25
157,33,1,0,25
148,33,1,0,25
87,33,1,0,25
31,33,1,1,25
150,33,1,0,25
120,33,0,0,22
121,33,0,0,22
73,33,0,0,22
122,33,0,0,22
8,33,0,1,22
152,33,1,0,25
156,33,1,0,25
153,33,1,0,25
91,33,1,0,25
151,33,1,0,25
61,34,0,0,28
189,34,0,0,28
190,34,0,0,28
188,34,0,0,28
191,34,0,0,28
192,34,0,0,28
84,34,1,0,21
29,34,1,1,21
109,34,1,0,21
45,34,1,0,21
185,34,0,0,28
184,34,0,0,28
187,34,0,0,28
186,34,0,0,28
7,34,0,1,28
5,34,1,0,21
118,34,1,0,21
10,34,1,0,21
112,34,1,0,21
114,34,1,0,21
117,34,1,0,21
133,35,1,0,23
130,35,1,0,23
13,35,1,0,23
131,35,1,0,23
33,35,1,0,23
134,35,1,0,23
56,35,0,0,26
1,35,0,0,26
82,35,0,0,26
159,35,0,0,26
162,35,0,0,26
161,35,0,0,26
163,35,0,1,26
127,35,1,0,23
3,35,1,1,23
128,35,1,0,23
49,35,1,0,23
129,35,1,0,23
169,35,0,0,26
14,35,0,0,26
166,35,0,0,26
167,35,0,0,26
152,36,1,0,25
156,36,1,0,25
153,36,1,0,25
67,36,1,0,25
151,36,1,0,25
119,36,0,0,21
29,36,0,1,21
45,36,0,0,21
109,36,0,0,21
98,36,0,0,21
5,36,0,0,21
157,36,1,0,25
147,36,1,0,25
148,36,1,0,25
150,36,1,0,25
155,36,1,0,25
31,36,1,1,25
112,36,0,0,21
114,36,0,0,21
10,36,0,0,21
117,36,0,0,21
191,37,1,0,28
192,37,1,0,28
188,37,1,0,28
189,37,1,0,28
11,37,1,0,28
61,37,1,0,28
73,37,0,0,22
120,37,0,0,22
122,37,0,0,22
8,37,0,1,22
9,37,0,0,22
123,37,0,0,22
126,37,0,0,22
121,37,0,0,22
124,37,0,0,22
125,37,0,0,22
184,37,1,0,28
185,37,1,0,28
187,37,1,0,28
80,37,0,0,22
37,38,1,0,24
141,38,1,0,24
142,38,1,0,24
12,38,1,0,24
6,38,1,0,24
140,38,1,0,24
1,38,0,0,26
56,38,0,0,26
170,38,0,0,26
59,38,0,0,26
159,38,0,0,26
162,38,0,0,26
71,38,1,0,24
137,38,1,0,24
138,38,1,0,24
2,38,1,1,24
139,38,1,0,24
14,38,0,0,26
168,38,0,0,26
163,38,0,1,26
165,38,0,0,26
135,39,1,0,23
130,39,1,0,23
13,39,1,0,23
54,39,1,0,23
131,39,1,0,23
172,39,0,0,27
173,39,0,1,27
174,39,0,0,27
171,39,0,0,27
81,39,0,0,27
4,39,0,0,27
177,39,0,0,27
78,39,0,0,27
127,39,1,0,23
128,39,1,0,23
60,39,1,0,23
3,39,1,1,23
181,39,0,0,27
178,39,0,0,27
179,39,0,0,27
192,40,0,0,28
189,40,0,0,28
188,40,0,0,28
191,40,0,0,28
61,40,0,0,28
11,40,0,0,28
71,40,1,0,24
2,40,1,1,24
6,40,1,0,24
184,40,0,0,28
185,40,0,0,28
7,40,0,1,28
187,40,0,0,28
193,40,0,0,28
141,40,1,0,24
140,40,1,0,24
143,40,1,0,24
12,40,1,0,24
142,40,1,0,24
152,41,1,0,25
151,41,1,0,25
156,41,1,0,25
67,41,1,0,25
91,41,1,0,25
3,41,0,1,23
128,41,0,0,23
60,41,0,0,23
127,41,0,0,23
94,41,0,0,23
157,41,1,0,25
148,41,1,0,25
147,41,1,0,25
150,41,1,0,25
31,41,1,1,25
54,41,0,0,23
131,41,0,0,23
130,41,0,0,23
13,41,0,0,23
133,41,0,0,23
50,42,1,0,22
124,42,1,0,22
126,42,1,0,22
125,42,1,0,22
9,42,1,0,22
80,42,1,0,22
171,42,0,0,27
173,42,0,1,27
174,42,0,0,27
4,42,0,0,27
172,42,0,0,27
81,42,0,0,27
183,42,0,0,27
78,42,0,0,27
181,42,0,0,27
179,42,0,0,27
177,42,0,0,27
73,42,1,0,22
120,42,1,0,22
121,42,1,0,22
122,42,1,0,22
8,42,1,1,22
12,43,0,0,24
146,43,0,0,24
141,43,0,0,24
142,43,0,0,24
6,43,0,0,24
140,43,0,0,24
29,43,1,1,21
45,43,1,0,21
109,43,1,0,21
5,43,1,0,21
110,43,1,0,21
84,43,1,0,21
112,43,1,0,21
2,43,0,1,24
71,43,0,0,24
137,43,0,0,24
138,43,0,0,24
139,43,0,0,24
10,43,1,0,21
117,43,1,0,21
114,43,1,0,21
118,43,1,0,21
52,44,0,0,27
178,44,0,0,27
177,44,0,0,27
179,44,0,0,27
181,44,0,0,27
157,44,1,0,25
147,44,1,0,25
148,44,1,0,25
150,44,1,0,25
155,44,1,0,25
151,44,1,0,25
158,44,1,0,25
171,44,0,0,27
172,44,0,0,27
174,44,0,0,27
173,44,0,1,27
175,44,0,0,27
4,44,0,0,27
156,44,1,0,25
152,44,1,0,25
67,44,1,0,25
55,44,1,0,25
14,45,0,0,26
167,45,0,0,26
163,45,0,1,26
165,45,0,0,26
162,45,0,0,26
43,45,1,0,21
45,45,1,1,21
109,45,1,0,21
119,45,1,0,21
1,45,0,0,26
56,45,0,0,26
159,45,0,0,26
59,45,0,0,26
170,45,0,0,26
161,45,0,0,26
113,45,1,0,21
118,45,1,0,21
114,45,1,0,21
10,45,1,0,21
112,45,1,0,21
153,46,1,0,25
91,46,1,0,25
87,46,1,0,25
152,46,1,0,25
151,46,1,0,25
156,46,1,0,25
73,46,0,0,22
121,46,0,0,22
120,46,0,0,22
122,46,0,0,22
9,46,0,0,22
8,46,0,1,22
126,46,0,0,22
124,46,0,0,22
123,46,0,0,22
88,46,1,0,25
148,46,1,0,25
31,46,1,1,25
147,46,1,0,25
80,46,0,0,22
125,46,0,0,22
142,47,0,0,24
141,47,0,0,24
37,47,0,0,24
12,47,0,0,24
6,47,0,0,24
84,47,1,0,21
45,47,1,0,21
29,47,1,1,21
5,47,1,0,21
109,47,1,0,21
112,47,1,0,21
2,47,0,1,24
137,47,0,0,24
138,47,0,0,24
71,47,0,0,24
140,47,0,0,24
139,47,0,0,24
10,47,1,0,21
114,47,1,0,21
118,47,1,0,21
117,47,1,0,21
126,48,0,0,22
124,48,0,0,22
80,48,0,0,22
123,48,0,0,22
125,48,0,0,22
9,48,0,0,22
29,48,1,1,21
45,48,1,0,21
119,48,1,0,21
5,48,1,0,21
109,48,1,0,21
120,48,0,0,22
73,48,0,0,22
121,48,0,0,22
122,48,0,0,22
8,48,0,1,22
114,48,1,0,21
117,48,1,0,21
112,48,1,0,21
113,48,1,0,21
10,48,1,0,21
91,49,1,0,25
153,49,1,0,25
87,49,1,0,25
152,49,1,0,25
156,49,1,0,25
151,49,1,0,25
29,49,0,1,21
45,49,0,0,21
84,49,0,0,21
5,49,0,0,21
112,49,0,0,21
119,49,0,0,21
109,49,0,0,21
88,49,1,0,25
148,49,1,0,25
147,49,1,0,25
114,49,0,0,21
117,49,0,0,21
10,49,0,0,21
118,49,0,0,21
28,50,1,0,41
227,50,1,0,41
3,50,1,1,41
121,50,1,0,41
148,50,1,0,41
62,50,1,0,41
228,50,1,0,41
130,50,1,0,41
229,50,1,0,41
38,50,1,0,41
230,50,1,0,41
29,50,0,1,40
18,50,0,0,40
19,50,0,0,40
59,50,0,0,40
32,50,0,0,40
6,50,0,0,40
23,50,0,0,40
224,50,0,0,40
135,50,0,0,40
41,50,0,0,40
225,50,0,0,40
84,51,0,0,39
56,51,0,0,39
222,51,0,0,39
109,51,0,0,39
88,51,0,0,39
86,51,0,1,39
48,51,0,0,39
112,51,0,0,39
163,51,0,0,39
14,51,0,0,39
106,51,0,0,39
71,51,1,0,42
231,51,1,0,42
85,51,1,0,42
173,51,1,1,42
60,51,1,0,42
9,51,1,0,42
22,51,1,0,42
54,51,1,0,42
232,51,1,0,42
11,51,1,0,42
12,51,1,0,42
188,52,1,0,35
210,52,1,0,35
30,52,1,0,35
211,52,1,0,35
212,52,1,0,35
139,52,1,1,35
183,52,1,0,35
35,52,1,0,35
213,52,1,0,35
78,52,1,0,35
214,52,1,0,35
2,52,0,1,34
1,52,0,0,34
184,52,0,0,34
207,52,0,0,34
208,52,0,0,34
61,52,0,0,34
81,52,0,0,34
91,52,0,0,34
25,52,0,0,34
26,52,0,0,34
209,52,0,0,34
159,53,1,0,32
199,53,1,0,32
74,53,1,0,32
200,53,1,0,32
128,53,1,1,32
201,53,1,0,32
50,53,1,0,32
202,53,1,0,32
10,53,1,0,32
92,53,1,0,32
203,53,1,0,32
195,53,0,0,31
194,53,0,0,31
197,53,0,0,31
196,53,0,0,31
5,53,0,0,31
113,53,0,1,31
145,53,0,0,31
177,53,0,0,31
36,53,0,0,31
198,53,0,0,31
93,53,0,0,31
83,54,1,0,37
73,54,1,0,37
40,54,1,0,37
138,54,1,0,37
8,54,1,1,37
49,54,1,0,37
63,54,1,0,37
27,54,1,0,37
217,54,1,0,37
52,54,1,0,37
13,54,1,0,37
157,54,0,0,38
218,54,0,0,38
45,54,0,1,38
33,54,0,0,38
219,54,0,0,38
34,54,0,0,38
220,54,0,0,38
125,54,0,0,38
117,54,0,0,38
65,54,0,0,38
221,54,0,0,38
180,55,1,0,33
204,55,1,0,33
95,55,1,0,33
46,55,1,1,33
205,55,1,0,33
98,55,1,0,33
140,55,1,0,33
89,55,1,0,33
206,55,1,0,33
39,55,1,0,33
79,55,1,0,33
215,55,0,0,36
216,55,0,0,36
31,55,0,1,36
87,55,0,0,36
7,55,0,0,36
82,55,0,0,36
94,55,0,0,36
162,55,0,0,36
24,55,0,0,36
152,55,0,0,36
53,55,0,0,36
88,56,0,0,39
56,56,0,0,39
222,56,0,0,39
84,56,0,0,39
86,56,0,1,39
109,56,0,0,39
112,56,0,0,39
163,56,0,0,39
223,56,0,0,39
14,56,0,0,39
179,56,0,0,39
29,56,1,1,40
18,56,1,0,40
32,56,1,0,40
19,56,1,0,40
59,56,1,0,40
6,56,1,0,40
23,56,1,0,40
41,56,1,0,40
225,56,1,0,40
226,56,1,0,40
126,56,1,0,40
78,18,1,0,27
177,18,1,0,27
178,18,1,0,27
176,18,1,0,27
179,18,1,0,27
184,18,0,0,28
186,18,0,0,28
185,18,0,0,28
7,18,0,1,28
61,18,0,0,28
187,18,0,0,28
188,18,0,0,28
189,18,0,0,28
11,18,0,0,28
53,18,0,0,28
172,18,1,0,27
173,18,1,1,27
171,18,1,0,27
174,18,1,0,27
4,18,1,0,27
190,18,0,0,28
219,57,0,0,38
157,57,0,0,38
45,57,0,1,38
33,57,0,0,38
218,57,0,0,38
175,57,0,0,38
220,57,0,0,38
125,57,0,0,38
221,57,0,0,38
181,57,0,0,38
142,57,0,0,38
28,57,1,0,41
227,57,1,0,41
3,57,1,1,41
121,57,1,0,41
148,57,1,0,41
228,57,1,0,41
62,57,1,0,41
229,57,1,0,41
38,57,1,0,41
230,57,1,0,41
55,57,1,0,41
71,58,1,0,42
231,58,1,0,42
85,58,1,1,42
173,58,1,0,42
60,58,1,0,42
9,58,1,0,42
22,58,1,0,42
54,58,1,0,42
167,58,1,0,42
11,58,1,0,42
12,58,1,0,42
83,58,0,0,37
138,58,0,0,37
73,58,0,0,37
40,58,0,0,37
8,58,0,1,37
49,58,0,0,37
63,58,0,0,37
105,58,0,0,37
27,58,0,0,37
52,58,0,0,37
13,58,0,0,37
195,59,1,0,31
194,59,1,0,31
196,59,1,0,31
145,59,1,0,31
197,59,1,0,31
5,59,1,0,31
113,59,1,1,31
36,59,1,0,31
198,59,1,0,31
93,59,1,0,31
158,59,1,0,31
188,59,0,0,35
210,59,0,0,35
211,59,0,0,35
30,59,0,0,35
139,59,0,1,35
212,59,0,0,35
64,59,0,0,35
35,59,0,0,35
213,59,0,0,35
78,59,0,0,35
214,59,0,0,35
180,60,0,0,33
204,60,0,0,33
95,60,0,0,33
46,60,0,1,33
98,60,0,0,33
205,60,0,0,33
140,60,0,0,33
89,60,0,0,33
206,60,0,0,33
39,60,0,0,33
164,60,0,0,33
159,60,1,0,32
199,60,1,0,32
200,60,1,0,32
74,60,1,0,32
128,60,1,1,32
201,60,1,0,32
50,60,1,0,32
233,60,1,0,32
10,60,1,0,32
92,60,1,0,32
203,60,1,0,32
2,61,0,1,34
1,61,0,0,34
184,61,0,0,34
208,61,0,0,34
110,61,0,0,34
61,61,0,0,34
81,61,0,0,34
91,61,0,0,34
25,61,0,0,34
235,61,0,0,34
234,61,0,0,34
215,61,1,0,36
216,61,1,0,36
31,61,1,1,36
87,61,1,0,36
7,61,1,0,36
82,61,1,0,36
94,61,1,0,36
162,61,1,0,36
152,61,1,0,36
53,61,1,0,36
134,61,1,0,36
83,62,1,0,37
138,62,1,0,37
73,62,1,0,37
40,62,1,0,37
8,62,1,1,37
49,62,1,0,37
63,62,1,0,37
27,62,1,0,37
52,62,1,0,37
13,62,1,0,37
105,62,1,0,37
43,62,0,0,39
88,62,0,0,39
56,62,0,0,39
84,62,0,0,39
86,62,0,1,39
109,62,0,0,39
48,62,0,0,39
112,62,0,0,39
163,62,0,0,39
223,62,0,0,39
14,62,0,0,39
157,63,0,0,38
219,63,0,0,38
45,63,0,1,38
218,63,0,0,38
33,63,0,0,38
175,63,0,0,38
220,63,0,0,38
125,63,0,0,38
141,63,0,0,38
65,63,0,0,38
221,63,0,0,38
29,63,1,1,40
18,63,1,0,40
19,63,1,0,40
59,63,1,0,40
6,63,1,0,40
32,63,1,0,40
135,63,1,0,40
23,63,1,0,40
41,63,1,0,40
225,63,1,0,40
126,63,1,0,40
180,64,0,0,33
204,64,0,0,33
95,64,0,0,33
46,64,0,1,33
98,64,0,0,33
205,64,0,0,33
140,64,0,0,33
89,64,0,0,33
206,64,0,0,33
79,64,0,0,33
80,64,0,0,33
184,64,1,0,34
2,64,1,1,34
1,64,1,0,34
208,64,1,0,34
61,64,1,0,34
81,64,1,0,34
91,64,1,0,34
26,64,1,0,34
110,64,1,0,34
235,64,1,0,34
234,64,1,0,34
71,65,0,0,42
231,65,0,0,42
85,65,0,1,42
173,65,0,0,42
60,65,0,0,42
9,65,0,0,42
22,65,0,0,42
54,65,0,0,42
11,65,0,0,42
12,65,0,0,42
167,65,0,0,42
28,65,1,0,41
227,65,1,0,41
3,65,1,1,41
121,65,1,0,41
148,65,1,0,41
228,65,1,0,41
62,65,1,0,41
130,65,1,0,41
229,65,1,0,41
38,65,1,0,41
230,65,1,0,41
188,66,0,0,35
210,66,0,0,35
30,66,0,0,35
211,66,0,0,35
237,66,0,0,35
139,66,0,1,35
212,66,0,0,35
183,66,0,0,35
35,66,0,0,35
213,66,0,0,35
78,66,0,0,35
159,66,1,0,32
199,66,1,0,32
200,66,1,0,32
128,66,1,1,32
74,66,1,0,32
201,66,1,0,32
50,66,1,0,32
10,66,1,0,32
203,66,1,0,32
233,66,1,0,32
236,66,1,0,32
215,67,0,0,36
216,67,0,0,36
31,67,0,1,36
87,67,0,0,36
7,67,0,0,36
82,67,0,0,36
162,67,0,0,36
94,67,0,0,36
152,67,0,0,36
24,67,0,0,36
53,67,0,0,36
195,67,1,0,31
194,67,1,0,31
196,67,1,0,31
197,67,1,0,31
5,67,1,0,31
113,67,1,1,31
145,67,1,0,31
177,67,1,0,31
36,67,1,0,31
198,67,1,0,31
93,67,1,0,31
83,68,0,0,37
138,68,0,0,37
8,68,0,1,37
73,68,0,0,37
49,68,0,0,37
40,68,0,0,37
63,68,0,0,37
27,68,0,0,37
52,68,0,0,37
13,68,0,0,37
105,68,0,0,37
28,68,1,0,41
227,68,1,0,41
3,68,1,1,41
121,68,1,0,41
148,68,1,0,41
228,68,1,0,41
62,68,1,0,41
229,68,1,0,41
38,68,1,0,41
230,68,1,0,41
55,68,1,0,41
71,69,0,0,42
231,69,0,0,42
85,69,0,1,42
173,69,0,0,42
60,69,0,0,42
9,69,0,0,42
22,69,0,0,42
54,69,0,0,42
11,69,0,0,42
12,69,0,0,42
167,69,0,0,42
29,69,1,1,40
18,69,1,0,40
19,69,1,0,40
59,69,1,0,40
32,69,1,0,40
6,69,1,0,40
135,69,1,0,40
23,69,1,0,40
41,69,1,0,40
225,69,1,0,40
226,69,1,0,40
195,70,1,0,31
194,70,1,0,31
196,70,1,0,31
197,70,1,0,31
5,70,1,0,31
113,70,1,1,31
145,70,1,0,31
177,70,1,0,31
36,70,1,0,31
198,70,1,0,31
93,70,1,0,31
2,70,0,1,34
184,70,0,0,34
1,70,0,0,34
208,70,0,0,34
61,70,0,0,34
110,70,0,0,34
235,70,0,0,34
81,70,0,0,34
91,70,0,0,34
26,70,0,0,34
234,70,0,0,34
215,71,0,0,36
216,71,0,0,36
31,71,0,1,36
87,71,0,0,36
7,71,0,0,36
82,71,0,0,36
94,71,0,0,36
162,71,0,0,36
24,71,0,0,36
53,71,0,0,36
134,71,0,0,36
159,71,1,0,32
199,71,1,0,32
200,71,1,0,32
128,71,1,1,32
74,71,1,0,32
201,71,1,0,32
50,71,1,0,32
10,71,1,0,32
92,71,1,0,32
203,71,1,0,32
233,71,1,0,32
210,72,0,0,35
30,72,0,0,35
211,72,0,0,35
237,72,0,0,35
139,72,0,1,35
212,72,0,0,35
64,72,0,0,35
188,72,0,0,35
35,72,0,0,35
213,72,0,0,35
78,72,0,0,35
180,72,1,0,33
204,72,1,0,33
95,72,1,0,33
46,72,1,1,33
98,72,1,0,33
205,72,1,0,33
140,72,1,0,33
89,72,1,0,33
206,72,1,0,33
39,72,1,0,33
80,72,1,0,33
29,73,0,1,40
18,73,0,0,40
19,73,0,0,40
32,73,0,0,40
59,73,0,0,40
6,73,0,0,40
23,73,0,0,40
126,73,0,0,40
135,73,0,0,40
41,73,0,0,40
225,73,0,0,40
83,73,1,0,37
138,73,1,0,37
73,73,1,0,37
8,73,1,1,37
40,73,1,0,37
49,73,1,0,37
63,73,1,0,37
27,73,1,0,37
52,73,1,0,37
13,73,1,0,37
105,73,1,0,37
43,74,0,0,39
88,74,0,0,39
84,74,0,0,39
86,74,0,1,39
109,74,0,0,39
48,74,0,0,39
112,74,0,0,39
163,74,0,0,39
223,74,0,0,39
14,74,0,0,39
106,74,0,0,39
157,74,1,0,38
238,74,1,0,38
45,74,1,1,38
219,74,1,0,38
33,74,1,0,38
34,74,1,0,38
220,74,1,0,38
125,74,1,0,38
117,74,1,0,38
221,74,1,0,38
131,74,1,0,38
239,75,0,0,33
180,75,0,0,33
95,75,0,0,33
46,75,0,1,33
205,75,0,0,33
98,75,0,0,33
140,75,0,0,33
89,75,0,0,33
206,75,0,0,33
80,75,0,0,33
132,75,0,0,33
194,75,1,0,31
195,75,1,0,31
196,75,1,0,31
197,75,1,0,31
5,75,1,0,31
113,75,1,1,31
145,75,1,0,31
177,75,1,0,31
36,75,1,0,31
198,75,1,0,31
93,75,1,0,31
216,76,0,0,36
147,76,0,0,36
31,76,0,1,36
87,76,0,0,36
162,76,0,0,36
82,76,0,0,36
94,76,0,0,36
24,76,0,0,36
53,76,0,0,36
134,76,0,0,36
99,76,0,0,36
210,76,1,0,35
30,76,1,0,35
211,76,1,0,35
237,76,1,0,35
139,76,1,1,35
212,76,1,0,35
188,76,1,0,35
35,76,1,0,35
78,76,1,0,35
214,76,1,0,35
64,76,1,0,35
2,77,1,1,34
1,77,1,0,34
184,77,1,0,34
61,77,1,0,34
208,77,1,0,34
110,77,1,0,34
81,77,1,0,34
91,77,1,0,34
26,77,1,0,34
234,77,1,0,34
166,77,1,0,34
159,77,0,0,32
199,77,0,0,32
74,77,0,0,32
128,77,0,1,32
200,77,0,0,32
201,77,0,0,32
50,77,0,0,32
10,77,0,0,32
92,77,0,0,32
203,77,0,0,32
233,77,0,0,32
28,78,1,0,41
227,78,1,0,41
3,78,1,1,41
121,78,1,0,41
228,78,1,0,41
148,78,1,0,41
62,78,1,0,41
229,78,1,0,41
38,78,1,0,41
230,78,1,0,41
178,78,1,0,41
159,78,0,0,32
199,78,0,0,32
200,78,0,0,32
74,78,0,0,32
128,78,0,1,32
201,78,0,0,32
50,78,0,0,32
233,78,0,0,32
10,78,0,0,32
92,78,0,0,32
203,78,0,0,32
29,79,1,1,40
18,79,1,0,40
19,79,1,0,40
6,79,1,0,40
32,79,1,0,40
59,79,1,0,40
126,79,1,0,40
135,79,1,0,40
23,79,1,0,40
41,79,1,0,40
225,79,1,0,40
194,79,0,0,31
195,79,0,0,31
196,79,0,0,31
197,79,0,0,31
113,79,0,1,31
5,79,0,0,31
145,79,0,0,31
177,79,0,0,31
36,79,0,0,31
198,79,0,0,31
93,79,0,0,31
29,80,1,1,40
18,80,1,0,40
32,80,1,0,40
6,80,1,0,40
19,80,1,0,40
59,80,1,0,40
135,80,1,0,40
23,80,1,0,40
41,80,1,0,40
226,80,1,0,40
126,80,1,0,40
28,80,0,0,41
227,80,0,0,41
3,80,0,1,41
121,80,0,0,41
228,80,0,0,41
148,80,0,0,41
62,80,0,0,41
178,80,0,0,41
229,80,0,0,41
230,80,0,0,41
38,80,0,0,41
2,81,1,0,1
1,81,1,0,1
3,81,1,1,1
4,81,1,0,1
173,81,1,0,1
9,81,1,0,1
6,81,1,0,1
126,81,1,0,1
10,81,1,0,1
12,81,1,0,1
13,81,1,0,1
96,81,0,1,8
100,81,0,0,8
97,81,0,0,8
99,81,0,0,8
98,81,0,0,8
101,81,0,0,8
254,81,0,0,8
103,81,0,0,8
105,81,0,0,8
108,81,0,0,8
106,81,0,0,8
57,82,0,0,5
56,82,0,0,5
60,82,0,0,5
59,82,0,0,5
139,82,0,1,5
61,82,0,0,5
62,82,0,0,5
123,82,0,0,5
64,82,0,0,5
188,82,0,0,5
250,82,0,0,5
43,82,1,0,4
180,82,1,0,4
45,82,1,1,4
205,82,1,0,4
231,82,1,0,4
48,82,1,0,4
50,82,1,0,4
220,82,1,0,4
54,82,1,0,4
55,82,1,0,4
52,82,1,0,4
83,83,1,0,7
88,83,1,0,7
222,83,1,0,7
84,83,1,0,7
87,83,1,0,7
86,83,1,1,7
162,83,1,0,7
91,83,1,0,7
225,83,1,0,7
92,83,1,0,7
93,83,1,0,7
216,83,0,0,2
18,83,0,1,2
16,83,0,0,2
19,83,0,0,2
201,83,0,0,2
23,83,0,0,2
241,83,0,0,2
22,83,0,0,2
27,83,0,0,2
230,83,0,0,2
26,83,0,0,2
28,84,1,1,3
29,84,1,0,3
31,84,1,0,3
195,84,1,0,3
32,84,1,0,3
33,84,1,0,3
226,84,1,0,3
35,84,1,0,3
36,84,1,0,3
39,84,1,0,3
198,84,1,0,3
71,84,0,0,6
72,84,0,0,6
73,84,0,1,6
128,84,0,0,6
82,84,0,0,6
74,84,0,0,6
81,84,0,0,6
251,84,0,0,6
78,84,0,0,6
229,84,0,0,6
80,84,0,0,6
1,85,1,0,1
2,85,1,0,1
3,85,1,1,1
4,85,1,0,1
173,85,1,0,1
6,85,1,0,1
9,85,1,0,1
126,85,1,0,1
10,85,1,0,1
12,85,1,0,1
13,85,1,0,1
58,85,0,0,5
56,85,0,0,5
60,85,0,0,5
59,85,0,0,5
139,85,0,1,5
62,85,0,0,5
61,85,0,0,5
123,85,0,0,5
188,85,0,0,5
65,85,0,0,5
234,85,0,0,5
83,86,0,0,7
88,86,0,0,7
222,86,0,0,7
84,86,0,0,7
87,86,0,0,7
86,86,0,1,7
162,86,0,0,7
91,86,0,0,7
92,86,0,0,7
93,86,0,0,7
89,86,0,0,7
43,86,1,0,4
205,86,1,0,4
45,86,1,1,4
46,86,1,0,4
231,86,1,0,4
48,86,1,0,4
50,86,1,0,4
220,86,1,0,4
54,86,1,0,4
55,86,1,0,4
52,86,1,0,4
96,87,1,1,8
100,87,1,0,8
97,87,1,0,8
98,87,1,0,8
99,87,1,0,8
101,87,1,0,8
254,87,1,0,8
105,87,1,0,8
108,87,1,0,8
106,87,1,0,8
258,87,1,0,8
28,87,0,1,3
29,87,0,0,3
31,87,0,0,3
32,87,0,0,3
33,87,0,0,3
195,87,0,0,3
35,87,0,0,3
36,87,0,0,3
39,87,0,0,3
226,87,0,0,3
203,87,0,0,3
216,88,1,0,2
18,88,1,1,2
16,88,1,0,2
19,88,1,0,2
201,88,1,0,2
23,88,1,0,2
241,88,1,0,2
22,88,1,0,2
27,88,1,0,2
26,88,1,0,2
25,88,1,0,2
71,88,0,0,6
72,88,0,0,6
73,88,0,1,6
128,88,0,0,6
82,88,0,0,6
74,88,0,0,6
81,88,0,0,6
251,88,0,0,6
78,88,0,0,6
229,88,0,0,6
80,88,0,0,6
58,89,1,0,5
56,89,1,0,5
60,89,1,0,5
59,89,1,0,5
139,89,1,1,5
61,89,1,0,5
62,89,1,0,5
188,89,1,0,5
65,89,1,0,5
234,89,1,0,5
63,89,1,0,5
28,89,0,1,3
29,89,0,0,3
31,89,0,0,3
195,89,0,0,3
32,89,0,0,3
199,89,0,0,3
33,89,0,0,3
233,89,0,0,3
35,89,0,0,3
39,89,0,0,3
198,89,0,0,3
2,90,1,0,1
172,90,1,0,1
3,90,1,1,1
4,90,1,0,1
173,90,1,0,1
6,90,1,0,1
9,90,1,0,1
126,90,1,0,1
10,90,1,0,1
12,90,1,0,1
13,90,1,0,1
216,90,0,0,2
18,90,0,1,2
16,90,0,0,2
19,90,0,0,2
201,90,0,0,2
23,90,0,0,2
241,90,0,0,2
22,90,0,0,2
27,90,0,0,2
25,90,0,0,2
26,90,0,0,2
71,91,0,0,6
72,91,0,0,6
73,91,0,1,6
74,91,0,0,6
128,91,0,0,6
82,91,0,0,6
81,91,0,0,6
78,91,0,0,6
229,91,0,0,6
79,91,0,0,6
80,91,0,0,6
43,91,1,0,4
205,91,1,0,4
45,91,1,1,4
46,91,1,0,4
231,91,1,0,4
48,91,1,0,4
50,91,1,0,4
220,91,1,0,4
54,91,1,0,4
55,91,1,0,4
52,91,1,0,4
96,92,0,1,8
100,92,0,0,8
97,92,0,0,8
99,92,0,0,8
98,92,0,0,8
101,92,0,0,8
254,92,0,0,8
105,92,0,0,8
108,92,0,0,8
106,92,0,0,8
257,92,0,0,8
83,92,1,0,7
88,92,1,0,7
222,92,1,0,7
84,92,1,0,7
87,92,1,0,7
86,92,1,1,7
162,92,1,0,7
91,92,1,0,7
92,92,1,0,7
89,92,1,0,7
94,92,1,0,7
57,93,1,0,5
58,93,1,0,5
60,93,1,0,5
59,93,1,0,5
139,93,1,1,5
61,93,1,0,5
62,93,1,0,5
123,93,1,0,5
188,93,1,0,5
65,93,1,0,5
234,93,1,0,5
71,93,0,0,6
72,93,0,0,6
73,93,0,1,6
128,93,0,0,6
74,93,0,0,6
82,93,0,0,6
81,93,0,0,6
78,93,0,0,6
229,93,0,0,6
79,93,0,0,6
236,93,0,0,6
172,94,1,0,1
2,94,1,0,1
3,94,1,1,1
4,94,1,0,1
173,94,1,0,1
6,94,1,0,1
9,94,1,0,1
126,94,1,0,1
10,94,1,0,1
12,94,1,0,1
13,94,1,0,1
43,94,0,0,4
205,94,0,0,4
45,94,0,1,4
46,94,0,0,4
231,94,0,0,4
48,94,0,0,4
50,94,0,0,4
220,94,0,0,4
54,94,0,0,4
55,94,0,0,4
52,94,0,0,4
88,95,0,0,7
83,95,0,0,7
222,95,0,0,7
84,95,0,0,7
86,95,0,1,7
87,95,0,0,7
162,95,0,0,7
225,95,0,0,7
91,95,0,0,7
93,95,0,0,7
92,95,0,0,7
28,95,1,1,3
29,95,1,0,3
31,95,1,0,3
195,95,1,0,3
32,95,1,0,3
33,95,1,0,3
35,95,1,0,3
36,95,1,0,3
226,95,1,0,3
203,95,1,0,3
233,95,1,0,3
216,96,1,0,2
18,96,1,1,2
16,96,1,0,2
19,96,1,0,2
27,96,1,0,2
201,96,1,0,2
23,96,1,0,2
22,96,1,0,2
241,96,1,0,2
26,96,1,0,2
25,96,1,0,2
96,96,0,1,8
100,96,0,0,8
97,96,0,0,8
98,96,0,0,8
99,96,0,0,8
101,96,0,0,8
254,96,0,0,8
105,96,0,0,8
108,96,0,0,8
106,96,0,0,8
257,96,0,0,8
71,97,0,0,6
72,97,0,0,6
74,97,0,0,6
128,97,0,1,6
82,97,0,0,6
81,97,0,0,6
251,97,0,0,6
78,97,0,0,6
79,97,0,0,6
236,97,0,0,6
76,97,0,0,6
88,97,1,0,7
227,97,1,0,7
87,97,1,0,7
84,97,1,0,7
86,97,1,1,7
162,97,1,0,7
91,97,1,0,7
225,97,1,0,7
92,97,1,0,7
93,97,1,0,7
253,97,1,0,7
43,98,0,0,4
245,98,0,0,4
45,98,0,1,4
46,98,0,0,4
231,98,0,0,4
48,98,0,0,4
50,98,0,0,4
220,98,0,0,4
54,98,0,0,4
55,98,0,0,4
52,98,0,0,4
216,98,1,0,2
18,98,1,1,2
16,98,1,0,2
19,98,1,0,2
201,98,1,0,2
23,98,1,0,2
22,98,1,0,2
241,98,1,0,2
27,98,1,0,2
230,98,1,0,2
25,98,1,0,2
1,99,1,0,1
172,99,1,0,1
3,99,1,1,1
4,99,1,0,1
173,99,1,0,1
6,99,1,0,1
9,99,1,0,1
126,99,1,0,1
10,99,1,0,1
12,99,1,0,1
13,99,1,0,1
29,99,0,0,3
28,99,0,1,3
31,99,0,0,3
195,99,0,0,3
32,99,0,0,3
33,99,0,0,3
233,99,0,0,3
35,99,0,0,3
36,99,0,0,3
226,99,0,0,3
203,99,0,0,3
96,100,0,1,8
100,100,0,0,8
97,100,0,0,8
98,100,0,0,8
99,100,0,0,8
101,100,0,0,8
105,100,0,0,8
108,100,0,0,8
106,100,0,0,8
258,100,0,0,8
257,100,0,0,8
57,100,1,0,5
56,100,1,0,5
60,100,1,0,5
59,100,1,0,5
139,100,1,1,5
61,100,1,0,5
62,100,1,0,5
188,100,1,0,5
250,100,1,0,5
65,100,1,0,5
234,100,1,0,5
88,101,0,0,7
227,101,0,0,7
87,101,0,0,7
84,101,0,0,7
86,101,0,1,7
94,101,0,0,7
162,101,0,0,7
91,101,0,0,7
225,101,0,0,7
92,101,0,0,7
253,101,0,0,7
1,101,1,0,1
172,101,1,0,1
3,101,1,1,1
4,101,1,0,1
6,101,1,0,1
173,101,1,0,1
9,101,1,0,1
126,101,1,0,1
10,101,1,0,1
12,101,1,0,1
13,101,1,0,1
57,102,1,0,5
56,102,1,0,5
60,102,1,0,5
59,102,1,0,5
139,102,1,1,5
61,102,1,0,5
62,102,1,0,5
188,102,1,0,5
250,102,1,0,5
65,102,1,0,5
234,102,1,0,5
18,102,0,1,2
216,102,0,0,2
16,102,0,0,2
19,102,0,0,2
201,102,0,0,2
21,102,0,0,2
23,102,0,0,2
241,102,0,0,2
27,102,0,0,2
25,102,0,0,2
26,102,0,0,2
28,103,0,1,3
29,103,0,0,3
31,103,0,0,3
195,103,0,0,3
32,103,0,0,3
33,103,0,0,3
36,103,0,0,3
35,103,0,0,3
39,103,0,0,3
226,103,0,0,3
203,103,0,0,3
43,103,1,0,4
245,103,1,0,4
45,103,1,1,4
46,103,1,0,4
231,103,1,0,4
48,103,1,0,4
50,103,1,0,4
220,103,1,0,4
54,103,1,0,4
55,103,1,0,4
52,103,1,0,4
71,104,1,0,6
72,104,1,0,6
74,104,1,0,6
237,104,1,0,6
128,104,1,1,6
252,104,1,0,6
81,104,1,0,6
251,104,1,0,6
76,104,1,0,6
229,104,1,0,6
80,104,1,0,6
2,104,0,1,1
172,104,0,0,1
1,104,0,0,1
137,104,0,0,1
148,104,0,0,1
6,104,0,0,1
135,104,0,0,1
141,104,0,0,1
12,104,0,0,1
14,104,0,0,1
214,104,0,0,1
18,105,1,1,2
216,105,1,0,2
16,105,1,0,2
19,105,1,0,2
201,105,1,0,2
23,105,1,0,2
241,105,1,0,2
27,105,1,0,2
230,105,1,0,2
26,105,1,0,2
25,105,1,0,2
29,105,0,0,3
184,105,0,0,3
31,105,0,0,3
195,105,0,1,3
32,105,0,0,3
33,105,0,0,3
199,105,0,0,3
35,105,0,0,3
39,105,0,0,3
198,105,0,0,3
203,105,0,0,3
96,106,0,1,8
100,106,0,0,8
97,106,0,0,8
98,106,0,0,8
99,106,0,0,8
101,106,0,0,8
105,106,0,0,8
108,106,0,0,8
106,106,0,0,8
257,106,0,0,8
260,106,0,0,8
43,106,1,0,4
245,106,1,0,4
45,106,1,1,4
46,106,1,0,4
231,106,1,0,4
48,106,1,0,4
50,106,1,0,4
220,106,1,0,4
54,106,1,0,4
53,106,1,0,4
52,106,1,0,4
57,107,0,0,5
56,107,0,0,5
60,107,0,0,5
59,107,0,0,5
139,107,0,1,5
61,107,0,0,5
62,107,0,0,5
64,107,0,0,5
188,107,0,0,5
250,107,0,0,5
65,107,0,0,5
88,107,1,0,7
227,107,1,0,7
87,107,1,0,7
84,107,1,0,7
86,107,1,1,7
253,107,1,0,7
94,107,1,0,7
89,107,1,0,7
225,107,1,0,7
92,107,1,0,7
93,107,1,0,7
43,108,0,0,4
245,108,0,0,4
45,108,0,1,4
46,108,0,0,4
231,108,0,0,4
48,108,0,0,4
50,108,0,0,4
220,108,0,0,4
54,108,0,0,4
55,108,0,0,4
52,108,0,0,4
1,108,1,0,1
172,108,1,0,1
3,108,1,1,1
4,108,1,0,1
173,108,1,0,1
6,108,1,0,1
9,108,1,0,1
126,108,1,0,1
10,108,1,0,1
12,108,1,0,1
13,108,1,0,1
204,109,1,0,5
56,109,1,0,5
60,109,1,0,5
59,109,1,0,5
139,109,1,1,5
61,109,1,0,5
62,109,1,0,5
64,109,1,0,5
188,109,1,0,5
250,109,1,0,5
65,109,1,0,5
88,109,0,0,7
227,109,0,0,7
87,109,0,0,7
84,109,0,0,7
86,109,0,1,7
253,109,0,0,7
94,109,0,0,7
225,109,0,0,7
91,109,0,0,7
93,109,0,0,7
92,109,0,0,7
204,110,0,0,5
56,110,0,0,5
60,110,0,0,5
59,110,0,0,5
61,110,0,0,5
139,110,0,1,5
62,110,0,0,5
64,110,0,0,5
123,110,0,0,5
188,110,0,0,5
250,110,0,0,5
43,110,1,0,4
245,110,1,0,4
45,110,1,1,4
46,110,1,0,4
231,110,1,0,4
48,110,1,0,4
50,110,1,0,4
220,110,1,0,4
54,110,1,0,4
52,110,1,0,4
49,110,1,0,4
2,111,0,0,1
172,111,0,0,1
3,111,0,1,1
4,111,0,0,1
173,111,0,0,1
6,111,0,0,1
9,111,0,0,1
126,111,0,0,1
10,111,0,0,1
12,111,0,0,1
13,111,0,0,1
43,111,1,0,4
245,111,1,0,4
45,111,1,1,4
46,111,1,0,4
231,111,1,0,4
48,111,1,0,4
50,111,1,0,4
220,111,1,0,4
54,111,1,0,4
55,111,1,0,4
52,111,1,0,4
262,112,0,0,10
263,112,0,0,10
228,112,0,0,10
264,112,0,0,10
265,112,0,1,10
266,112,0,0,10
267,112,0,0,10
268,112,0,0,10
269,112,0,0,10
270,112,0,0,10
271,112,0,0,10
28,112,1,1,3
29,112,1,0,3
261,112,1,0,3
31,112,1,0,3
32,112,1,0,3
195,112,1,0,3
71,113,1,0,6
237,113,1,1,6
197,113,1,0,6
72,113,1,0,6
272,113,1,0,6
82,113,1,0,6
273,113,0,0,8
100,113,0,0,8
97,113,0,0,8
98,113,0,1,8
105,113,0,0,8
256,113,0,0,8
274,113,0,0,8
102,113,0,0,8
276,114,0,0,4
245,114,0,0,4
45,114,0,1,4
246,114,0,0,4
231,114,0,0,4
48,114,0,0,4
50,114,0,0,4
54,114,0,0,4
55,114,0,0,4
52,114,0,0,4
53,114,0,0,4
216,114,1,0,2
18,114,1,1,2
277,114,1,0,2
278,114,1,0,2
243,114,1,0,2
23,114,1,0,2
279,114,1,0,2
280,114,1,0,2
230,114,1,0,2
26,114,1,0,2
281,114,1,0,2
283,115,0,0,5
284,115,0,0,5
57,115,0,0,5
59,115,0,1,5
62,115,0,0,5
60,115,0,0,5
285,115,0,0,5
286,115,0,0,5
234,115,0,0,5
249,115,0,0,5
146,115,0,0,5
88,115,1,1,7
194,115,1,0,7
222,115,1,0,7
87,115,1,0,7
287,115,1,0,7
157,115,1,0,7
94,115,1,0,7
162,115,1,0,7
89,115,1,0,7
93,115,1,0,7
92,115,1,0,7
71,116,0,0,6
237,116,0,1,6
197,116,0,0,6
72,116,0,0,6
272,116,0,0,6
82,116,0,0,6
282,116,0,0,6
296,116,0,0,6
78,116,0,0,6
229,116,0,0,6
236,116,0,0,6
1,116,1,0,1
2,116,1,1,1
3,116,1,0,1
137,116,1,0,1
6,116,1,0,1
10,116,1,0,1
14,116,1,0,1
7,116,1,0,1
177,116,1,0,1
163,116,1,0,1
169,116,1,0,1
216,117,0,0,2
18,117,0,1,2
277,117,0,0,2
278,117,0,0,2
279,117,0,0,2
243,117,0,0,2
23,117,0,0,2
280,117,0,0,2
26,117,0,0,2
281,117,0,0,2
230,117,0,0,2
288,117,1,0,9
289,117,1,0,9
290,117,1,0,9
291,117,1,0,9
292,117,1,0,9
293,117,1,0,9
113,117,1,1,9
112,117,1,0,9
164,117,1,0,9
294,117,1,0,9
295,117,1,0,9
273,118,0,0,8
100,118,0,0,8
97,118,0,0,8
98,118,0,1,8
256,118,0,0,8
105,118,0,0,8
274,118,0,0,8
102,118,0,0,8
257,118,0,0,8
106,118,0,0,8
258,118,0,0,8
28,118,1,1,3
29,118,1,0,3
261,118,1,0,3
31,118,1,0,3
32,118,1,0,3
195,118,1,0,3
33,118,1,0,3
35,118,1,0,3
36,118,1,0,3
39,118,1,0,3
198,118,1,0,3
284,119,0,0,5
283,119,0,0,5
57,119,0,0,5
285,119,0,0,5
59,119,0,1,5
60,119,0,0,5
62,119,0,0,5
234,119,0,0,5
286,119,0,0,5
249,119,0,0,5
146,119,0,0,5
276,119,1,0,4
245,119,1,0,4
45,119,1,1,4
231,119,1,0,4
246,119,1,0,4
48,119,1,0,4
50,119,1,0,4
54,119,1,0,4
55,119,1,0,4
52,119,1,0,4
53,119,1,0,4
1,120,0,0,1
2,120,0,1,1
3,120,0,0,1
137,120,0,0,1
6,120,0,0,1
10,120,0,0,1
14,120,0,0,1
7,120,0,0,1
177,120,0,0,1
163,120,0,0,1
169,120,0,0,1
28,120,1,1,3
29,120,1,0,3
261,120,1,0,3
31,120,1,0,3
32,120,1,0,3
195,120,1,0,3
33,120,1,0,3
35,120,1,0,3
36,120,1,0,3
39,120,1,0,3
198,120,1,0,3
288,121,1,0,9
289,121,1,0,9
290,121,1,0,9
291,121,1,0,9
293,121,1,0,9
292,121,1,0,9
112,121,1,0,9
113,121,1,1,9
164,121,1,0,9
294,121,1,0,9
295,121,1,0,9
284,121,0,0,5
57,121,0,0,5
283,121,0,0,5
59,121,0,1,5
62,121,0,0,5
60,121,0,0,5
285,121,0,0,5
286,121,0,0,5
234,121,0,0,5
146,121,0,0,5
249,121,0,0,5
88,122,1,1,7
194,122,1,0,7
222,122,1,0,7
87,122,1,0,7
157,122,1,0,7
94,122,1,0,7
287,122,1,0,7
162,122,1,0,7
92,122,1,0,7
93,122,1,0,7
89,122,1,0,7
276,122,0,0,4
245,122,0,0,4
45,122,0,1,4
231,122,0,0,4
246,122,0,0,4
48,122,0,0,4
50,122,0,0,4
54,122,0,0,4
55,122,0,0,4
52,122,0,0,4
53,122,0,0,4
273,123,0,0,8
100,123,0,0,8
97,123,0,0,8
98,123,0,1,8
256,123,0,0,8
274,123,0,0,8
105,123,0,0,8
102,123,0,0,8
257,123,0,0,8
258,123,0,0,8
106,123,0,0,8
262,123,1,0,10
263,123,1,0,10
228,123,1,0,10
239,123,1,0,10
264,123,1,0,10
265,123,1,1,10
267,123,1,0,10
268,123,1,0,10
269,123,1,0,10
270,123,1,0,10
271,123,1,0,10
88,124,1,1,7
194,124,1,0,7
222,124,1,0,7
87,124,1,0,7
287,124,1,0,7
94,124,1,0,7
157,124,1,0,7
162,124,1,0,7
225,124,1,0,7
92,124,1,0,7
93,124,1,0,7
288,124,0,0,9
289,124,0,0,9
290,124,0,0,9
291,124,0,0,9
292,124,0,0,9
293,124,0,0,9
112,124,0,0,9
113,124,0,1,9
164,124,0,0,9
294,124,0,0,9
295,124,0,0,9
71,125,0,0,6
237,125,0,1,6
197,125,0,0,6
72,125,0,0,6
82,125,0,0,6
272,125,0,0,6
282,125,0,0,6
78,125,0,0,6
229,125,0,0,6
79,125,0,0,6
236,125,0,0,6
262,125,1,0,10
263,125,1,0,10
228,125,1,0,10
239,125,1,0,10
264,125,1,0,10
265,125,1,1,10
267,125,1,0,10
268,125,1,0,10
269,125,1,0,10
270,125,1,0,10
271,125,1,0,10
1,126,1,0,1
2,126,1,1,1
3,126,1,0,1
137,126,1,0,1
6,126,1,0,1
110,126,1,0,1
10,126,1,0,1
14,126,1,0,1
7,126,1,0,1
163,126,1,0,1
169,126,1,0,1
100,126,0,0,8
273,126,0,0,8
98,126,0,1,8
256,126,0,0,8
105,126,0,0,8
274,126,0,0,8
102,126,0,0,8
257,126,0,0,8
275,126,0,0,8
106,126,0,0,8
258,126,0,0,8
216,127,0,0,2
18,127,0,1,2
317,127,0,0,2
277,127,0,0,2
278,127,0,0,2
23,127,0,0,2
279,127,0,0,2
243,127,0,0,2
281,127,0,0,2
230,127,0,0,2
26,127,0,0,2
284,127,1,0,5
204,127,1,0,5
57,127,1,0,5
59,127,1,1,5
60,127,1,0,5
283,127,1,0,5
285,127,1,0,5
62,127,1,0,5
234,127,1,0,5
249,127,1,0,5
146,127,1,0,5
28,128,1,1,3
29,128,1,0,3
261,128,1,0,3
31,128,1,0,3
32,128,1,0,3
33,128,1,0,3
195,128,1,0,3
35,128,1,0,3
36,128,1,0,3
39,128,1,0,3
198,128,1,0,3
71,128,0,0,6
237,128,0,1,6
197,128,0,0,6
72,128,0,0,6
252,128,0,0,6
272,128,0,0,6
296,128,0,0,6
304,128,0,0,6
78,128,0,0,6
229,128,0,0,6
79,128,0,0,6
262,129,1,0,10
263,129,1,0,10
228,129,1,0,10
239,129,1,0,10
264,129,1,0,10
268,129,1,0,10
265,129,1,1,10
267,129,1,0,10
269,129,1,0,10
270,129,1,0,10
271,129,1,0,10
1,129,0,0,1
2,129,0,1,1
3,129,0,0,1
137,129,0,0,1
177,129,0,0,1
6,129,0,0,1
7,129,0,0,1
163,129,0,0,1
10,129,0,0,1
14,129,0,0,1
169,129,0,0,1
288,130,0,0,9
289,130,0,0,9
290,130,0,0,9
291,130,0,0,9
292,130,0,0,9
293,130,0,0,9
113,130,0,1,9
112,130,0,0,9
164,130,0,0,9
294,130,0,0,9
295,130,0,0,9
276,130,1,0,4
245,130,1,0,4
45,130,1,1,4
231,130,1,0,4
48,130,1,0,4
50,130,1,0,4
54,130,1,0,4
55,130,1,0,4
52,130,1,0,4
53,130,1,0,4
246,130,1,0,4
216,131,1,0,2
18,131,1,1,2
317,131,1,0,2
277,131,1,0,2
278,131,1,0,2
23,131,1,0,2
230,131,1,0,2
26,131,1,0,2
243,131,1,0,2
281,131,1,0,2
280,131,1,0,2
88,131,0,1,7
194,131,0,0,7
222,131,0,0,7
87,131,0,0,7
287,131,0,0,7
94,131,0,0,7
157,131,0,0,7
162,131,0,0,7
92,131,0,0,7
93,131,0,0,7
89,131,0,0,7
28,132,1,1,3
29,132,1,0,3
32,132,1,0,3
31,132,1,0,3
33,132,1,0,3
195,132,1,0,3
261,132,1,0,3
35,132,1,0,3
36,132,1,0,3
39,132,1,0,3
198,132,1,0,3
288,132,0,0,9
289,132,0,0,9
290,132,0,0,9
291,132,0,0,9
292,132,0,0,9
293,132,0,0,9
113,132,0,1,9
112,132,0,0,9
164,132,0,0,9
294,132,0,0,9
295,132,0,0,9
88,133,0,1,7
194,133,0,0,7
222,133,0,0,7
87,133,0,0,7
287,133,0,0,7
94,133,0,0,7
157,133,0,0,7
162,133,0,0,7
89,133,0,0,7
92,133,0,0,7
93,133,0,0,7
262,133,1,0,10
263,133,1,0,10
228,133,1,0,10
239,133,1,0,10
264,133,1,0,10
265,133,1,1,10
268,133,1,0,10
267,133,1,0,10
269,133,1,0,10
270,133,1,0,10
271,133,1,0,10
262,134,0,0,10
263,134,0,0,10
228,134,0,0,10
266,134,0,0,10
264,134,0,0,10
265,134,0,1,10
268,134,0,0,10
267,134,0,0,10
269,134,0,0,10
270,134,0,0,10
271,134,0,0,10
28,134,1,1,3
29,134,1,0,3
261,134,1,0,3
31,134,1,0,3
32,134,1,0,3
195,134,1,0,3
33,134,1,0,3
35,134,1,0,3
36,134,1,0,3
39,134,1,0,3
198,134,1,0,3
276,135,0,0,42
71,135,0,0,42
173,135,0,0,42
195,135,0,1,42
231,135,0,0,42
60,135,0,0,42
9,135,0,0,42
54,135,0,0,42
11,135,0,0,42
12,135,0,0,42
271,135,0,0,42
138,135,1,0,37
245,135,1,0,37
73,135,1,0,37
278,135,1,0,37
8,135,1,1,37
285,135,1,0,37
140,135,1,0,37
52,135,1,0,37
13,135,1,0,37
268,135,1,0,37
315,135,1,0,37
159,136,0,0,32
100,136,0,0,32
261,136,0,0,32
74,136,0,0,32
208,136,0,0,32
318,136,0,0,32
50,136,0,1,32
10,136,0,0,32
92,136,0,0,32
169,136,0,0,32
281,136,0,0,32
172,136,1,0,35
262,136,1,0,35
237,136,1,1,35
197,136,1,0,35
246,136,1,0,35
188,136,1,0,35
35,136,1,0,35
78,136,1,0,35
99,136,1,0,35
267,136,1,0,35
304,136,1,0,35
216,137,1,0,36
301,137,1,0,36
87,137,1,1,36
31,137,1,0,36
82,137,1,0,36
94,137,1,0,36
7,137,1,0,36
162,137,1,0,36
53,137,1,0,36
316,137,1,0,36
236,137,1,0,36
88,137,0,1,39
185,137,0,0,39
84,137,0,0,39
137,137,0,0,39
287,137,0,0,39
265,137,0,0,39
112,137,0,0,39
163,137,0,0,39
14,137,0,0,39
203,137,0,0,39
295,137,0,0,39
2,138,0,1,34
1,138,0,0,34
305,138,0,0,34
61,138,0,0,34
110,138,0,0,34
91,138,0,0,34
26,138,0,0,34
235,138,0,0,34
234,138,0,0,34
16,138,0,0,34
257,138,0,0,34
29,138,1,0,40
18,138,1,1,40
72,138,1,0,40
32,138,1,0,40
4,138,1,0,40
6,138,1,0,40
59,138,1,0,40
23,138,1,0,40
225,138,1,0,40
270,138,1,0,40
306,138,1,0,40
216,139,0,0,36
301,139,0,0,36
31,139,0,0,36
87,139,0,1,36
82,139,0,0,36
7,139,0,0,36
94,139,0,0,36
162,139,0,0,36
53,139,0,0,36
316,139,0,0,36
236,139,0,0,36
171,139,1,0,41
288,139,1,0,41
3,139,1,1,41
277,139,1,0,41
148,139,1,0,41
135,139,1,0,41
62,139,1,0,41
229,139,1,0,41
230,139,1,0,41
303,139,1,0,41
313,139,1,0,41
245,140,1,0,37
138,140,1,0,37
73,140,1,0,37
278,140,1,0,37
8,140,1,1,37
285,140,1,0,37
268,140,1,0,37
52,140,1,0,37
13,140,1,0,37
315,140,1,0,37
282,140,1,0,37
238,140,0,0,38
34,140,0,0,38
45,140,0,1,38
298,140,0,0,38
272,140,0,0,38
33,140,0,0,38
157,140,0,0,38
125,140,0,0,38
141,140,0,0,38
269,140,0,0,38
280,140,0,0,38
300,141,1,0,31
194,141,1,0,31
222,141,1,0,31
28,141,1,1,31
264,141,1,0,31
177,141,1,0,31
113,141,1,0,31
286,141,1,0,31
36,141,1,0,31
198,141,1,0,31
93,141,1,0,31
43,141,0,0,35
172,141,0,0,35
237,141,0,1,35
197,141,0,0,35
246,141,0,0,35
188,141,0,0,35
35,141,0,0,35
78,141,0,0,35
99,141,0,0,35
267,141,0,0,35
304,141,0,0,35
83,142,1,0,33
57,142,1,0,33
317,142,1,0,33
149,142,1,0,33
98,142,1,1,33
283,142,1,0,33
297,142,1,0,33
89,142,1,0,33
39,142,1,0,33
164,142,1,0,33
132,142,1,0,33
29,142,0,0,40
18,142,0,1,40
72,142,0,0,40
4,142,0,0,40
32,142,0,0,40
59,142,0,0,40
6,142,0,0,40
23,142,0,0,40
226,142,0,0,40
270,142,0,0,40
306,142,0,0,40
238,143,0,0,38
298,143,0,0,38
45,143,0,1,38
34,143,0,0,38
272,143,0,0,38
33,143,0,0,38
157,143,0,0,38
125,143,0,0,38
280,143,0,0,38
269,143,0,0,38
106,143,0,0,38
276,143,1,0,42
71,143,1,0,42
173,143,1,0,42
231,143,1,0,42
195,143,1,1,42
60,143,1,0,42
9,143,1,0,42
54,143,1,0,42
11,143,1,0,42
12,143,1,0,42
271,143,1,0,42
88,144,0,1,39
185,144,0,0,39
84,144,0,0,39
137,144,0,0,39
287,144,0,0,39
265,144,0,0,39
112,144,0,0,39
163,144,0,0,39
14,144,0,0,39
295,144,0,0,39
319,144,0,0,39
171,144,1,0,41
288,144,1,0,41
3,144,1,1,41
148,144,1,0,41
62,144,1,0,41
229,144,1,0,41
230,144,1,0,41
277,144,1,0,41
135,144,1,0,41
303,144,1,0,41
313,144,1,0,41
2,145,1,1,34
1,145,1,0,34
61,145,1,0,34
305,145,1,0,34
16,145,1,0,34
235,145,1,0,34
91,145,1,0,34
26,145,1,0,34
110,145,1,0,34
234,145,1,0,34
257,145,1,0,34
83,145,0,0,33
57,145,0,0,33
317,145,0,0,33
149,145,0,0,33
98,145,0,1,33
297,145,0,0,33
283,145,0,0,33
89,145,0,0,33
39,145,0,0,33
164,145,0,0,33
132,145,0,0,33
159,146,0,0,32
100,146,0,0,32
85,146,0,0,32
261,146,0,0,32
74,146,0,0,32
318,146,0,0,32
50,146,0,1,32
10,146,0,0,32
92,146,0,0,32
169,146,0,0,32
281,146,0,0,32
300,146,1,0,31
194,146,1,0,31
222,146,1,0,31
28,146,1,1,31
264,146,1,0,31
177,146,1,0,31
113,146,1,0,31
36,146,1,0,31
198,146,1,0,31
93,146,1,0,31
286,146,1,0,31
71,147,1,0,42
276,147,1,0,42
173,147,1,0,42
195,147,1,1,42
231,147,1,0,42
60,147,1,0,42
9,147,1,0,42
11,147,1,0,42
12,147,1,0,42
271,147,1,0,42
25,147,1,0,42
238,147,0,0,38
298,147,0,0,38
45,147,0,1,38
34,147,0,0,38
272,147,0,0,38
157,147,0,0,38
33,147,0,0,38
125,147,0,0,38
296,147,0,0,38
269,147,0,0,38
280,147,0,0,38
88,148,0,1,39
185,148,0,0,39
84,148,0,0,39
137,148,0,0,39
48,148,0,0,39
287,148,0,0,39
112,148,0,0,39
163,148,0,0,39
14,148,0,0,39
295,148,0,0,39
319,148,0,0,39
216,148,1,0,36
301,148,1,0,36
31,148,1,0,36
87,148,1,1,36
7,148,1,0,36
82,148,1,0,36
94,148,1,0,36
162,148,1,0,36
53,148,1,0,36
316,148,1,0,36
249,148,1,0,36
43,149,0,0,35
172,149,0,0,35
197,149,0,0,35
246,149,0,0,35
228,149,0,0,35
99,149,0,0,35
267,149,0,0,35
188,149,0,0,35
35,149,0,1,35
78,149,0,0,35
304,149,0,0,35
300,149,1,0,31
194,149,1,0,31
222,149,1,0,31
28,149,1,1,31
264,149,1,0,31
113,149,1,0,31
177,149,1,0,31
36,149,1,0,31
198,149,1,0,31
93,149,1,0,31
286,149,1,0,31
2,150,0,1,34
1,150,0,0,34
305,150,0,0,34
16,150,0,0,34
235,150,0,0,34
110,150,0,0,34
61,150,0,0,34
234,150,0,0,34
91,150,0,0,34
26,150,0,0,34
55,150,0,0,34
83,150,1,0,33
57,150,1,0,33
317,150,1,0,33
98,150,1,1,33
89,150,1,0,33
39,150,1,0,33
79,150,1,0,33
132,150,1,0,33
297,150,1,0,33
149,150,1,0,33
243,150,1,0,33
238,151,0,0,38
298,151,0,0,38
45,151,0,1,38
34,151,0,0,38
272,151,0,0,38
157,151,0,0,38
125,151,0,0,38
320,151,0,0,38
141,151,0,0,38
106,151,0,0,38
296,151,0,0,38
245,151,1,0,37
138,151,1,0,37
73,151,1,0,37
278,151,1,0,37
285,151,1,0,37
8,151,1,1,37
268,151,1,0,37
52,151,1,0,37
13,151,1,0,37
315,151,1,0,37
282,151,1,0,37