batsman,runs,balls,sr,pos,not_out,team_id,dots,c1,c2,c3,c4,c6,inn_id,m_id,t_id,   
16,12,10,120,1,3.5,2,4,4,0,0,2,0,1,1,1
17,34,26,130.77,2,6.6,2,10,10,0,0,6,0,1,1,1
18,13,13,100,3,8.6,2,3,9,0,0,1,0,1,1,1
20,14,12,116.67,5,12.4,2,4,6,0,0,2,0,1,1,1
21,28,19,147.37,6,18.2,2,6,8,1,0,3,1,1,1,1
22,10,4,250,7,0,2,2,0,0,0,1,1,1,1,1
19,65,38,171.05,4,0,2,6,21,1,0,9,1,1,1,1
1,6,8,75,1,1.5,1,5,2,0,0,1,0,2,1,1
2,11,5,220,2,2.2,1,2,1,0,0,1,1,2,1,1
4,60,38,157.89,4,12.5,1,9,22,0,0,2,5,2,1,1
3,73,46,158.7,3,0,1,17,17,0,0,8,4,2,1,1
5,26,11,236.36,5,0,1,4,1,1,1,2,2,2,1,1
43,1,2,50,1,0.5,4,1,1,0,0,0,0,3,2,1
44,28,15,186.67,2,5.2,4,8,2,0,0,2,3,3,2,1
46,46,30,153.33,4,15.3,4,6,18,0,0,4,2,3,2,1
45,92,57,161.4,3,0,4,15,28,0,0,10,4,3,2,1
48,21,16,131.25,5,0,4,7,5,0,0,4,0,3,2,1
83,27,21,128.57,1,6.4,7,8,9,0,0,3,1,4,2,1
84,40,27,148.15,2,9.1,7,7,14,1,0,3,2,4,2,1
86,0,1,0,4,9.2,7,1,0,0,0,0,0,4,2,1
85,67,36,186.11,3,17.4,7,11,13,0,0,9,3,4,2,1
88,1,2,50,6,18.1,7,1,1,0,0,0,0,4,2,1
94,0,1,0,7,18.2,7,1,0,0,0,0,0,4,2,1
89,0,1,0,8,18.3,7,1,0,0,0,0,0,4,2,1
91,0,3,0,9,0,7,3,0,0,0,0,0,4,2,1
87,51,29,175.86,5,0,7,6,13,1,0,9,0,4,2,1
28,6,7,85.71,1,2.4,3,4,2,0,0,1,0,5,3,1
29,86,51,168.63,2,16.2,3,11,28,1,0,5,6,5,3,1
32,15,8,187.5,4,18.1,3,4,1,1,0,0,2,5,3,1
30,103,50,206,3,0,3,11,23,1,0,6,9,5,3,1
33,3,4,75,5,0,3,1,3,0,0,0,0,5,3,1
57,1,2,50,2,0.6,5,1,1,0,0,0,0,6,3,1
58,18,7,257.14,3,4.2,5,2,2,0,0,1,2,6,3,1
56,8,19,42.11,1,5.2,5,11,8,0,0,0,0,6,3,1
60,12,4,300,5,5.6,5,2,0,0,0,0,2,6,3,1
62,16,6,266.67,6,7.2,5,3,0,0,0,1,2,6,3,1
61,31,18,172.22,7,12.4,5,6,7,0,0,3,2,6,3,1
59,23,24,95.83,4,13.6,5,10,11,0,0,3,0,6,3,1
64,4,11,36.36,8,15.2,5,7,4,0,0,0,0,6,3,1
65,9,11,81.82,9,17.5,5,7,3,0,0,0,1,6,3,1
66,7,12,58.33,10,0,5,6,5,1,0,0,0,6,3,1
67,15,7,214.29,11,0,5,2,1,2,0,1,1,6,3,1
97,20,20,100,2,6.4,8,9,8,0,0,3,0,7,4,1
96,57,27,211.11,1,9.3,8,6,11,1,0,5,4,7,4,1
99,5,4,125,4,10.2,8,2,1,0,0,1,0,7,4,1
100,3,4,75,5,11.3,8,1,3,0,0,0,0,7,4,1
98,25,22,113.64,3,13.6,8,9,9,0,0,4,0,7,4,1
101,9,9,100,6,14.3,8,3,5,0,0,1,0,7,4,1
102,24,14,171.43,7,19.4,8,2,7,1,1,3,0,7,4,1
105,32,18,177.78,8,0,8,5,6,1,0,6,0,7,4,1
104,6,2,300,9,0,8,1,0,0,0,0,1,7,4,1
71,6,5,120,1,1.4,6,2,2,0,0,1,0,8,4,1
70,11,11,100,2,3.3,6,3,7,0,0,1,0,8,4,1
72,6,7,85.71,3,4.5,6,1,6,0,0,0,0,8,4,1
73,43,35,122.86,4,16.1,6,9,21,0,0,4,1,8,4,1
74,52,43,120.93,5,17.3,6,14,22,0,0,6,1,8,4,1
75,20,7,285.71,6,17.5,6,1,2,0,0,3,1,8,4,1
77,15,8,187.5,7,0,6,2,3,1,0,1,1,8,4,1
81,10,5,200,8,0,6,1,2,0,0,2,0,8,4,1
56,26,21,123.81,1,5.4,5,10,8,0,0,0,3,9,5,1
57,41,32,128.12,2,12.2,5,7,19,1,0,5,0,9,5,1
58,22,25,88,3,12.6,5,9,14,0,0,2,0,9,5,1
60,23,17,135.29,5,17.2,5,6,7,1,0,2,1,9,5,1
63,21,11,190.91,6,0,5,3,3,1,0,4,0,9,5,1
59,31,15,206.67,4,0,5,2,7,1,0,4,1,9,5,1
17,21,15,140,1,4.1,2,8,3,0,0,3,1,10,5,1
18,7,8,87.5,3,6.1,2,4,3,0,0,1,0,10,5,1
19,42,30,140,4,14.4,2,11,12,0,0,6,1,10,5,1
20,7,8,87.5,5,16.6,2,4,3,0,0,1,0,10,5,1
22,0,1,0,6,17.1,2,1,0,0,0,0,0,10,5,1
16,60,48,125,2,18.1,2,18,22,0,0,5,3,10,5,1
21,1,3,33.33,7,18.6,2,2,1,0,0,0,0,10,5,1
24,1,2,50,9,0,2,1,1,0,0,0,0,10,5,1
23,14,7,200,8,0,2,2,2,1,0,1,1,10,5,1
96,3,9,33.33,1,2.5,8,6,3,0,0,0,0,11,6,1
98,14,8,175,3,6.3,8,2,4,0,0,1,1,11,6,1
97,43,39,110.26,2,12.1,8,13,21,0,0,4,1,11,6,1
99,51,30,170,4,16.2,8,9,13,0,0,5,3,11,6,1
102,7,9,77.78,6,18.3,8,6,1,1,0,1,0,11,6,1
101,7,5,140,7,0,8,1,3,0,0,1,0,11,6,1
100,39,20,195,5,0,8,4,9,2,0,2,3,11,6,1
43,21,13,161.54,1,3.2,4,6,3,0,0,3,1,12,6,1
45,24,20,120,3,7.4,4,10,6,0,0,3,1,12,6,1
46,13,11,118.18,4,10.5,4,4,5,0,0,2,0,12,6,1
44,25,27,92.59,2,12.2,4,11,13,0,0,3,0,12,6,1
47,15,6,250,5,12.5,4,2,1,0,0,2,1,12,6,1
48,4,5,80,6,14.3,4,1,4,0,0,0,0,12,6,1
49,14,13,107.69,7,16.1,4,5,6,0,0,2,0,12,6,1
51,15,9,166.67,9,0,4,3,3,1,0,1,1,12,6,1
50,34,17,200,8,0,4,2,8,2,0,4,1,12,6,1
1,42,31,135.48,1,10.6,1,12,12,0,0,6,1,13,7,1
2,54,46,117.39,2,15.1,1,18,19,1,1,6,1,13,7,1
4,13,7,185.71,4,16.4,1,3,1,0,0,3,0,13,7,1
3,46,31,148.39,3,19.6,1,11,12,0,0,7,1,13,7,1
8,0,0,0,6,0,1,0,0,0,0,0,0,13,7,1
6,6,6,100,5,0,1,2,2,2,0,0,0,13,7,1
28,2,6,33.33,2,1.5,3,4,2,0,0,0,0,14,7,1
29,23,19,121.05,1,6.2,3,9,7,0,0,1,2,14,7,1
31,0,2,0,4,6.4,3,2,0,0,0,0,0,14,7,1
30,27,28,96.43,3,11.5,3,12,13,0,0,2,1,14,7,1
32,13,8,162.5,6,13.3,3,3,3,0,0,1,1,14,7,1
34,13,23,56.52,5,14.3,3,11,11,1,0,0,0,14,7,1
35,0,2,0,8,14.5,3,2,0,0,0,0,0,14,7,1
36,21,17,123.53,9,0,3,5,9,0,0,3,0,14,7,1
33,31,15,206.67,7,0,3,3,7,1,0,1,3,14,7,1
71,0,1,0,1,0.1,6,1,0,0,0,0,0,15,8,1
73,13,10,130,3,3.6,6,5,3,0,0,1,1,15,8,1
74,4,3,133.33,4,5.4,6,2,0,0,0,1,0,15,8,1
72,75,50,150,2,14.4,6,22,17,0,0,4,7,15,8,1
75,26,12,216.67,6,17.4,6,4,4,0,0,1,3,15,8,1
77,12,7,171.43,7,18.6,6,4,0,0,0,3,0,15,8,1
82,45,37,121.62,5,0,6,13,19,0,0,2,3,15,8,1
76,1,2,50,8,0,6,1,1,0,0,0,0,15,8,1
83,1,4,25,1,1.5,7,3,1,0,0,0,0,16,8,1
85,14,19,73.68,3,9.1,7,10,8,0,0,0,1,16,8,1
86,24,19,126.32,4,15.3,7,5,10,1,0,3,0,16,8,1
88,0,1,0,5,15.4,7,1,0,0,0,0,0,16,8,1
87,19,13,146.15,6,0,7,3,7,1,0,1,1,16,8,1
84,111,64,173.44,2,0,7,14,33,0,0,12,5,16,8,1
1,0,2,0,2,0.2,1,2,0,0,0,0,0,17,9,1
2,6,6,100,1,2.3,1,3,2,0,0,1,0,17,9,1
4,1,5,20,4,3.2,1,4,1,0,0,0,0,17,9,1
3,6,10,60,3,4.5,1,4,6,0,0,0,0,17,9,1
7,26,15,173.33,5,7.4,1,8,2,1,0,1,3,17,9,1
8,34,21,161.9,7,13.3,1,6,10,0,0,3,2,17,9,1
9,29,20,145,8,0,1,5,11,0,0,3,1,17,9,1
6,62,41,151.22,6,0,1,9,22,2,0,6,2,17,9,1
56,0,5,0,1,0.5,5,5,0,0,0,0,0,18,9,1
58,6,6,100,3,2.6,5,3,2,0,0,1,0,18,9,1
69,14,8,175,2,3.1,5,4,2,0,0,0,2,18,9,1
60,6,10,60,5,5.3,5,7,2,0,0,1,0,18,9,1
62,0,1,0,6,5.4,5,1,0,0,0,0,0,18,9,1
63,2,6,33.33,7,6.5,5,4,2,0,0,0,0,18,9,1
64,36,26,138.46,8,14.3,5,9,12,0,0,3,2,18,9,1
66,12,12,100,9,17.3,5,6,4,0,0,2,0,18,9,1
65,5,8,62.5,10,19.5,5,3,5,0,0,0,0,18,9,1
59,48,37,129.73,4,0,5,11,20,0,0,4,2,18,9,1
67,0,1,0,11,0,5,1,0,0,0,0,0,18,9,1
43,50,34,147.06,1,12.3,4,9,18,0,0,5,2,19,10,1
45,69,32,215.62,3,0,4,7,11,1,0,11,2,19,10,1
44,88,54,162.96,2,0,4,14,26,1,0,9,4,19,10,1
72,39,36,108.33,2,10.5,6,11,19,2,0,4,0,20,10,1
73,1,2,50,3,11.1,6,1,1,0,0,0,0,20,10,1
74,10,6,166.67,4,12.4,6,2,2,0,0,2,0,20,10,1
82,0,1,0,5,12.5,6,1,0,0,0,0,0,20,10,1
71,66,42,157.14,1,15.6,6,12,20,0,0,7,3,20,10,1
76,11,4,275,7,18.2,6,1,1,0,0,1,1,20,10,1
75,45,22,204.55,6,19.3,6,5,9,1,0,4,3,20,10,1
77,5,5,100,8,0,6,3,1,0,0,1,0,20,10,1
81,6,3,200,9,0,6,2,0,0,0,0,1,20,10,1
16,2,7,28.57,2,2.1,2,5,2,0,0,0,0,21,11,1
17,27,22,122.73,1,8.3,2,9,9,1,0,1,2,21,11,1
19,30,26,115.38,4,16.4,2,10,12,0,0,3,1,21,11,1
18,69,49,140.82,3,17.6,2,17,19,2,0,10,1,21,11,1
20,2,5,40,5,18.1,2,3,2,0,0,0,0,21,11,1
21,22,10,220,7,0,2,5,0,0,0,4,1,21,11,1
22,1,1,100,6,0,2,0,1,0,0,0,0,21,11,1
29,32,25,128,1,7.3,3,11,10,0,0,1,3,22,11,1
28,28,33,84.85,2,11.4,3,15,14,1,0,3,0,22,11,1
31,0,3,0,4,12.2,3,3,0,0,0,0,0,22,11,1
40,20,18,111.11,5,16.6,3,8,8,0,0,0,2,22,11,1
32,0,2,0,6,17.6,3,2,0,0,0,0,0,22,11,1
30,50,31,161.29,3,19.1,3,6,18,0,0,5,2,22,11,1
41,6,5,120,8,0,3,4,0,0,0,0,1,22,11,1
34,7,3,233.33,7,0,3,1,1,0,0,0,1,22,11,1
96,0,4,0,1,0.4,8,4,0,0,0,0,0,23,12,1
97,5,6,83.33,2,2.4,8,4,1,0,0,1,0,23,12,1
98,18,11,163.64,3,3.5,8,6,2,0,0,1,2,23,12,1
99,1,6,16.67,4,4.5,8,5,1,0,0,0,0,23,12,1
107,18,11,163.64,6,8.3,8,4,4,0,0,2,1,23,12,1
100,26,18,144.44,5,9.6,8,7,8,0,0,0,3,23,12,1
103,25,19,131.58,8,15.3,8,8,7,0,0,3,1,23,12,1
105,16,20,80,7,16.1,8,7,12,0,0,1,0,23,12,1
108,8,6,133.33,10,19.2,8,2,2,1,0,1,0,23,12,1
104,11,16,68.75,9,0,8,11,3,0,0,2,0,23,12,1
106,4,4,100,11,0,8,3,0,0,0,1,0,23,12,1
95,20,24,83.33,1,5.6,7,13,8,1,0,1,1,24,12,1
85,5,6,83.33,3,7.3,7,4,1,0,0,1,0,24,12,1
84,46,28,164.29,2,10.2,7,8,14,0,0,2,4,24,12,1
87,33,20,165,5,15.6,7,8,7,0,0,2,3,24,12,1
86,29,21,138.1,4,0,7,6,11,0,0,3,1,24,12,1
88,0,0,0,6,0,7,0,0,0,0,0,0,24,12,1
84,0,1,0,2,0.5,7,1,0,0,0,0,0,25,13,1
85,45,26,173.08,3,8.2,7,9,11,0,0,1,5,25,13,1
83,42,39,107.69,1,13.3,7,17,16,0,0,5,1,25,13,1
86,38,19,200,4,14.5,7,4,10,0,0,1,4,25,13,1
88,13,10,130,6,17.1,7,5,3,0,0,1,1,25,13,1
87,24,18,133.33,5,0,7,7,8,0,0,1,2,25,13,1
89,8,8,100,7,0,7,3,4,0,0,1,0,25,13,1
1,17,14,121.43,1,3.4,1,7,5,0,0,0,2,26,13,1
2,29,29,100,2,11.2,1,11,15,0,0,2,1,26,13,1
3,59,41,143.9,3,15.3,1,15,17,0,0,6,3,26,13,1
6,0,1,0,5,15.4,1,1,0,0,0,0,0,26,13,1
8,11,9,122.22,6,17.5,1,4,3,0,0,2,0,26,13,1
7,42,12,350,7,0,1,2,2,0,0,4,4,26,13,1
4,15,14,107.14,4,0,1,2,11,0,0,1,0,26,13,1
44,6,6,100,2,1.6,4,3,2,0,0,1,0,27,14,1
45,1,3,33.33,3,3.4,4,2,1,0,0,0,0,27,14,1
46,40,29,137.93,4,10.4,4,13,8,1,0,6,1,27,14,1
47,47,35,134.29,5,18.6,4,17,9,0,0,8,1,27,14,1
43,70,48,145.83,1,0,4,12,26,1,0,6,3,27,14,1
48,1,1,100,6,0,4,0,1,0,0,0,0,27,14,1
28,34,28,121.43,2,9.5,3,11,12,0,0,4,1,28,14,1
29,98,60,163.33,1,0,3,20,24,0,0,11,5,28,14,1
31,33,23,143.48,3,0,3,6,11,1,0,5,0,28,14,1
2,0,3,0,2,0.4,1,3,0,0,0,0,0,29,15,1
3,39,28,139.29,3,7.4,1,14,7,1,0,3,3,29,15,1
4,5,5,100,4,9.1,1,3,1,0,0,1,0,29,15,1
7,4,2,200,5,9.6,1,1,0,0,0,1,0,29,15,1
1,39,23,169.57,1,10.1,1,9,7,0,0,5,2,29,15,1
8,8,18,44.44,7,14.4,1,10,8,0,0,0,0,29,15,1
6,16,13,123.08,6,16.1,1,3,8,0,0,2,0,29,15,1
10,2,8,25,9,18.1,1,6,2,0,0,0,0,29,15,1
13,0,8,0,10,19.4,1,8,0,0,0,0,0,29,15,1
9,15,10,150,8,0,1,4,3,0,0,3,0,29,15,1
12,0,2,0,11,0,1,2,0,0,0,0,0,29,15,1
29,33,26,126.92,1,9.2,3,11,11,0,0,1,3,30,15,1
31,0,1,0,3,9.3,3,1,0,0,0,0,0,30,15,1
28,46,36,127.78,2,10.6,3,14,14,2,0,4,2,30,15,1
32,3,4,75,5,12.3,3,2,1,1,0,0,0,30,15,1
42,26,19,136.84,4,0,3,6,8,1,0,4,0,30,15,1
33,21,17,123.53,6,0,3,6,7,1,0,3,0,30,15,1
120,10,6,166.67,1,1.5,22,2,2,0,0,2,0,31,16,2
121,16,7,228.57,3,3.6,22,2,2,0,0,2,1,31,16,2
122,18,14,128.57,4,10.1,22,2,10,0,0,2,0,31,16,2
15,2,5,40,5,11.2,22,3,2,0,0,0,0,31,16,2
73,77,48,160.42,2,16.5,22,13,25,0,0,4,6,31,16,2
9,53,23,230.43,6,18.1,22,6,9,0,0,2,6,31,16,2
123,2,4,50,8,0,22,2,2,0,0,0,0,31,16,2
8,27,13,207.69,7,0,22,3,5,1,0,2,2,31,16,2
84,70,45,155.56,2,16.1,21,10,26,0,0,5,4,32,16,2
5,0,1,0,3,16.2,21,1,0,0,0,0,0,32,16,2
29,75,53,141.51,1,16.4,21,16,27,0,0,6,4,32,16,2
111,20,9,222.22,5,0,21,3,2,0,0,3,1,32,16,2
109,33,12,275,4,0,21,1,5,0,0,4,2,32,16,2
2,7,7,100,2,1.6,24,4,1,1,0,1,0,33,17,2
71,27,15,180,1,3.5,24,5,5,0,0,4,1,33,17,2
138,11,7,157.14,4,5.3,24,4,1,0,0,1,1,33,17,2
6,7,8,87.5,5,7.4,24,4,3,0,0,1,0,33,17,2
137,54,37,145.95,3,17.2,24,6,24,0,0,6,1,33,17,2
140,59,37,159.46,6,0,24,5,23,2,0,5,2,33,17,2
139,23,9,255.56,7,0,24,2,3,0,0,2,2,33,17,2
147,4,5,80,2,1.4,25,2,2,1,0,0,0,34,17,2
88,14,11,127.27,1,2.6,25,4,4,1,0,2,0,34,17,2
31,9,7,128.57,4,5.3,25,1,5,0,0,1,0,34,17,2
148,12,11,109.09,3,5.6,25,2,8,0,0,1,0,34,17,2
87,10,9,111.11,5,7.6,25,3,4,1,0,1,0,34,17,2
149,19,16,118.75,6,10.6,25,3,11,0,0,2,0,34,17,2
151,0,1,0,8,11.3,25,1,0,0,0,0,0,34,17,2
91,14,11,127.27,9,14.6,25,4,4,1,0,2,0,34,17,2
154,8,12,66.67,10,19.3,25,6,4,2,0,0,0,34,17,2
153,0,1,0,11,19.4,25,1,0,0,0,0,0,34,17,2
152,42,34,123.53,7,0,25,7,22,1,0,3,1,34,17,2
2,1,2,50,2,1.2,24,1,1,0,0,0,0,37,19,2
137,11,12,91.67,3,5.2,24,5,5,1,0,1,0,37,19,2
138,0,1,0,4,5.3,24,1,0,0,0,0,0,37,19,2
139,69,38,181.58,5,17.4,24,10,17,1,0,5,5,37,19,2
6,0,1,0,6,17.5,24,1,0,0,0,0,0,37,19,2
71,109,60,181.67,1,0,24,16,27,1,0,8,8,37,19,2
140,14,6,233.33,7,0,24,0,2,2,0,2,0,37,19,2
127,14,8,175,1,3.1,23,2,4,0,0,1,1,38,19,2
128,15,11,136.36,3,5.6,23,5,3,0,0,3,0,38,19,2
3,76,42,180.95,2,13.3,23,11,18,2,0,6,5,38,19,2
33,25,14,178.57,5,18.4,23,2,7,1,0,4,0,38,19,2
60,7,3,233.33,6,19.2,23,1,1,0,0,0,1,38,19,2
94,62,40,155,4,0,23,10,22,0,0,4,4,38,19,2
129,4,4,100,7,0,23,3,0,0,0,1,0,38,19,2
56,11,4,275,2,1.6,26,1,1,0,0,1,1,39,20,2
1,17,15,113.33,1,3.1,26,7,5,0,0,3,0,39,20,2
160,0,1,0,4,3.2,26,1,0,0,0,0,0,39,20,2
159,6,6,100,3,5.2,26,3,2,0,0,1,0,39,20,2
161,20,14,142.86,5,7.1,26,5,6,0,0,2,1,39,20,2
162,0,4,0,7,7.5,26,4,0,0,0,0,0,39,20,2
59,9,7,128.57,6,9.1,26,1,5,0,0,1,0,39,20,2
163,44,31,141.94,8,16.3,26,13,9,0,1,8,0,39,20,2
166,14,12,116.67,10,0,26,5,4,1,0,2,0,39,20,2
167,17,27,62.96,9,0,26,12,13,2,0,0,0,39,20,2
120,0,1,0,1,0.1,22,1,0,0,0,0,0,40,20,2
121,6,6,100,3,1.5,22,5,0,0,0,0,1,40,20,2
15,0,2,0,4,2.5,22,2,0,0,0,0,0,40,20,2
122,27,16,168.75,2,5.3,22,8,3,0,0,3,2,40,20,2
8,0,1,0,6,5.4,22,1,0,0,0,0,0,40,20,2
9,59,38,155.26,5,14.4,22,12,15,2,0,7,2,40,20,2
124,0,2,0,8,14.6,22,2,0,0,0,0,0,40,20,2
125,0,0,0,9,0,22,0,0,0,0,0,0,40,20,2
123,48,26,184.62,7,0,22,5,14,1,0,2,4,40,20,2
88,2,5,40,1,1.2,25,3,2,0,0,0,0,41,21,2
148,27,31,87.1,3,11.3,25,11,17,1,0,2,0,41,21,2
31,43,22,195.45,4,0,25,2,13,0,0,6,1,41,21,2
147,95,62,153.23,2,0,25,15,33,1,0,9,4,41,21,2
188,13,9,144.44,1,1.5,28,5,1,0,0,3,0,42,21,2
186,92,55,167.27,3,0,28,13,27,2,1,7,5,42,21,2
184,63,44,143.18,2,0,28,8,29,0,0,4,3,42,21,2
84,32,25,128,1,7.6,21,9,12,0,0,2,2,43,22,2
109,23,13,176.92,3,11.5,21,4,5,0,0,3,1,43,22,2
5,0,1,0,4,11.6,21,1,0,0,0,0,0,43,22,2
29,86,52,165.38,2,16.1,21,18,20,0,0,9,5,43,22,2
110,11,11,100,5,19.1,21,3,7,0,0,1,0,43,22,2
112,11,4,275,7,0,21,0,1,1,0,2,0,43,22,2
113,23,15,153.33,6,0,21,6,5,0,0,3,1,43,22,2
127,9,13,69.23,1,3.5,23,7,5,0,0,1,0,44,22,2
3,18,22,81.82,2,7.5,23,10,10,0,0,2,0,44,22,2
94,0,1,0,4,7.6,23,1,0,0,0,0,0,44,22,2
129,4,7,57.14,5,10.4,23,3,4,0,0,0,0,44,22,2
33,1,3,33.33,6,11.1,23,2,1,0,0,0,0,44,22,2
128,40,26,153.85,3,12.6,23,9,10,1,0,4,2,44,22,2
54,17,15,113.33,8,18.4,23,7,5,1,0,1,1,44,22,2
130,5,4,125,9,0,23,2,1,0,0,1,0,44,22,2
131,31,29,106.9,7,0,23,12,13,0,0,3,1,44,22,2
71,8,16,50,1,5.6,24,8,8,0,0,0,0,45,23,2
2,40,26,153.85,2,7.3,24,8,12,1,0,2,3,45,23,2
137,27,19,142.11,3,13.1,24,3,13,0,0,2,1,45,23,2
6,21,11,190.91,5,16.2,24,4,3,0,0,3,1,45,23,2
144,31,29,106.9,4,16.6,24,7,19,0,0,3,0,45,23,2
139,1,2,50,6,17.1,24,1,1,0,0,0,0,45,23,2
141,12,10,120,8,0,24,4,2,3,0,1,0,45,23,2
140,18,7,257.14,7,0,24,1,2,0,0,4,0,45,23,2
73,0,2,0,2,0.5,22,2,0,0,0,0,0,46,23,2
120,43,35,122.86,1,11.1,22,12,17,1,0,3,2,46,23,2
121,73,46,158.7,3,15.5,22,6,28,1,1,10,0,46,23,2
15,0,3,0,5,16.4,22,3,0,0,0,0,0,46,23,2
8,0,2,0,6,16.6,22,2,0,0,0,0,0,46,23,2
122,32,21,152.38,4,0,22,6,10,0,0,4,1,46,23,2
9,11,6,183.33,7,0,22,1,3,0,0,2,0,46,23,2
172,64,50,128,2,15.4,27,18,24,0,0,4,4,47,24,2
4,23,13,176.92,3,19.4,27,5,3,1,0,3,1,47,24,2
171,91,56,162.5,1,0,27,14,27,1,0,11,3,47,24,2
173,7,2,350,4,0,27,0,1,0,0,0,1,47,24,2
84,9,9,100,1,2.5,21,3,5,0,0,1,0,48,24,2
29,15,10,150,2,3.6,21,3,5,0,0,1,1,48,24,2
5,18,10,180,4,6.4,21,3,4,0,0,2,1,48,24,2
110,13,10,130,5,9.4,21,3,5,0,0,2,0,48,24,2
113,3,5,60,6,10.6,21,2,3,0,0,0,0,48,24,2
109,56,43,130.23,3,17.3,21,12,24,0,0,5,2,48,24,2
10,21,9,233.33,8,0,21,2,3,0,0,3,1,48,24,2
116,34,25,136,7,0,21,7,13,0,1,3,1,48,24,2
88,0,1,0,1,0.1,25,1,0,0,0,0,0,49,25,2
147,45,39,115.38,2,13.5,25,14,19,0,0,5,1,49,25,2
87,1,3,33.33,4,14.4,25,2,1,0,0,0,0,49,25,2
148,95,59,161.02,3,0,25,18,27,0,0,8,6,49,25,2
31,46,19,242.11,5,0,25,6,3,1,0,6,2,49,25,2
56,10,4,250,2,0.5,26,2,0,0,0,1,1,50,25,2
159,1,2,50,3,1.1,26,1,1,0,0,0,0,50,25,2
160,4,5,80,4,1.6,26,4,0,0,0,1,0,50,25,2
1,7,5,140,1,2.4,26,2,1,1,0,1,0,50,25,2
59,0,2,0,5,3.2,26,2,0,0,0,0,0,50,25,2
162,0,4,0,7,3.6,26,4,0,0,0,0,0,50,25,2
163,0,1,0,8,4.4,26,1,0,0,0,0,0,50,25,2
14,5,10,50,9,8.6,26,6,3,1,0,0,0,50,25,2
164,11,18,61.11,10,14.2,26,10,5,3,0,0,0,50,25,2
165,10,12,83.33,11,19.2,26,4,6,2,0,0,0,50,25,2
161,73,53,137.74,6,0,26,21,19,2,0,8,3,50,25,2
188,49,41,119.51,1,11.6,28,14,21,0,0,4,2,51,26,2
184,71,44,161.36,2,15.5,28,14,17,1,0,10,2,51,26,2
61,21,13,161.54,4,19.5,28,4,5,0,0,4,0,51,26,2
186,38,22,172.73,3,0,28,4,12,0,0,5,1,51,26,2
7,6,1,600,5,0,28,0,0,0,0,0,1,51,26,2
3,20,11,181.82,2,3.4,23,3,4,0,0,4,0,52,26,2
127,62,56,110.71,1,0,23,15,34,2,0,3,2,52,26,2
128,88,53,166.04,3,0,23,12,25,1,1,13,1,52,26,2
56,16,12,133.33,2,2.5,26,5,4,0,0,3,0,53,27,2
159,0,5,0,3,3.5,26,5,0,0,0,0,0,53,27,2
59,32,21,152.38,4,10.3,26,6,10,0,0,4,1,53,27,2
1,52,41,126.83,1,15.3,26,11,24,0,0,4,2,53,27,2
82,37,26,142.31,5,18.6,26,6,15,1,0,2,2,53,27,2
161,19,15,126.67,6,0,26,5,7,0,0,3,0,53,27,2
163,1,1,100,7,0,26,0,1,0,0,0,0,53,27,2
172,12,5,240,2,1.5,27,1,2,0,0,1,1,54,27,2
171,24,18,133.33,1,5.4,27,8,6,0,0,3,1,54,27,2
173,19,11,172.73,4,8.2,27,3,5,0,0,2,1,54,27,2
174,4,5,80,5,9.3,27,4,0,0,0,1,0,54,27,2
180,26,24,108.33,3,12.6,27,9,12,0,0,2,1,54,27,2
4,62,33,187.88,6,0,27,9,14,0,0,6,4,54,27,2
177,17,12,141.67,7,0,27,3,7,0,0,1,1,54,27,2
127,1,4,25,1,0.5,23,3,1,0,0,0,0,55,28,2
3,20,13,153.85,2,5.4,23,6,4,0,0,1,2,55,28,2
128,78,51,152.94,3,15.6,23,19,20,2,0,3,7,55,28,2
94,1,2,50,5,16.5,23,1,1,0,0,0,0,55,28,2
33,14,9,155.56,6,18.5,23,4,2,0,0,3,0,55,28,2
133,2,4,50,7,0,23,2,2,0,0,0,0,55,28,2
129,51,37,137.84,4,0,23,7,22,2,1,4,1,55,28,2
73,22,19,115.79,2,7.4,22,8,8,0,0,2,1,56,28,2
121,7,6,116.67,3,9.6,22,4,1,0,0,0,1,56,28,2
120,89,62,143.55,1,0,22,20,27,1,0,12,2,56,28,2
122,49,21,233.33,4,0,22,2,9,1,0,8,1,56,28,2
1,6,2,300,1,0.2,26,1,0,0,0,0,1,57,29,2
159,37,32,115.62,3,10.1,26,15,11,0,0,5,1,57,29,2
56,75,48,156.25,2,16.2,26,13,23,0,0,10,2,57,29,2
82,29,22,131.82,4,18.2,26,7,11,0,0,3,1,57,29,2
161,13,7,185.71,6,0,26,2,3,0,0,1,1,57,29,2
162,19,9,211.11,5,0,26,2,3,0,0,4,0,57,29,2
71,3,4,75,1,1.5,24,2,1,1,0,0,0,58,29,2
57,3,7,42.86,3,4.2,24,4,3,0,0,0,0,58,29,2
137,0,4,0,4,4.6,24,4,0,0,0,0,0,58,29,2
144,0,1,0,5,5.4,24,1,0,0,0,0,0,58,29,2
140,10,14,71.43,6,9.2,24,5,8,1,0,0,0,58,29,2
6,0,1,0,7,9.3,24,1,0,0,0,0,0,58,29,2
2,57,45,126.67,2,15.1,24,14,23,0,0,7,1,58,29,2
145,46,27,170.37,8,18.2,24,8,12,0,0,4,3,58,29,2
12,8,7,114.29,10,0,24,3,2,1,0,1,0,58,29,2
141,11,10,110,9,0,24,3,5,1,0,1,0,58,29,2
184,0,3,0,1,0.3,28,3,0,0,0,0,0,59,30,2
186,6,6,100,3,1.5,28,4,0,1,0,1,0,59,30,2
185,34,28,121.43,2,9.5,28,8,16,0,0,3,1,59,30,2
187,65,47,138.3,4,19.3,28,12,25,2,0,6,2,59,30,2
61,6,3,200,6,0,28,1,0,1,0,1,0,59,30,2
7,63,34,185.29,5,0,28,9,13,0,0,11,1,59,30,2
171,66,47,140.43,1,13.4,27,16,22,0,0,5,4,60,30,2
172,59,37,159.46,2,13.6,27,10,17,0,0,9,1,60,30,2
180,0,1,0,4,14.3,27,1,0,0,0,0,0,60,30,2
4,4,4,100,5,15.4,27,3,0,0,0,1,0,60,30,2
173,42,21,200,3,0,27,5,8,1,0,5,2,60,30,2
81,2,5,40,6,0,27,3,2,0,0,0,0,60,30,2
29,24,17,141.18,1,3.5,21,8,4,1,0,3,1,61,31,2
45,8,8,100,3,6.1,21,3,4,0,0,1,0,61,31,2
109,87,46,189.13,4,0,21,12,19,0,0,11,4,61,31,2
84,66,49,134.69,2,0,21,12,30,0,0,3,4,61,31,2
149,0,1,0,2,0.2,25,1,0,0,0,0,0,62,31,2
148,0,1,0,3,0.3,25,1,0,0,0,0,0,62,31,2
31,10,6,166.67,4,1.6,25,2,2,1,0,0,1,62,31,2
147,5,10,50,1,3.5,25,5,5,0,0,0,0,62,31,2
150,6,5,120,6,5.4,25,2,2,0,0,1,0,62,31,2
87,16,12,133.33,5,6.3,25,4,6,0,0,1,1,62,31,2
152,78,46,169.57,7,0,25,13,22,0,0,5,6,62,31,2
151,74,37,200,8,0,25,5,20,1,0,7,4,62,31,2
171,1,3,33.33,1,0.5,27,2,1,0,0,0,0,63,32,2
173,3,4,75,3,1.6,27,1,3,0,0,0,0,63,32,2
172,21,17,123.53,2,5.1,27,7,7,0,0,2,1,63,32,2
174,20,13,153.85,4,7.5,27,4,6,0,0,2,1,63,32,2
177,21,16,131.25,6,12.1,27,6,7,0,0,2,1,63,32,2
81,17,18,94.44,7,17.4,27,7,9,0,0,2,0,63,32,2
78,12,7,171.43,8,0,27,2,2,1,0,2,0,63,32,2
4,63,43,146.51,5,0,27,13,21,0,0,6,3,63,32,2
2,5,4,125,2,1.3,24,2,1,0,0,1,0,64,32,2
137,10,14,71.43,3,6.4,24,4,10,0,0,0,0,64,32,2
71,39,28,139.29,1,8.2,24,9,13,1,0,3,2,64,32,2
139,10,9,111.11,5,10.6,24,2,6,0,0,1,0,64,32,2
138,53,31,170.97,4,17.4,24,6,17,0,0,6,2,64,32,2
6,37,24,154.17,6,0,24,8,9,1,0,5,1,64,32,2
140,8,4,200,7,0,24,1,2,0,0,0,1,64,32,2
147,0,1,0,2,0.4,25,1,0,0,0,0,0,65,33,2
157,24,16,150,1,6.5,25,8,4,0,0,2,2,65,33,2
148,28,25,112,3,6.6,25,14,6,0,0,4,1,65,33,2
87,9,12,75,5,10.3,25,6,5,0,0,1,0,65,33,2
31,64,37,172.97,4,0,25,9,16,2,0,8,2,65,33,2
150,58,30,193.33,6,0,25,7,12,0,0,10,1,65,33,2
120,8,7,114.29,1,1.2,22,4,2,0,0,0,1,66,33,2
121,9,9,100,3,3.4,22,6,1,0,0,2,0,66,33,2
73,46,32,143.75,2,13.2,22,8,18,0,0,4,2,66,33,2
122,47,37,127.03,4,14.4,22,12,19,0,0,4,2,66,33,2
8,2,4,50,5,15.1,22,2,2,0,0,0,0,66,33,2
9,10,8,125,6,17.1,22,4,2,0,0,2,0,66,33,2
124,1,2,50,8,18.2,22,1,1,0,0,0,0,66,33,2
125,8,5,160,9,0,22,1,2,1,0,1,0,66,33,2
50,22,16,137.5,7,0,22,5,8,0,0,2,1,66,33,2
84,10,5,200,2,1.4,21,3,0,0,0,1,1,67,34,2
29,48,31,154.84,1,11.6,21,9,14,1,0,5,2,67,34,2
109,23,17,135.29,4,0,21,1,13,1,0,2,0,67,34,2
45,120,69,173.91,3,0,21,20,26,4,0,14,5,67,34,2
185,21,10,210,2,2.6,28,5,1,0,0,2,2,68,34,2
184,16,11,145.45,1,3.3,28,6,2,0,0,2,1,68,34,2
187,0,3,0,4,3.6,28,3,0,0,0,0,0,68,34,2
186,1,6,16.67,5,5.3,28,5,1,0,0,0,0,68,34,2
61,7,5,140,3,6.3,28,3,1,0,0,0,1,68,34,2
189,53,32,165.62,7,18.6,28,8,15,1,0,6,2,68,34,2
7,81,50,162,6,0,28,16,21,1,0,7,5,68,34,2
188,5,3,166.67,8,0,28,0,1,2,0,0,0,68,34,2
56,0,1,0,2,0.4,26,1,0,0,0,0,0,69,35,2
1,1,10,10,1,2.3,26,9,1,0,0,0,0,69,35,2
82,7,5,140,4,4.5,26,3,1,0,0,0,1,69,35,2
159,22,20,110,3,6.5,26,11,6,0,0,1,2,69,35,2
162,44,34,129.41,6,17.2,26,9,20,0,0,3,2,69,35,2
161,57,38,150,5,0,26,9,21,0,0,6,2,69,35,2
163,32,12,266.67,7,0,26,3,2,1,0,4,2,69,35,2
127,50,33,151.52,1,8.5,23,13,12,0,0,5,3,70,35,2
3,29,33,87.88,2,13.4,23,13,17,0,0,3,0,70,35,2
33,2,5,40,4,15.4,23,3,2,0,0,0,0,70,35,2
128,58,29,200,3,16.4,23,6,12,0,0,10,1,70,35,2
49,0,2,0,6,17.2,23,2,0,0,0,0,0,70,35,2
133,9,6,150,7,18.3,23,3,1,0,0,2,0,70,35,2
131,5,4,125,8,0,23,2,1,0,0,1,0,70,35,2
129,11,9,122.22,5,0,23,4,3,0,0,2,0,70,35,2
119,39,30,130,1,8.2,21,13,11,0,0,4,2,71,36,2
29,59,44,134.09,2,17.1,21,14,21,1,0,6,2,71,36,2
45,51,33,154.55,3,18.5,21,8,17,0,0,7,1,71,36,2
109,1,4,25,5,19.6,21,3,1,0,0,0,0,71,36,2
98,0,0,0,6,0,21,0,0,0,0,0,0,71,36,2
5,11,9,122.22,4,0,21,4,3,0,0,2,0,71,36,2
157,24,22,109.09,2,5.5,25,9,10,0,0,2,1,72,36,2
147,12,15,80,1,6.2,25,6,8,0,0,1,0,72,36,2
148,20,13,153.85,3,10.1,25,4,6,0,0,2,1,72,36,2
150,22,14,157.14,5,14.5,25,4,6,0,0,4,0,72,36,2
155,14,10,140,6,17.4,25,4,4,0,0,1,1,72,36,2
31,58,34,170.59,4,17.6,25,8,16,0,0,9,1,72,36,2
152,8,4,200,8,0,25,2,0,0,0,2,0,72,36,2
151,1,2,50,7,0,25,1,1,0,0,0,0,72,36,2
73,4,7,57.14,2,2.1,22,3,4,0,0,0,0,73,37,2
120,16,17,94.12,1,6.2,22,7,8,0,0,2,0,73,37,2
122,17,14,121.43,4,11.5,22,3,9,0,0,2,0,73,37,2
8,35,15,233.33,5,15.3,22,4,5,0,0,3,3,73,37,2
9,6,4,150,6,16.2,22,1,2,0,0,1,0,73,37,2
123,4,4,100,7,16.6,22,3,0,0,0,1,0,73,37,2
126,0,2,0,8,17.4,22,2,0,0,0,0,0,73,37,2
121,55,45,122.22,3,18.2,22,14,23,1,0,6,1,73,37,2
124,6,5,120,9,0,22,0,4,1,0,0,0,73,37,2
125,7,7,100,10,0,22,3,3,0,0,1,0,73,37,2
184,85,55,154.55,1,16.2,28,15,27,1,0,8,4,74,37,2
185,53,45,117.78,2,16.5,28,13,25,1,0,5,1,74,37,2
61,10,6,166.67,3,0,28,1,2,2,0,1,0,74,37,2
187,4,5,80,4,0,28,1,4,0,0,0,0,74,37,2
1,9,7,128.57,1,1.5,26,3,3,0,0,0,1,75,38,2
56,19,16,118.75,2,4.4,26,8,5,0,0,2,1,75,38,2
170,32,31,103.23,4,13.5,26,11,16,1,0,2,1,75,38,2
59,6,6,100,5,15.3,26,3,2,0,0,1,0,75,38,2
159,53,46,115.22,3,0,26,14,25,0,0,7,0,75,38,2
162,47,17,276.47,6,0,26,5,1,1,0,8,2,75,38,2
71,0,1,0,2,0.2,24,1,0,0,0,0,0,76,38,2
137,39,28,139.29,3,7.2,24,13,9,0,0,3,3,76,38,2
138,7,8,87.5,4,8.6,24,4,3,0,0,1,0,76,38,2
2,75,44,170.45,1,0,24,11,21,0,0,9,3,76,38,2
139,48,26,184.62,5,0,24,6,12,1,0,4,3,76,38,2
172,17,11,154.55,2,3.5,27,5,3,0,0,2,1,77,39,2
173,20,15,133.33,3,8.4,27,5,6,1,0,3,0,77,39,2
174,15,17,88.24,4,15.1,27,5,11,0,0,1,0,77,39,2
171,64,52,123.08,1,16.2,27,18,24,1,0,8,1,77,39,2
81,13,6,216.67,6,17.3,27,2,1,1,0,1,1,77,39,2
4,12,7,171.43,5,18.2,27,4,0,0,0,3,0,77,39,2
177,10,10,100,7,0,27,3,6,0,0,1,0,77,39,2
78,4,4,100,8,0,27,0,4,0,0,0,0,77,39,2
127,6,9,66.67,1,4.2,23,3,6,0,0,0,0,78,39,2
128,2,6,33.33,3,5.3,23,4,2,0,0,0,0,78,39,2
60,65,39,166.67,4,0,23,9,19,1,0,8,2,78,39,2
3,82,60,136.67,2,0,23,19,28,2,0,8,3,78,39,2
71,98,62,158.06,2,18.3,24,18,28,1,0,11,4,79,40,2
2,93,55,169.09,1,0,24,10,29,1,0,14,1,79,40,2
6,6,4,150,3,0,24,1,2,0,0,1,0,79,40,2
184,13,8,162.5,1,1.6,28,3,3,0,0,1,1,80,40,2
185,11,10,110,2,3.5,28,5,3,0,0,2,0,80,40,2
7,28,25,112,4,12.1,28,8,14,0,0,2,1,80,40,2
61,18,14,128.57,5,17.1,28,5,6,0,0,3,0,80,40,2
187,71,54,131.48,3,0,28,15,29,1,0,7,2,80,40,2
193,13,9,144.44,6,0,28,3,3,1,0,2,0,80,40,2
3,13,15,86.67,2,4.5,23,8,5,0,0,2,0,81,41,2
128,1,3,33.33,3,5.4,23,2,1,0,0,0,0,81,41,2
60,67,43,155.81,4,18.5,23,11,21,1,0,8,2,81,41,2
127,68,57,119.3,1,0,23,17,32,1,0,4,3,81,41,2
94,4,2,200,5,0,23,1,0,0,0,1,0,81,41,2
157,12,6,200,2,2.3,25,2,2,0,0,1,1,82,41,2
148,75,45,166.67,3,15.2,25,16,17,0,0,7,5,82,41,2
147,49,44,111.36,1,16.2,25,15,23,0,0,5,1,82,41,2
150,9,6,150,5,0,25,3,1,0,0,2,0,82,41,2
31,12,8,150,4,0,25,2,4,0,0,2,0,82,41,2
171,1,3,33.33,1,0.5,27,2,1,0,0,0,0,83,42,2
173,19,8,237.5,3,2.5,27,3,1,0,0,3,1,83,42,2
174,6,3,200,4,3.6,27,2,0,0,0,0,1,83,42,2
4,4,5,80,5,7.4,27,1,4,0,0,0,0,83,42,2
172,27,28,96.43,2,7.6,27,15,9,0,0,3,1,83,42,2
81,20,20,100,7,12.3,27,11,6,0,0,2,1,83,42,2
183,13,13,100,8,16.1,27,6,5,0,0,2,0,83,42,2
78,3,6,50,9,18.1,27,3,3,0,0,0,0,83,42,2
181,0,2,0,10,18.3,27,2,0,0,0,0,0,83,42,2
179,0,1,0,11,18.4,27,1,0,0,0,0,0,83,42,2
177,22,23,95.65,6,0,27,9,12,0,0,1,1,83,42,2
73,1,2,50,2,1.1,22,1,1,0,0,0,0,84,42,2
120,9,7,128.57,1,2.2,22,4,1,0,0,2,0,84,42,2
121,39,34,114.71,3,12.2,22,14,15,0,0,3,2,84,42,2
122,43,37,116.22,4,14.1,22,13,18,0,1,4,1,84,42,2
9,0,4,0,6,14.5,22,4,0,0,0,0,0,84,42,2
50,3,4,75,7,0,22,1,3,0,0,0,0,84,42,2
8,17,15,113.33,5,0,22,8,5,0,0,0,2,84,42,2
29,1,3,33.33,2,1.2,21,2,1,0,0,0,0,85,43,2
45,0,3,0,3,1.5,21,3,0,0,0,0,0,85,43,2
109,0,2,0,4,2.6,21,2,0,0,0,0,0,85,43,2
5,6,4,150,5,3.5,21,3,0,0,0,0,1,85,43,2
110,48,32,150,6,17.1,21,9,16,0,0,5,2,85,43,2
84,106,66,160.61,1,0,21,21,26,3,0,11,5,85,43,2
112,13,10,130,7,0,21,5,2,0,1,2,0,85,43,2
2,15,9,166.67,1,1.4,24,4,1,1,0,3,0,86,43,2
71,29,22,131.82,2,9.3,24,6,11,1,0,4,0,86,43,2
137,32,36,88.89,3,12.5,24,14,18,1,0,3,0,86,43,2
138,26,15,173.33,4,14.1,24,3,8,0,0,3,1,86,43,2
6,3,5,60,5,14.6,24,2,3,0,0,0,0,86,43,2
139,12,8,150,6,15.6,24,4,2,0,0,1,1,86,43,2
140,14,10,140,7,19.1,24,4,4,0,0,1,1,86,43,2
146,2,3,66.67,9,0,24,1,2,0,0,0,0,86,43,2
141,15,13,115.38,8,0,24,5,5,1,0,2,0,86,43,2
157,18,18,100,2,5.3,25,9,6,0,0,3,0,87,44,2
147,14,16,87.5,1,6.6,25,7,8,0,0,0,1,87,44,2
148,31,13,238.46,3,8.2,25,4,3,0,0,4,2,87,44,2
150,7,5,140,4,9.6,25,1,3,0,0,1,0,87,44,2
155,44,22,200,6,18.2,25,3,12,0,0,5,2,87,44,2
151,5,6,83.33,7,0,25,4,1,0,0,1,0,87,44,2
158,46,41,112.2,5,0,25,12,24,0,0,4,1,87,44,2
171,5,3,166.67,1,0.4,27,1,1,0,0,1,0,88,44,2
172,2,4,50,2,1.2,27,2,2,0,0,0,0,88,44,2
174,17,18,94.44,4,6.1,27,7,9,0,0,2,0,88,44,2
173,31,27,114.81,3,11.1,27,10,13,0,0,3,1,88,44,2
175,11,12,91.67,6,13.6,27,5,5,1,0,1,0,88,44,2
177,1,3,33.33,7,14.4,27,2,1,0,0,0,0,88,44,2
178,8,4,200,8,15.4,27,2,0,0,0,2,0,88,44,2
4,44,32,137.5,5,17.3,27,8,18,0,0,5,1,88,44,2
52,12,9,133.33,9,0,27,0,8,0,0,1,0,88,44,2
179,12,10,120,10,0,27,4,4,0,0,2,0,88,44,2
43,0,3,0,1,0.3,21,3,0,0,0,0,0,89,45,2
45,54,38,142.11,3,9.1,21,16,14,0,0,4,4,89,45,2
109,30,21,142.86,4,0,21,5,12,0,0,3,1,89,45,2
119,113,60,188.33,2,0,21,16,23,3,0,12,6,89,45,2
1,8,10,80,1,1.5,26,7,2,0,0,0,1,90,45,2
56,10,9,111.11,2,4.3,26,4,4,0,0,0,1,90,45,2
159,24,20,120,3,9.1,26,5,12,0,0,3,0,90,45,2
59,35,27,129.63,4,12.5,26,9,13,0,0,4,1,90,45,2
170,20,23,86.96,5,18.2,26,9,12,0,0,2,0,90,45,2
162,26,7,371.43,7,0,26,1,0,0,0,5,1,90,45,2
161,53,24,220.83,6,0,26,7,7,1,0,5,4,90,45,2
73,8,11,72.73,2,3.4,22,6,4,0,0,1,0,91,46,2
121,14,11,127.27,3,6.4,22,5,4,0,0,1,1,91,46,2
120,42,34,123.53,1,11.4,22,12,16,0,0,5,1,91,46,2
122,21,15,140,4,12.1,22,5,7,0,0,2,1,91,46,2
9,16,10,160,6,15.1,22,2,6,0,0,1,1,91,46,2
8,13,12,108.33,5,15.4,22,5,5,0,0,2,0,91,46,2
126,21,14,150,8,19.5,22,6,3,1,0,4,0,91,46,2
124,0,1,0,9,0,22,1,0,0,0,0,0,91,46,2
123,22,12,183.33,7,0,22,3,6,0,0,1,2,91,46,2
88,31,27,114.81,1,9.1,25,10,13,0,0,3,1,92,46,2
148,28,24,116.67,3,16.1,25,8,12,0,0,4,0,92,46,2
31,16,8,200,4,0,25,4,0,0,0,4,0,92,46,2
147,89,50,178,2,0,25,11,23,2,0,11,3,92,46,2
84,6,2,300,1,0.2,21,1,0,0,0,0,1,93,47,2
45,34,31,109.68,3,8.4,21,15,10,1,0,4,1,93,47,2
29,21,35,60,2,15.1,21,15,19,1,0,0,0,93,47,2
5,8,7,114.29,5,17.5,21,4,1,0,1,1,0,93,47,2
109,63,41,153.66,4,0,21,12,19,1,0,6,3,93,47,2
112,3,5,60,6,0,21,2,3,0,0,0,0,93,47,2
2,9,7,128.57,1,1.3,24,4,1,0,0,2,0,94,47,2
137,0,2,0,3,1.5,24,2,0,0,0,0,0,94,47,2
138,3,6,50,4,3.5,24,3,3,0,0,0,0,94,47,2
71,36,22,163.64,2,7.3,24,10,6,0,0,3,3,94,47,2
140,14,7,200,6,9.4,24,3,2,0,0,0,2,94,47,2
139,23,23,100,5,12.5,24,9,11,0,0,3,0,94,47,2
141,24,24,100,8,0,24,9,12,0,0,3,0,94,47,2
6,26,29,89.66,7,0,24,9,18,0,0,2,0,94,47,2
29,17,10,170,2,1.5,21,5,1,0,0,4,0,95,48,2
45,66,48,137.5,3,15.5,21,16,20,1,0,11,0,95,48,2
119,72,50,144,1,19.6,21,14,24,0,0,12,0,95,48,2
5,0,0,0,5,0,21,0,0,0,0,0,0,95,48,2
109,35,13,269.23,4,0,21,2,5,0,0,3,3,95,48,2
120,56,36,155.56,1,8.3,22,15,12,0,0,5,4,96,48,2
73,18,19,94.74,2,9.3,22,6,12,0,0,0,1,96,48,2
121,31,20,155,3,15.4,22,4,11,1,0,3,1,96,48,2
122,46,28,164.29,4,18.1,22,9,10,1,0,7,1,96,48,2
8,19,11,172.73,5,0,22,3,5,0,0,2,1,96,48,2
9,14,8,175,6,0,22,3,2,1,0,1,1,96,48,2
29,7,8,87.5,2,3.3,21,4,3,0,0,1,0,97,49,2
45,24,29,82.76,3,12.4,21,10,18,0,0,0,1,97,49,2
84,68,47,144.68,1,15.2,21,14,22,1,0,8,2,97,49,2
5,8,6,133.33,5,16.5,21,3,2,0,0,0,1,97,49,2
112,4,2,200,6,17.2,21,1,0,0,0,1,0,97,49,2
119,1,2,50,7,0,21,1,1,0,0,0,0,97,49,2
109,56,28,200,4,0,21,7,9,1,1,9,1,97,49,2
88,0,2,0,1,0.2,25,2,0,0,0,0,0,98,49,2
148,72,57,126.32,3,0,25,18,29,1,1,5,3,98,49,2
147,99,61,162.3,2,0,25,16,29,1,0,11,4,98,49,2
28,23,9,255.56,1,2.2,41,2,3,0,0,2,2,99,50,3
3,19,14,135.71,3,6.1,41,6,5,0,0,2,1,99,50,3
121,4,3,133.33,4,6.4,41,2,0,0,0,1,0,99,50,3
148,1,3,33.33,5,7.1,41,2,1,0,0,0,0,99,50,3
62,34,33,103.03,6,16.6,41,10,20,0,0,2,1,99,50,3
228,10,7,142.86,7,18.4,41,4,0,1,0,2,0,99,50,3
130,4,2,200,8,0,41,1,0,0,0,1,0,99,50,3
227,103,49,210.2,2,0,41,7,25,1,0,10,6,99,50,3
18,5,14,35.71,2,3.5,40,9,5,0,0,0,0,100,50,3
29,20,15,133.33,1,6.1,40,5,8,0,0,0,2,100,50,3
59,10,8,125,4,8.1,40,3,4,0,0,0,1,100,50,3
32,30,24,125,5,15.4,40,4,18,0,0,0,2,100,50,3
19,45,37,121.62,3,17.3,40,9,23,0,0,4,1,100,50,3
6,27,13,207.69,6,18.6,40,4,3,1,0,4,1,100,50,3
224,12,4,300,8,0,40,1,0,0,0,3,0,100,50,3
23,15,5,300,7,0,40,1,1,0,0,2,1,100,50,3
84,21,19,110.53,1,5.6,39,9,7,0,0,2,1,101,51,3
56,28,25,112,2,7.4,39,11,10,0,0,3,1,101,51,3
222,10,7,142.86,3,8.3,39,2,4,0,0,0,1,101,51,3
88,33,20,165,5,15.3,39,4,11,0,0,4,1,101,51,3
109,54,36,150,4,19.5,39,10,18,1,0,4,3,101,51,3
86,26,13,200,6,0,39,5,2,3,0,0,3,101,51,3
48,0,1,0,7,0,39,1,0,0,0,0,0,101,51,3
71,97,56,173.21,1,0,42,11,31,0,0,9,5,102,51,3
231,84,52,161.54,2,0,42,15,24,0,0,9,4,102,51,3
188,109,59,184.75,1,0,35,16,21,4,0,14,4,103,52,3
210,110,64,171.88,2,0,35,16,30,1,0,12,5,103,52,3
1,7,6,116.67,2,1.6,34,2,3,0,0,1,0,104,52,3
2,14,12,116.67,1,3.4,34,6,4,0,0,1,1,104,52,3
207,0,6,0,4,4.5,34,6,0,0,0,0,0,104,52,3
208,48,35,137.14,5,14.5,34,13,16,0,0,2,4,104,52,3
184,55,31,177.42,3,15.1,34,10,13,0,0,3,5,104,52,3
61,21,12,175,6,18.5,34,5,3,1,0,1,2,104,52,3
81,30,13,230.77,7,19.5,34,4,2,1,0,5,1,104,52,3
91,5,4,125,8,0,34,2,1,0,0,1,0,104,52,3
25,0,1,0,9,0,34,1,0,0,0,0,0,104,52,3
199,4,9,44.44,2,3.3,32,5,4,0,0,0,0,105,53,3
74,9,14,64.29,3,7.1,32,8,5,0,0,1,0,105,53,3
200,8,5,160,4,7.6,32,3,0,0,0,2,0,105,53,3
159,50,34,147.06,1,11.4,32,12,16,0,0,1,5,105,53,3
201,12,7,171.43,6,13.1,32,3,2,0,0,1,1,105,53,3
50,33,18,183.33,7,18.3,32,6,7,0,0,2,3,105,53,3
202,8,5,160,8,0,32,2,2,0,0,0,1,105,53,3
128,78,29,268.97,5,0,32,7,8,0,0,7,7,105,53,3
195,31,18,172.22,1,5.1,31,8,5,0,0,2,3,106,53,3
197,5,6,83.33,3,6.1,31,4,1,0,0,1,0,106,53,3
196,25,17,147.06,4,11.4,31,5,9,0,0,1,2,106,53,3
194,45,35,128.57,2,13.5,31,12,17,0,0,4,2,106,53,3
5,37,20,185,5,19.1,31,4,11,0,0,2,3,106,53,3
145,8,5,160,7,0,31,3,0,0,0,2,0,106,53,3
113,45,21,214.29,6,0,31,6,7,1,0,3,4,106,53,3
73,52,32,162.5,2,9.1,37,10,14,0,0,5,3,107,54,3
40,8,7,114.29,3,10.6,37,4,2,0,0,0,1,107,54,3
83,67,49,136.73,1,0,37,14,25,3,0,3,4,107,54,3
138,86,33,260.61,4,0,37,7,10,1,0,8,7,107,54,3
157,35,18,194.44,1,5.1,38,7,5,0,0,3,3,108,54,3
45,54,36,150,3,15.3,38,10,20,0,0,1,5,108,54,3
218,55,45,122.22,2,17.3,38,8,31,2,0,2,2,108,54,3
33,28,18,155.56,4,0,38,7,4,2,0,5,0,108,54,3
219,0,3,0,5,0,38,3,0,0,0,0,0,108,54,3
204,14,8,175,2,2.2,33,3,2,0,0,3,0,109,55,3
95,30,25,120,3,10.3,33,10,12,0,0,0,3,109,55,3
46,23,16,143.75,4,16.3,33,4,9,0,0,2,1,109,55,3
205,0,2,0,5,16.5,33,2,0,0,0,0,0,109,55,3
98,10,7,142.86,6,19.6,33,3,2,0,0,2,0,109,55,3
180,131,64,204.69,1,0,33,15,27,1,0,12,9,109,55,3
140,0,0,0,7,0,33,0,0,0,0,0,0,109,55,3
216,2,4,50,2,1.3,36,2,2,0,0,0,0,110,55,3
215,18,11,163.64,1,3.6,36,3,6,0,0,0,2,110,55,3
31,50,28,178.57,3,11.2,36,8,12,1,0,3,4,110,55,3
87,42,28,150,4,12.5,36,9,12,1,0,4,2,110,55,3
82,11,5,220,6,13.6,36,2,1,0,0,1,1,110,55,3
94,15,13,115.38,7,17.3,36,4,7,0,0,2,0,110,55,3
7,21,18,116.67,5,18.2,36,5,11,0,0,1,1,110,55,3
162,11,5,220,8,0,36,2,1,0,0,1,1,110,55,3
24,9,8,112.5,9,0,36,4,3,0,0,0,1,110,55,3
56,30,13,230.77,2,4.3,39,6,2,0,0,1,4,111,56,3
222,1,2,50,3,5.1,39,1,1,0,0,0,0,111,56,3
84,1,5,20,4,6.1,39,4,1,0,0,0,0,111,56,3
86,26,24,108.33,5,14.2,39,7,14,0,0,3,0,111,56,3
88,72,46,156.52,1,16.2,39,12,24,1,0,4,5,111,56,3
109,8,9,88.89,6,16.6,39,4,4,0,0,1,0,111,56,3
112,1,6,16.67,7,17.3,39,5,1,0,0,0,0,111,56,3
223,8,7,114.29,9,0,39,3,2,1,0,1,0,111,56,3
163,18,8,225,8,0,39,3,1,0,1,2,1,111,56,3
29,56,24,233.33,1,7.2,40,9,6,0,0,2,7,112,56,3
32,49,25,196,3,0,40,4,13,1,0,4,3,112,56,3
18,62,39,158.97,2,0,40,8,24,0,0,2,5,112,56,3
184,8,8,100,1,1.5,28,5,2,0,0,0,1,35,18,2
186,0,1,0,3,1.6,28,1,0,0,0,0,0,35,18,2
185,5,7,71.43,2,2.4,28,5,1,0,0,1,0,35,18,2
7,1,6,16.67,5,3.4,28,5,1,0,0,0,0,35,18,2
61,7,11,63.64,6,8.1,28,4,7,0,0,0,0,35,18,2
187,43,26,165.38,4,10.3,28,13,5,0,0,5,3,35,18,2
188,9,6,150,8,11.5,28,3,1,0,0,2,0,35,18,2
189,9,12,75,7,14.2,28,6,5,0,0,1,0,35,18,2
11,27,27,100,9,0,28,14,7,2,0,4,0,35,18,2
53,17,16,106.25,10,0,28,6,7,1,0,2,0,35,18,2
172,43,28,153.57,2,10.1,27,10,11,0,0,5,2,36,18,2
173,0,1,0,3,10.2,27,1,0,0,0,0,0,36,18,2
171,49,37,132.43,1,11.3,27,17,13,0,0,3,4,36,18,2
174,14,5,280,5,0,27,1,2,0,0,0,2,36,18,2
4,23,12,191.67,4,0,27,4,5,0,0,0,3,36,18,2
219,5,5,100,1,1.4,38,3,1,0,0,1,0,113,57,3
45,27,28,96.43,3,11.1,38,10,15,0,0,3,0,113,57,3
157,45,36,125,2,11.5,38,10,19,2,0,4,1,113,57,3
33,5,4,125,4,12.2,38,2,1,0,0,1,0,113,57,3
175,7,5,140,6,13.5,38,1,3,0,0,1,0,113,57,3
220,41,21,195.24,7,0,38,2,13,1,0,2,3,113,57,3
218,26,21,123.81,5,0,38,5,14,0,0,0,2,113,57,3
28,10,9,111.11,1,2.6,41,2,6,0,0,1,0,114,57,3
3,37,20,185,3,10.2,41,3,11,1,0,3,2,114,57,3
227,61,48,127.08,2,15.2,41,9,31,3,0,3,2,114,57,3
121,28,17,164.71,4,15.5,41,5,8,0,0,2,2,114,57,3
228,5,2,250,6,0,41,0,1,0,0,1,0,114,57,3
148,16,6,266.67,5,0,41,1,2,0,0,2,1,114,57,3
71,1,3,33.33,1,0.6,42,2,1,0,0,0,0,115,58,3
85,8,8,100,3,2.6,42,3,4,0,0,1,0,115,58,3
231,18,12,150,2,4.1,42,2,8,0,0,1,1,115,58,3
173,17,17,100,4,10.1,42,6,9,1,0,0,1,115,58,3
9,45,26,173.08,6,16.4,42,7,11,0,0,7,1,115,58,3
22,12,9,133.33,7,18.6,42,3,4,0,0,2,0,115,58,3
60,56,40,140,5,19.1,42,13,18,1,0,6,2,115,58,3
54,0,0,0,8,0,42,0,0,0,0,0,0,115,58,3
167,10,5,200,9,0,42,3,0,0,0,1,1,115,58,3
83,14,16,87.5,1,6.4,37,5,10,0,0,1,0,116,58,3
73,1,2,50,3,7.2,37,1,1,0,0,0,0,116,58,3
138,66,46,143.48,2,14.4,37,15,22,0,0,5,4,116,58,3
8,6,2,300,5,14.6,37,1,0,0,0,0,1,116,58,3
49,0,1,0,6,15.4,37,1,0,0,0,0,0,116,58,3
63,6,7,85.71,7,17.2,37,4,2,0,0,1,0,116,58,3
105,8,5,160,8,18.3,37,3,0,0,0,2,0,116,58,3
40,55,33,166.67,4,19.4,37,8,17,0,0,5,3,116,58,3
52,0,0,0,10,0,37,0,0,0,0,0,0,116,58,3
27,8,8,100,9,0,37,4,2,1,0,1,0,116,58,3
194,1,3,33.33,2,0.5,31,2,1,0,0,0,0,117,59,3
195,109,57,191.23,1,18.1,31,10,31,2,0,5,9,117,59,3
145,20,8,250,4,0,31,2,2,0,0,3,1,117,59,3
196,84,52,161.54,3,0,31,14,26,1,0,5,6,117,59,3
210,8,8,100,2,1.4,35,6,0,0,0,2,0,118,59,3
188,2,5,40,1,2.3,35,3,2,0,0,0,0,118,59,3
30,21,17,123.53,4,8.3,35,7,7,0,0,2,1,118,59,3
139,6,3,200,5,8.6,35,1,0,1,0,1,0,118,59,3
212,0,1,0,6,9.2,35,1,0,0,0,0,0,118,59,3
211,44,35,125.71,3,12.5,35,13,14,2,0,5,1,118,59,3
35,0,1,0,8,12.6,35,1,0,0,0,0,0,118,59,3
64,14,21,66.67,7,16.3,35,10,10,0,0,1,0,118,59,3
78,0,3,0,10,16.6,35,3,0,0,0,0,0,118,59,3
213,18,15,120,9,17.6,35,7,4,2,0,1,1,118,59,3
214,1,2,50,11,0,35,1,1,0,0,0,0,118,59,3
180,2,4,50,1,1.1,33,2,2,0,0,0,0,119,60,3
95,10,6,166.67,3,2.6,33,4,0,0,0,1,1,119,60,3
204,20,9,222.22,2,3.1,33,4,2,0,0,0,3,119,60,3
46,0,2,0,4,4.6,33,2,0,0,0,0,0,119,60,3
98,38,29,131.03,5,9.5,33,13,10,0,0,4,2,119,60,3
140,50,28,178.57,7,18.4,33,6,14,0,0,6,2,119,60,3
205,62,39,158.97,6,0,33,13,16,0,0,7,3,119,60,3
89,1,3,33.33,8,0,33,2,1,0,0,0,0,119,60,3
199,6,10,60,2,2.1,32,7,2,0,0,1,0,120,60,3
200,29,17,170.59,3,6.5,32,7,5,0,0,3,2,120,60,3
74,0,1,0,4,6.6,32,1,0,0,0,0,0,120,60,3
128,1,2,50,5,7.4,32,1,1,0,0,0,0,120,60,3
201,61,21,290.48,6,12.2,32,4,7,0,0,3,7,120,60,3
50,29,25,116,7,18.2,32,12,9,0,0,2,2,120,60,3
159,55,38,144.74,1,0,32,11,19,0,0,6,2,120,60,3
233,8,4,200,8,0,32,2,0,0,0,2,0,120,60,3
1,25,13,192.31,2,3.6,34,6,3,0,0,1,3,121,61,3
184,4,3,133.33,3,4.6,34,2,0,0,0,1,0,121,61,3
208,39,26,150,4,11.5,34,8,13,0,0,2,3,121,61,3
110,19,13,146.15,5,16.2,34,3,7,1,0,1,1,121,61,3
2,66,54,122.22,1,0,34,19,26,1,0,5,3,121,61,3
61,23,12,191.67,6,0,34,3,5,0,0,3,1,121,61,3
215,17,11,154.55,1,2.5,36,5,3,0,0,2,1,122,61,3
216,57,25,228,2,8.3,36,10,5,0,0,4,6,122,61,3
87,18,10,180,4,11.1,36,5,2,0,0,1,2,122,61,3
7,5,6,83.33,5,12.2,36,4,1,0,0,1,0,122,61,3
31,61,30,203.33,3,0,36,11,9,0,0,4,6,122,61,3
82,25,9,277.78,6,0,36,3,1,0,0,3,2,122,61,3
83,0,5,0,1,0.5,37,5,0,0,0,0,0,123,62,3
73,47,33,142.42,3,10.5,37,11,15,0,0,5,2,123,62,3
138,23,29,79.31,2,11.3,37,10,17,1,0,1,0,123,62,3
40,39,25,156,4,0,37,6,13,0,0,5,1,123,62,3
8,46,28,164.29,5,0,37,9,10,1,0,7,1,123,62,3
88,9,11,81.82,2,3.3,39,7,3,0,0,0,1,124,62,3
56,12,19,63.16,3,7.5,39,9,9,0,1,0,0,124,62,3
84,11,4,275,4,8.5,39,1,1,0,0,1,1,124,62,3
86,2,5,40,5,10.1,39,3,2,0,0,0,0,124,62,3
109,1,3,33.33,6,10.5,39,2,1,0,0,0,0,124,62,3
48,6,9,66.67,7,14.2,39,3,6,0,0,0,0,124,62,3
112,6,3,200,8,14.5,39,2,0,0,0,0,1,124,62,3
163,6,11,54.55,9,18.5,39,5,6,0,0,0,0,124,62,3
43,84,50,168,1,0,39,6,32,1,0,8,3,124,62,3
223,11,5,220,10,0,39,1,1,1,0,2,0,124,62,3
219,38,24,158.33,2,7.2,38,10,8,0,0,3,3,125,63,3
45,4,5,80,3,9.3,38,1,4,0,0,0,0,125,63,3
218,3,4,75,4,10.6,38,1,3,0,0,0,0,125,63,3
157,39,37,105.41,1,11.5,38,18,13,0,0,5,1,125,63,3
175,4,10,40,6,15.2,38,6,4,0,0,0,0,125,63,3
220,7,5,140,7,17.1,38,1,3,0,0,1,0,125,63,3
125,7,8,87.5,8,18.6,38,5,1,1,0,1,0,125,63,3
141,5,2,250,9,0,38,0,1,0,0,1,0,125,63,3
33,40,25,160,5,0,38,7,12,0,0,4,2,125,63,3
29,37,23,160.87,1,6.1,40,12,5,0,0,2,4,126,63,3
19,32,25,128,3,15.3,40,7,14,0,0,3,1,126,63,3
18,72,46,156.52,2,15.4,40,16,20,0,0,4,6,126,63,3
6,2,3,66.67,5,16.3,40,1,2,0,0,0,0,126,63,3
59,1,3,33.33,4,0,40,2,1,0,0,0,0,126,63,3
32,7,3,233.33,6,0,40,1,1,0,0,0,1,126,63,3
204,23,19,121.05,2,5.4,33,11,5,0,0,0,3,127,64,3
180,28,26,107.69,1,9.5,33,9,14,0,0,2,1,127,64,3
95,22,18,122.22,3,10.4,33,8,6,0,0,4,0,127,64,3
46,0,2,0,4,10.6,33,2,0,0,0,0,0,127,64,3
205,22,20,110,6,17.4,33,6,12,0,0,1,1,127,64,3
98,28,24,116.67,5,19.2,33,7,14,0,0,2,1,127,64,3
140,5,8,62.5,7,0,33,4,3,1,0,0,0,127,64,3
89,1,3,33.33,8,0,33,2,1,0,0,0,0,127,64,3
2,54,23,234.78,2,5.3,34,6,8,0,0,4,5,128,64,3
184,40,34,117.65,1,0,34,6,24,1,0,2,1,128,64,3
1,37,25,148,3,0,34,4,17,0,0,2,2,128,64,3
231,0,2,0,2,0.4,42,2,0,0,0,0,0,129,65,3
71,11,11,100,1,4.3,42,6,3,0,0,2,0,129,65,3
173,43,22,195.45,4,10.3,42,7,9,0,0,1,5,129,65,3
60,6,8,75,5,12.2,42,5,2,0,0,1,0,129,65,3
9,26,14,185.71,6,15.6,42,4,6,0,0,2,2,129,65,3
22,15,11,136.36,7,19.3,42,3,5,1,0,2,0,129,65,3
54,1,3,33.33,8,0,42,2,1,0,0,0,0,129,65,3
85,54,49,110.2,3,0,42,14,28,3,0,2,2,129,65,3
227,2,7,28.57,2,2.5,41,5,2,0,0,0,0,130,65,3
3,17,8,212.5,3,4.3,41,4,1,0,0,1,2,130,65,3
121,20,12,166.67,4,8.1,41,3,6,0,0,2,1,130,65,3
28,67,45,148.89,1,15.1,41,14,21,0,0,7,3,130,65,3
228,8,6,133.33,6,0,41,3,2,0,0,0,1,130,65,3
148,43,22,195.45,5,0,41,4,11,0,0,5,2,130,65,3
188,13,7,185.71,1,1.4,35,4,1,0,0,0,2,131,66,3
30,44,21,209.52,3,5.5,35,8,6,0,0,2,5,131,66,3
210,20,17,117.65,2,10.4,35,5,10,0,0,1,1,131,66,3
237,47,30,156.67,5,17.5,35,9,13,1,0,5,2,131,66,3
211,52,35,148.57,4,18.2,35,9,18,0,0,7,1,131,66,3
212,2,6,33.33,7,19.6,35,4,2,0,0,0,0,131,66,3
183,0,0,0,8,0,35,0,0,0,0,0,0,131,66,3
139,9,5,180,6,0,35,2,1,0,0,2,0,131,66,3
199,6,3,200,2,1.5,32,2,0,0,0,0,1,132,66,3
200,19,11,172.73,3,5.5,32,5,3,0,0,1,2,132,66,3
128,34,11,309.09,4,8.1,32,1,4,0,0,3,3,132,66,3
159,50,40,125,1,13.1,32,17,16,1,0,2,4,132,66,3
201,13,10,130,6,0,32,2,7,0,0,0,1,132,66,3
74,70,38,184.21,5,0,32,12,16,0,0,3,7,132,66,3
216,9,7,128.57,2,1.6,36,3,3,0,0,0,1,133,67,3
215,12,15,80,1,5.4,36,6,8,0,0,1,0,133,67,3
87,62,38,163.16,4,16.1,36,11,18,0,0,5,4,133,67,3
7,14,8,175,5,17.5,36,3,2,0,0,3,0,133,67,3
31,51,45,113.33,3,19.5,36,14,25,0,0,5,1,133,67,3
82,18,6,300,6,0,36,1,2,0,0,1,2,133,67,3
162,1,1,100,7,0,36,0,1,0,0,0,0,133,67,3
195,7,8,87.5,1,2.1,31,4,3,0,0,1,0,134,67,3
196,7,5,140,3,3.1,31,3,1,0,0,0,1,134,67,3
197,17,15,113.33,4,6.1,31,8,4,0,1,1,1,134,67,3
5,60,29,206.9,5,16.3,31,2,18,1,0,4,4,134,67,3
113,10,5,200,6,17.4,31,3,0,0,0,1,1,134,67,3
145,10,4,250,7,0,31,1,0,1,0,2,0,134,67,3
194,57,45,126.67,2,0,31,14,25,0,0,2,4,134,67,3
138,82,54,151.85,2,16.1,37,21,18,2,0,9,4,135,68,3
83,81,44,184.09,1,16.4,37,11,21,0,0,6,6,135,68,3
8,1,3,33.33,3,17.1,37,2,1,0,0,0,0,135,68,3
73,12,9,133.33,4,0,37,5,2,0,0,1,1,135,68,3
49,16,10,160,5,0,37,4,4,0,0,0,2,135,68,3
227,36,18,200,2,4.6,41,8,4,0,0,2,4,136,68,3
28,32,19,168.42,1,7.4,41,6,8,0,0,3,2,136,68,3
3,36,29,124.14,3,14.2,41,10,14,0,0,4,1,136,68,3
148,4,6,66.67,5,18.1,41,2,4,0,0,0,0,136,68,3
121,77,39,197.44,4,0,41,10,17,0,0,6,6,136,68,3
228,7,7,100,6,0,41,4,1,1,0,1,0,136,68,3
231,1,2,50,2,0.4,42,1,1,0,0,0,0,137,69,3
71,48,39,123.08,1,10.5,42,12,20,1,0,5,1,137,69,3
173,1,3,33.33,4,11.5,42,2,1,0,0,0,0,137,69,3
60,42,25,168,5,18.6,42,7,10,1,0,6,1,137,69,3
9,2,2,100,6,0,42,0,2,0,0,0,0,137,69,3
85,65,49,132.65,3,0,42,9,32,0,1,6,1,137,69,3
18,52,32,162.5,2,10.6,40,9,14,1,0,6,2,138,69,3
29,58,37,156.76,1,11.2,40,12,16,1,0,4,4,138,69,3
19,13,16,81.25,3,16.1,40,8,7,0,0,0,1,138,69,3
59,33,18,183.33,4,0,40,5,7,0,0,5,1,138,69,3
32,6,3,200,5,0,40,0,2,0,0,1,0,138,69,3
195,27,15,180,1,7.3,31,6,5,0,0,1,3,139,70,3
196,0,3,0,3,7.6,31,3,0,0,0,0,0,139,70,3
197,31,14,221.43,4,12.4,31,4,5,0,0,2,3,139,70,3
194,74,53,139.62,2,15.2,31,20,22,0,0,7,4,139,70,3
5,36,24,150,5,0,31,9,8,1,0,5,1,139,70,3
113,32,11,290.91,6,0,31,3,2,0,0,3,3,139,70,3
184,27,21,128.57,2,6.5,34,11,5,1,0,2,2,140,70,3
2,47,29,162.07,1,8.5,34,12,9,1,0,3,4,140,70,3
208,55,24,229.17,4,15.6,34,6,9,0,0,4,5,140,70,3
61,9,5,180,5,18.1,34,1,3,0,0,0,1,140,70,3
110,0,3,0,6,18.4,34,3,0,0,0,0,0,140,70,3
235,8,3,266.67,7,0,34,0,2,0,0,0,1,140,70,3
1,51,35,145.71,3,0,34,14,13,0,0,5,3,140,70,3
216,14,13,107.69,2,3.3,36,7,4,0,0,1,1,141,71,3
31,21,14,150,3,7.2,36,7,3,0,0,3,1,141,71,3
87,0,1,0,4,7.3,36,1,0,0,0,0,0,141,71,3
215,19,24,79.17,1,9.1,36,11,11,0,0,2,0,141,71,3
7,7,5,140,5,9.5,36,1,3,0,0,1,0,141,71,3
82,15,13,115.38,6,12.2,36,6,5,0,0,1,1,141,71,3
94,14,8,175,7,13.3,36,2,4,0,0,1,1,141,71,3
24,8,6,133.33,9,14.4,36,3,2,0,0,0,1,141,71,3
53,0,3,0,10,15.3,36,3,0,0,0,0,0,141,71,3
134,5,9,55.56,11,17.6,36,5,3,1,0,0,0,141,71,3
162,9,13,69.23,8,0,36,5,7,1,0,0,0,141,71,3
159,20,14,142.86,1,2.3,32,8,2,0,0,3,1,142,71,3
200,1,5,20,3,3.3,32,4,1,0,0,0,0,142,71,3
199,2,5,40,2,3.6,32,3,2,0,0,0,0,142,71,3
74,6,3,200,5,4.6,32,2,0,0,0,0,1,142,71,3
201,19,13,146.15,6,10.2,32,5,5,0,0,2,1,142,71,3
128,59,23,256.52,4,0,32,6,7,0,0,4,6,142,71,3
50,6,4,150,7,0,32,3,0,0,0,0,1,142,71,3
210,18,13,138.46,1,2.1,35,8,2,0,0,1,2,143,72,3
211,11,12,91.67,3,6.3,35,6,5,0,0,0,1,143,72,3
30,22,22,100,2,9.2,35,10,8,1,0,3,0,143,72,3
237,26,19,136.84,4,12.5,35,7,8,1,0,1,2,143,72,3
139,34,24,141.67,5,17.1,35,9,10,0,0,3,2,143,72,3
64,17,10,170,7,19.5,35,4,3,0,0,2,1,143,72,3
212,38,20,190,6,0,35,7,6,1,0,3,3,143,72,3
188,0,1,0,8,0,35,1,0,0,0,0,0,143,72,3
204,1,4,25,2,2.3,33,3,1,0,0,0,0,144,72,3
180,22,18,122.22,1,5.2,33,9,6,0,0,1,2,144,72,3
95,38,22,172.73,3,11.6,33,8,8,0,0,3,3,144,72,3
98,19,13,146.15,5,15.4,33,5,5,0,0,2,1,144,72,3
46,80,45,177.78,4,17.5,33,14,18,1,0,6,6,144,72,3
140,0,1,0,7,0,33,1,0,0,0,0,0,144,72,3
205,7,6,116.67,6,0,33,2,3,0,0,1,0,144,72,3
29,0,3,0,1,0.3,40,3,0,0,0,0,0,145,73,3
19,6,5,120,3,1.5,40,4,0,0,0,0,1,145,73,3
18,1,7,14.29,2,2.4,40,6,1,0,0,0,0,145,73,3
59,15,12,125,5,6.2,40,5,5,0,0,1,1,145,73,3
32,32,21,152.38,4,10.4,40,8,8,0,0,3,2,145,73,3
23,38,26,146.15,7,18.6,40,8,12,0,0,5,1,145,73,3
126,1,2,50,8,0,40,1,1,0,0,0,0,145,73,3
6,65,45,144.44,6,0,40,11,25,1,0,5,3,145,73,3
138,7,9,77.78,2,3.2,37,5,3,0,0,1,0,146,73,3
73,62,36,172.22,3,16.2,37,10,16,0,0,7,3,146,73,3
83,82,57,143.86,1,0,37,21,24,0,0,7,5,146,73,3
8,11,7,157.14,4,0,37,3,1,1,0,2,0,146,73,3
43,57,41,139.02,1,14.5,39,12,21,0,0,6,2,147,74,3
88,64,53,120.75,2,16.2,39,15,30,0,0,7,1,147,74,3
86,1,2,50,4,17.1,39,1,1,0,0,0,0,147,74,3
109,18,8,225,5,19.6,39,2,2,0,0,4,0,147,74,3
84,18,16,112.5,3,0,39,7,6,0,0,3,0,147,74,3
48,0,0,0,6,0,39,0,0,0,0,0,0,147,74,3
157,61,38,160.53,1,10.6,38,14,13,1,0,7,3,148,74,3
238,57,44,129.55,2,15.1,38,13,23,0,0,7,1,148,74,3
219,0,1,0,4,15.2,38,1,0,0,0,0,0,148,74,3
33,6,4,150,5,15.6,38,3,0,0,0,0,1,148,74,3
45,12,11,109.09,3,16.1,38,4,6,0,0,0,1,148,74,3
34,2,5,40,6,18.4,38,3,2,0,0,0,0,148,74,3
220,15,13,115.38,7,0,38,5,5,1,0,2,0,148,74,3
125,5,4,125,8,0,38,2,1,0,0,1,0,148,74,3
180,20,12,166.67,2,3.3,33,5,4,0,0,1,2,149,75,3
95,3,5,60,3,4.2,33,3,1,1,0,0,0,149,75,3
46,54,38,142.11,4,14.4,33,12,17,1,1,5,2,149,75,3
239,84,41,204.88,1,17.1,33,8,20,0,0,7,6,149,75,3
98,18,7,257.14,6,0,33,1,2,1,0,2,1,149,75,3
205,41,17,241.18,5,0,33,5,3,1,0,6,2,149,75,3
195,6,3,200,2,0.4,31,2,0,0,0,0,1,150,75,3
194,5,5,100,1,1.4,31,3,1,0,0,1,0,150,75,3
197,9,7,128.57,4,4.4,31,3,3,0,0,0,1,150,75,3
5,0,1,0,5,4.5,31,1,0,0,0,0,0,150,75,3
196,75,35,214.29,3,10.6,31,10,13,0,0,5,7,150,75,3
113,83,47,176.6,6,0,31,10,25,1,0,5,6,150,75,3
145,40,23,173.91,7,0,31,3,14,0,0,5,1,150,75,3
216,6,6,100,1,0.6,36,5,0,0,0,0,1,151,76,3
31,9,10,90,3,3.5,36,4,5,0,0,1,0,151,76,3
147,84,56,150,2,18.2,36,17,26,1,0,8,4,151,76,3
87,53,42,126.19,4,0,36,11,25,0,0,4,2,151,76,3
162,18,7,257.14,5,0,36,2,2,0,0,1,2,151,76,3
210,19,15,126.67,1,3.2,35,9,3,0,0,1,2,152,76,3
30,38,22,172.73,2,9.6,35,5,12,0,0,2,3,152,76,3
211,61,38,160.53,3,15.2,35,10,19,0,0,6,3,152,76,3
139,6,2,300,5,15.4,35,1,0,0,0,0,1,152,76,3
212,13,9,144.44,6,0,35,4,1,2,0,2,0,152,76,3
237,38,21,180.95,4,0,35,6,10,0,0,1,4,152,76,3
2,30,25,120,1,9.3,34,9,12,1,0,1,2,153,77,3
1,65,40,162.5,2,12.6,34,14,15,2,0,4,5,153,77,3
184,23,30,76.67,3,17.2,34,14,13,1,0,2,0,153,77,3
61,17,10,170,4,18.3,34,2,5,0,0,3,0,153,77,3
208,9,9,100,5,0,34,5,2,0,1,1,0,153,77,3
110,14,6,233.33,6,0,34,1,0,3,0,2,0,153,77,3
199,16,14,114.29,2,3.4,32,7,4,0,0,3,0,154,77,3
74,50,39,128.21,3,17.3,32,13,20,0,0,3,3,154,77,3
128,1,4,25,4,18.1,32,3,1,0,0,0,0,154,77,3
159,80,55,145.45,1,0,32,17,26,0,0,9,3,154,77,3
200,7,8,87.5,5,0,32,4,3,0,0,1,0,154,77,3
28,7,7,100,1,1.6,41,3,3,0,0,1,0,155,78,3
3,6,4,150,3,3.2,41,1,2,0,0,1,0,155,78,3
121,3,9,33.33,4,5.2,41,6,3,0,0,0,0,155,78,3
228,8,6,133.33,5,6.3,41,4,0,0,0,2,0,155,78,3
148,49,38,128.95,6,18.2,41,10,21,0,0,7,0,155,78,3
62,11,8,137.5,7,0,41,3,3,0,0,2,0,155,78,3
227,60,50,120,2,0,41,13,28,2,0,7,0,155,78,3
159,15,17,88.24,1,4.4,32,8,7,0,0,2,0,156,78,3
200,0,3,0,3,5.3,32,3,0,0,0,0,0,156,78,3
199,48,42,114.29,2,15.3,32,11,26,0,0,4,1,156,78,3
74,45,32,140.62,4,16.1,32,8,19,0,0,2,3,156,78,3
128,4,4,100,5,16.6,32,3,0,0,0,1,0,156,78,3
201,1,6,16.67,6,17.2,32,5,1,0,0,0,0,156,78,3
233,6,3,200,8,17.5,32,2,0,0,0,0,1,156,78,3
50,0,2,0,7,18.2,32,2,0,0,0,0,0,156,78,3
10,8,5,160,9,19.4,32,3,0,0,0,2,0,156,78,3
203,3,2,150,11,0,32,1,0,0,1,0,0,156,78,3
92,8,4,200,10,0,32,2,0,0,0,2,0,156,78,3
29,7,5,140,1,0.6,40,3,1,0,0,0,1,157,79,3
18,72,38,189.47,2,14.5,40,14,13,0,1,2,8,157,79,3
6,0,2,0,4,15.3,40,2,0,0,0,0,0,157,79,3
32,11,9,122.22,5,17.2,40,6,1,0,0,1,1,157,79,3
19,106,55,192.73,3,18.4,40,16,22,0,0,9,8,157,79,3
126,0,2,0,7,0,40,2,0,0,0,0,0,157,79,3
59,18,9,200,6,0,40,3,2,0,0,4,0,157,79,3
194,92,46,200,1,16.2,31,9,21,1,1,9,5,158,79,3
195,104,58,179.31,2,17.6,31,20,20,0,0,12,6,158,79,3
196,0,5,0,3,18.1,31,5,0,0,0,0,0,158,79,3
113,3,8,37.5,5,0,31,5,3,0,0,0,0,158,79,3
197,11,3,366.67,4,0,31,0,1,0,0,1,1,158,79,3
18,57,42,135.71,2,13.3,40,14,20,0,1,4,3,159,80,3
29,73,47,155.32,1,18.2,40,16,21,0,0,4,6,159,80,3
6,3,4,75,4,0,40,1,3,0,0,0,0,159,80,3
32,48,27,177.78,3,0,40,9,10,0,0,5,3,159,80,3
28,4,7,57.14,1,2.2,41,3,4,0,0,0,0,160,80,3
3,0,2,0,3,2.4,41,2,0,0,0,0,0,160,80,3
227,4,8,50,2,2.6,41,4,4,0,0,0,0,160,80,3
121,9,11,81.82,4,5.3,41,5,5,0,0,1,0,160,80,3
228,3,8,37.5,5,6.6,41,5,3,0,0,0,0,160,80,3
148,44,31,141.94,6,14.6,41,10,14,0,0,6,1,160,80,3
62,45,27,166.67,7,16.3,41,7,13,1,0,3,3,160,80,3
178,20,17,117.65,8,19.3,41,8,6,0,0,2,1,160,80,3
229,8,8,100,9,19.5,41,4,2,1,0,1,0,160,80,3
230,1,1,100,10,0,41,0,1,0,0,0,0,160,80,3
38,0,1,0,11,0,41,1,0,0,0,0,0,160,80,3
2,7,3,233.33,1,0.4,1,1,1,0,0,0,1,161,81,4
1,9,8,112.5,2,2.6,1,4,3,0,0,0,1,161,81,4
4,32,14,228.57,4,9.5,1,2,6,0,0,5,1,161,81,4
3,52,41,126.83,3,11.2,1,15,18,1,0,5,2,161,81,4
9,71,34,208.82,6,0,1,11,9,1,0,9,4,161,81,4
173,36,22,163.64,5,0,1,5,12,0,0,3,2,161,81,4
100,0,2,0,2,0.3,8,2,0,0,0,0,0,162,81,4
97,29,18,161.11,3,4.6,8,9,3,0,0,5,1,162,81,4
99,22,9,244.44,4,6.6,8,2,2,1,0,3,1,162,81,4
98,18,10,180,5,9.2,8,4,2,0,0,4,0,162,81,4
96,50,36,138.89,1,16.3,8,9,20,1,0,4,2,162,81,4
254,4,4,100,7,17.3,8,3,0,0,0,1,0,162,81,4
103,10,6,166.67,8,0,8,0,4,1,0,1,0,162,81,4
101,75,35,214.29,6,0,8,7,14,1,1,8,4,162,81,4
57,4,6,66.67,1,1.6,5,2,4,0,0,0,0,163,82,4
56,12,10,120,2,2.6,5,4,4,1,0,0,1,163,82,4
60,14,12,116.67,3,5.2,5,6,4,0,0,1,1,163,82,4
59,38,23,165.22,4,11.2,5,4,14,0,0,3,2,163,82,4
61,19,14,135.71,6,16.5,5,4,7,0,0,3,0,163,82,4
62,12,7,171.43,7,18.2,5,2,2,1,0,2,0,163,82,4
139,72,40,180,5,18.5,5,8,22,1,0,3,6,163,82,4
64,5,4,125,9,0,5,2,1,0,0,1,0,163,82,4
123,7,4,175,8,0,5,0,3,0,0,1,0,163,82,4
180,11,13,84.62,2,5.3,4,5,7,0,0,1,0,164,82,4
43,45,26,173.08,1,6.6,4,8,11,1,0,2,4,164,82,4
205,19,11,172.73,4,13.6,4,2,7,0,0,0,2,164,82,4
45,85,43,197.67,3,16.6,4,10,17,1,0,12,3,164,82,4
231,18,13,138.46,5,0,4,4,6,0,0,3,0,164,82,4
48,5,4,125,6,0,4,2,1,0,0,1,0,164,82,4
83,3,9,33.33,1,2.1,7,6,3,0,0,0,0,165,83,4
88,13,9,144.44,2,3.6,7,4,3,0,0,1,1,165,83,4
222,38,30,126.67,3,14.1,7,8,18,0,0,2,2,165,83,4
84,111,52,213.46,4,19.4,7,11,21,1,0,13,6,165,83,4
87,19,18,105.56,5,0,7,5,11,1,0,0,1,165,83,4
86,4,2,200,6,0,7,1,0,0,0,1,0,165,83,4
18,0,1,0,2,0.2,2,1,0,0,0,0,0,166,83,4
16,0,2,0,3,0.4,2,2,0,0,0,0,0,166,83,4
19,18,14,128.57,4,3.6,2,7,4,0,0,2,1,166,83,4
216,7,9,77.78,1,4.4,2,2,7,0,0,0,0,166,83,4
23,0,3,0,6,5.2,2,3,0,0,0,0,0,166,83,4
241,5,5,100,7,6.3,2,3,1,0,0,1,0,166,83,4
201,23,17,135.29,5,10.3,2,7,7,0,0,1,2,166,83,4
27,2,4,50,9,12.3,2,2,2,0,0,0,0,166,83,4
230,0,1,0,10,12.4,2,1,0,0,0,0,0,166,83,4
26,0,1,0,11,12.5,2,1,0,0,0,0,0,166,83,4
22,44,22,200,8,0,2,7,8,0,0,3,4,166,83,4
29,7,4,175,2,1.1,3,2,1,0,0,0,1,167,84,4
31,0,1,0,3,1.2,3,1,0,0,0,0,0,167,84,4
28,46,19,242.11,1,6.4,3,5,6,0,0,4,4,167,84,4
32,30,30,100,5,16.5,3,8,20,0,0,1,1,167,84,4
195,91,55,165.45,4,17.6,3,14,27,1,0,8,5,167,84,4
33,18,10,180,6,0,3,4,2,1,0,2,1,167,84,4
226,9,3,300,7,0,3,0,1,0,0,2,0,167,84,4
71,39,24,162.5,1,6.3,6,9,9,0,0,3,3,168,84,4
73,19,21,90.48,3,11.5,6,9,9,1,0,2,0,168,84,4
128,1,3,33.33,4,12.4,6,2,1,0,0,0,0,168,84,4
72,62,38,163.16,2,15.4,6,9,20,0,0,6,3,168,84,4
82,29,18,161.11,5,17.3,6,6,7,1,0,2,2,168,84,4
81,12,7,171.43,7,0,6,3,2,0,0,1,1,168,84,4
74,19,9,211.11,6,0,6,2,3,1,0,2,1,168,84,4
1,0,2,0,1,0.2,1,2,0,0,0,0,0,169,85,4
2,6,2,300,2,1.4,1,1,0,0,0,0,1,169,85,4
3,14,14,100,3,4.2,1,8,4,0,0,1,1,169,85,4
173,83,40,207.5,5,15.5,1,9,15,2,0,10,4,169,85,4
6,14,10,140,6,0,1,2,6,0,0,2,0,169,85,4
4,63,55,114.55,4,0,1,21,27,1,0,1,5,169,85,4
56,0,1,0,2,0.4,5,1,0,0,0,0,0,170,85,4
58,5,10,50,1,2.6,5,6,3,1,0,0,0,170,85,4
60,9,8,112.5,3,3.1,5,4,3,0,0,0,1,170,85,4
139,0,4,0,5,3.5,5,4,0,0,0,0,0,170,85,4
62,27,23,117.39,6,11.1,5,9,9,1,0,4,0,170,85,4
59,51,29,175.86,4,13.5,5,7,15,0,0,3,4,170,85,4
61,30,22,136.36,7,18.3,5,6,12,0,0,3,1,170,85,4
188,1,2,50,9,19.1,5,1,1,0,0,0,0,170,85,4
123,26,18,144.44,8,0,5,4,10,1,0,2,1,170,85,4
65,2,3,66.67,10,0,5,1,2,0,0,0,0,170,85,4
83,0,3,0,1,0.3,7,3,0,0,0,0,0,171,86,4
222,4,5,80,3,1.3,7,4,0,0,0,1,0,171,86,4
88,12,8,150,2,4.5,7,4,2,0,0,1,1,171,86,4
87,59,34,173.53,5,16.4,7,6,19,0,0,7,2,171,86,4
84,89,59,150.85,4,0,7,24,21,0,0,8,6,171,86,4
86,20,11,181.82,6,0,7,2,6,0,0,2,1,171,86,4
205,2,4,50,2,2.5,4,2,2,0,0,0,0,172,86,4
45,2,5,40,3,3.6,4,3,2,0,0,0,0,172,86,4
43,30,21,142.86,1,5.4,4,10,6,0,0,3,2,172,86,4
46,26,18,144.44,4,10.1,4,6,8,0,0,3,1,172,86,4
231,25,15,166.67,5,10.5,4,4,7,1,0,1,2,172,86,4
50,59,32,184.38,7,0,4,6,17,1,0,4,4,172,86,4
48,41,24,170.83,6,0,4,4,15,1,0,0,4,172,86,4
96,0,3,0,1,0.3,8,3,0,0,0,0,0,173,87,4
97,25,19,131.58,3,5.6,8,9,7,0,0,0,3,173,87,4
98,4,7,57.14,4,8.4,8,3,4,0,0,0,0,173,87,4
100,69,46,150,2,17.2,8,12,25,0,0,5,4,173,87,4
99,55,36,152.78,5,0,8,8,20,0,1,5,2,173,87,4
101,22,10,220,6,0,8,3,2,0,0,5,0,173,87,4
28,5,9,55.56,1,1.3,3,7,1,0,0,1,0,174,87,4
31,1,4,25,3,2.2,3,3,1,0,0,0,0,174,87,4
29,85,55,154.55,2,19.2,3,16,25,1,0,10,3,174,87,4
32,71,49,144.9,4,0,3,10,29,0,0,9,1,174,87,4
33,10,4,250,5,0,3,2,0,0,0,1,1,174,87,4
216,19,17,111.76,1,7.5,2,8,7,0,0,0,2,175,88,4
16,4,4,100,3,8.5,2,3,0,0,0,1,0,175,88,4
18,64,37,172.97,2,10.2,2,12,14,0,0,8,3,175,88,4
19,6,5,120,4,10.6,2,2,2,0,0,1,0,175,88,4
23,7,4,175,6,12.5,2,2,1,0,0,0,1,175,88,4
241,17,14,121.43,7,17.3,2,6,5,0,0,3,0,175,88,4
22,4,4,100,8,18.2,2,3,0,0,0,1,0,175,88,4
27,11,8,137.5,9,0,2,3,3,0,0,2,0,175,88,4
201,34,27,125.93,5,0,2,8,14,0,0,5,0,175,88,4
71,10,13,76.92,1,4.2,6,6,6,0,0,1,0,176,88,4
73,1,3,33.33,3,4.6,6,2,1,0,0,0,0,176,88,4
72,53,40,132.5,2,16.2,6,10,23,0,0,6,1,176,88,4
82,0,1,0,5,16.3,6,1,0,0,0,0,0,176,88,4
128,74,45,164.44,4,17.4,6,10,24,0,0,8,3,176,88,4
81,1,5,20,7,18.5,6,4,1,0,0,0,0,176,88,4
251,1,2,50,8,0,6,1,1,0,0,0,0,176,88,4
74,23,11,209.09,6,0,6,3,3,1,0,3,1,176,88,4
58,3,7,42.86,1,2.2,5,4,3,0,0,0,0,177,89,4
56,24,12,200,2,4.4,5,4,4,0,0,2,2,177,89,4
60,39,29,134.48,3,11.2,5,13,9,1,0,4,2,177,89,4
139,0,1,0,5,11.3,5,1,0,0,0,0,0,177,89,4
61,48,27,177.78,6,0,5,8,10,0,0,8,1,177,89,4
59,83,46,180.43,4,0,5,8,25,0,0,10,3,177,89,4
28,0,3,0,1,0.3,3,3,0,0,0,0,0,178,89,4
29,5,10,50,2,4.5,3,5,5,0,0,0,0,178,89,4
195,8,11,72.73,4,8.1,3,6,4,0,0,1,0,178,89,4
32,0,2,0,5,8.3,3,2,0,0,0,0,0,178,89,4
31,89,41,217.07,3,13.2,3,12,15,0,0,5,9,178,89,4
33,0,2,0,7,13.4,3,2,0,0,0,0,0,178,89,4
199,18,15,120,6,14.3,3,5,8,0,0,1,1,178,89,4
35,0,3,0,9,14.6,3,3,0,0,0,0,0,178,89,4
39,3,8,37.5,10,17.2,3,5,3,0,0,0,0,178,89,4
198,3,6,50,11,19.2,3,3,3,0,0,0,0,178,89,4
233,8,15,53.33,8,0,3,7,8,0,0,0,0,178,89,4
2,1,6,16.67,1,1.5,1,5,1,0,0,0,0,179,90,4
172,13,9,144.44,2,2.5,1,4,3,0,0,1,1,179,90,4
4,0,4,0,4,3.4,1,4,0,0,0,0,0,179,90,4
3,43,25,172,3,11.1,1,6,13,0,0,3,3,179,90,4
6,21,13,161.54,6,13.6,1,4,5,0,0,4,0,179,90,4
173,49,28,175,5,14.1,1,6,15,0,0,4,3,179,90,4
9,24,15,160,7,0,1,2,10,0,0,2,1,179,90,4
126,15,20,75,8,0,1,8,11,0,0,1,0,179,90,4
18,6,8,75,2,3.4,2,2,6,0,0,0,0,180,90,4
16,12,11,109.09,3,6.5,2,5,4,0,0,2,0,180,90,4
19,4,3,133.33,4,7.3,2,2,0,0,0,1,0,180,90,4
201,0,1,0,5,7.4,2,1,0,0,0,0,0,180,90,4
23,9,6,150,6,9.3,2,2,3,0,0,0,1,180,90,4
216,43,38,113.16,1,12.3,2,12,21,1,0,2,2,180,90,4
22,7,7,100,8,14.2,2,3,3,0,0,1,0,180,90,4
27,1,2,50,9,14.5,2,1,1,0,0,0,0,180,90,4
25,0,1,0,10,14.6,2,1,0,0,0,0,0,180,90,4
241,22,14,157.14,7,15.1,2,3,8,0,0,2,1,180,90,4
26,0,0,0,11,0,2,0,0,0,0,0,0,180,90,4
72,2,3,66.67,2,1.1,6,1,2,0,0,0,0,181,91,4
73,0,5,0,3,1.6,6,5,0,0,0,0,0,181,91,4
71,7,9,77.78,1,2.6,6,5,3,0,0,1,0,181,91,4
74,38,28,135.71,4,11.4,6,9,14,0,0,3,2,181,91,4
82,0,1,0,6,11.5,6,1,0,0,0,0,0,181,91,4
81,2,5,40,7,12.5,6,3,2,0,0,0,0,181,91,4
78,6,7,85.71,8,14.1,6,4,2,0,0,1,0,181,91,4
229,7,9,77.78,9,16.4,6,5,3,0,0,1,0,181,91,4
128,46,35,131.43,5,17.1,6,9,20,1,0,3,2,181,91,4
79,6,4,150,10,18.4,6,1,2,0,0,1,0,181,91,4
80,7,6,116.67,11,0,6,3,1,1,0,1,0,181,91,4
43,21,12,175,1,3.6,4,4,5,0,0,1,2,182,91,4
205,28,17,164.71,2,5.1,4,7,6,0,0,1,3,182,91,4
46,0,1,0,4,5.2,4,1,0,0,0,0,0,182,91,4
45,25,19,131.58,3,10.4,4,8,7,0,0,3,1,182,91,4
48,4,6,66.67,6,0,4,2,4,0,0,0,0,182,91,4
231,49,20,245,5,0,4,3,9,0,0,4,4,182,91,4
100,0,1,0,2,0.5,8,1,0,0,0,0,0,183,92,4
96,9,15,60,1,3.6,8,11,3,0,0,0,1,183,92,4
99,22,17,129.41,4,11.6,8,4,10,0,0,3,0,183,92,4
98,2,3,66.67,5,13.1,8,1,2,0,0,0,0,183,92,4
101,0,3,0,6,13.4,8,3,0,0,0,0,0,183,92,4
254,22,14,157.14,7,0,8,3,8,0,0,2,1,183,92,4
97,107,67,159.7,3,0,8,20,31,2,0,6,8,183,92,4
83,2,4,50,1,1.2,7,2,2,0,0,0,0,184,92,4
222,19,16,118.75,3,7.2,7,8,5,0,0,2,1,184,92,4
84,65,42,154.76,4,0,7,15,17,1,0,4,5,184,92,4
88,76,56,135.71,2,0,7,19,26,0,0,8,3,184,92,4
58,6,3,200,2,1.5,5,2,0,0,0,0,1,185,93,4
57,26,17,152.94,1,4.4,5,9,4,0,0,1,3,185,93,4
59,48,32,150,4,13.2,5,10,14,0,0,7,1,185,93,4
139,57,24,237.5,5,0,5,7,5,1,0,8,3,185,93,4
60,57,44,129.55,3,0,5,18,17,0,0,7,2,185,93,4
71,29,15,193.33,1,3.6,6,6,5,0,0,0,4,186,93,4
73,0,2,0,3,5.2,6,2,0,0,0,0,0,186,93,4
128,15,11,136.36,4,7.6,6,6,3,0,0,0,2,186,93,4
72,34,23,147.83,2,8.4,6,9,9,0,1,1,3,186,93,4
82,29,15,193.33,6,12.5,6,5,5,0,0,3,2,186,93,4
74,42,32,131.25,5,19.1,6,9,18,0,0,3,2,186,93,4
78,6,5,120,8,0,6,3,0,1,0,1,0,186,93,4
81,36,18,200,7,0,6,4,8,0,0,4,2,186,93,4
2,6,7,85.71,2,3.4,1,4,2,0,0,1,0,187,94,4
3,10,12,83.33,3,7.2,1,8,2,0,0,2,0,187,94,4
4,4,8,50,4,9.2,1,4,4,0,0,0,0,187,94,4
173,0,1,0,5,9.3,1,1,0,0,0,0,0,187,94,4
172,46,35,131.43,1,11.6,1,16,12,0,0,4,3,187,94,4
9,0,1,0,7,12.2,1,1,0,0,0,0,0,187,94,4
126,52,26,200,8,0,1,7,10,0,0,6,3,187,94,4
6,45,30,150,6,0,1,8,13,2,0,7,0,187,94,4
205,19,12,158.33,2,3.2,4,6,3,0,0,1,2,188,94,4
43,25,26,96.15,1,7.1,4,12,11,0,0,2,1,188,94,4
46,9,5,180,4,8.2,4,2,1,0,0,2,0,188,94,4
45,19,19,100,3,10.6,4,9,7,0,0,3,0,188,94,4
231,20,19,105.26,5,15.6,4,5,12,0,0,2,0,188,94,4
48,42,23,182.61,6,17.4,4,6,10,0,0,5,2,188,94,4
50,4,5,80,7,0,4,1,4,0,0,0,0,188,94,4
220,19,12,158.33,8,0,4,3,5,1,0,3,0,188,94,4
83,0,1,0,2,0.5,7,1,0,0,0,0,0,189,95,4
222,2,6,33.33,3,2.1,7,4,2,0,0,0,0,189,95,4
84,0,7,0,4,3.4,7,7,0,0,0,0,0,189,95,4
86,3,9,33.33,5,6.1,7,6,3,0,0,0,0,189,95,4
87,16,6,266.67,6,7.3,7,3,0,0,0,1,2,189,95,4
162,0,1,0,7,7.4,7,1,0,0,0,0,0,189,95,4
225,53,30,176.67,8,15.6,7,14,7,0,0,4,5,189,95,4
88,51,46,110.87,1,18.6,7,18,21,1,0,4,2,189,95,4
93,3,3,100,10,0,7,1,1,1,0,0,0,189,95,4
91,12,11,109.09,9,0,7,5,4,0,0,2,0,189,95,4
29,13,10,130,2,2.3,3,5,3,0,0,1,1,190,95,4
28,42,30,140,1,10.2,3,9,14,1,0,5,1,190,95,4
195,19,8,237.5,4,0,3,2,3,0,0,1,2,190,95,4
31,68,32,212.5,3,0,3,4,18,0,0,5,5,190,95,4
216,10,6,166.67,1,0.6,2,4,0,0,0,1,1,191,96,4
16,34,14,242.86,3,5.6,2,3,6,0,0,1,4,191,96,4
19,78,47,165.96,4,19.3,2,14,19,1,1,9,3,191,96,4
27,1,3,33.33,5,0,2,2,1,0,0,0,0,191,96,4
18,75,51,147.06,2,0,2,12,29,1,0,5,4,191,96,4
96,51,26,196.15,1,7.4,8,10,7,1,0,3,5,192,96,4
97,5,9,55.56,3,10.3,8,4,5,0,0,0,0,192,96,4
98,3,5,60,4,12.1,8,2,3,0,0,0,0,192,96,4
100,60,37,162.16,2,14.2,8,9,20,0,0,4,4,192,96,4
101,7,5,140,6,16.3,8,1,3,0,0,1,0,192,96,4
254,10,8,125,7,19.1,8,4,2,0,0,2,0,192,96,4
99,54,26,207.69,5,19.6,8,5,11,1,1,5,3,192,96,4
108,0,0,0,9,0,8,0,0,0,0,0,0,192,96,4
105,7,4,175,8,0,8,2,1,0,0,0,1,192,96,4
72,17,12,141.67,2,4.4,6,5,5,0,0,0,2,193,97,4
71,36,27,133.33,1,7.6,6,11,11,0,1,1,3,193,97,4
74,32,26,123.08,3,12.3,6,8,14,0,0,3,1,193,97,4
82,0,2,0,5,12.5,6,2,0,0,0,0,0,193,97,4
128,36,21,171.43,4,15.4,6,7,8,0,0,4,2,193,97,4
251,40,19,210.53,7,0,6,4,8,0,0,5,2,193,97,4
81,13,13,100,6,0,6,3,9,0,0,1,0,193,97,4
88,16,9,177.78,1,2.6,7,4,2,0,0,2,1,194,97,4
227,23,22,104.55,2,6.4,7,12,7,0,0,1,2,194,97,4
84,8,7,114.29,4,8.2,7,4,2,0,0,0,1,194,97,4
87,53,37,143.24,3,0,7,10,19,0,0,7,1,194,97,4
86,75,39,192.31,5,0,7,12,13,0,0,11,3,194,97,4
245,24,16,150,2,4.5,4,6,6,0,0,3,1,195,98,4
45,0,1,0,3,4.6,4,1,0,0,0,0,0,195,98,4
43,26,17,152.94,1,6.1,4,7,6,0,0,2,2,195,98,4
231,10,12,83.33,5,8.5,4,8,2,0,0,2,0,195,98,4
48,17,16,106.25,6,13.2,4,7,7,0,0,1,1,195,98,4
50,0,2,0,7,13.4,4,2,0,0,0,0,0,195,98,4
220,1,2,50,8,14.1,4,1,1,0,0,0,0,195,98,4
46,29,22,131.82,4,15.1,4,7,11,0,0,3,1,195,98,4
55,19,12,158.33,10,17.3,4,6,1,1,0,4,0,195,98,4
52,9,6,150,11,18.3,4,3,1,0,0,2,0,195,98,4
54,2,5,40,9,0,4,3,2,0,0,0,0,195,98,4
216,0,2,0,1,0.2,2,2,0,0,0,0,0,196,98,4
16,0,4,0,3,0.6,2,4,0,0,0,0,0,196,98,4
18,11,7,157.14,2,2.5,2,4,1,0,0,1,1,196,98,4
201,37,19,194.74,5,9.6,2,5,9,0,0,1,4,196,98,4
19,52,42,123.81,4,0,2,14,22,0,0,3,3,196,98,4
23,40,20,200,6,0,2,5,8,0,0,5,2,196,98,4
172,1,4,25,2,1.2,1,3,1,0,0,0,0,197,99,4
3,0,3,0,3,1.5,1,3,0,0,0,0,0,197,99,4
1,56,24,233.33,1,10.4,1,6,8,1,0,4,5,197,99,4
173,17,11,154.55,5,13.6,1,5,3,0,0,2,1,197,99,4
6,0,2,0,6,14.4,1,2,0,0,0,0,0,197,99,4
9,2,5,40,7,15.4,1,3,2,0,0,0,0,197,99,4
4,86,51,168.63,4,17.5,1,17,20,0,0,9,5,197,99,4
126,10,10,100,8,0,1,3,6,0,0,1,0,197,99,4
10,13,10,130,9,0,1,5,3,0,0,1,1,197,99,4
28,2,4,50,2,2.4,3,2,2,0,0,0,0,198,99,4
31,0,1,0,3,2.5,3,1,0,0,0,0,0,198,99,4
29,36,33,109.09,1,8.3,3,15,14,0,0,1,3,198,99,4
32,32,20,160,5,14.4,3,7,8,0,0,3,2,198,99,4
195,52,31,167.74,4,15.1,3,2,22,0,0,6,1,198,99,4
33,32,16,200,6,0,3,2,8,1,0,4,1,198,99,4
233,19,15,126.67,7,0,3,5,7,0,0,3,0,198,99,4
96,26,15,173.33,1,4.2,8,7,4,0,0,1,3,199,100,4
97,0,1,0,3,4.3,8,1,0,0,0,0,0,199,100,4
100,22,18,122.22,2,6.6,8,7,8,1,0,0,2,199,100,4
99,9,9,100,5,9.3,8,5,3,0,0,0,1,199,100,4
98,53,38,139.47,4,19.2,8,11,19,0,0,7,1,199,100,4
105,5,3,166.67,7,0,8,1,1,0,0,1,0,199,100,4
101,55,37,148.65,6,0,8,12,17,0,0,5,3,199,100,4
57,0,1,0,1,0.1,5,1,0,0,0,0,0,200,100,4
60,11,17,64.71,3,4.2,5,11,5,0,0,0,1,200,100,4
59,63,41,153.66,4,0,5,10,21,0,0,9,1,200,100,4
56,100,55,181.82,2,0,5,13,26,1,0,9,6,200,100,4
88,7,8,87.5,1,2.5,7,4,3,0,0,1,0,201,101,4
87,38,21,180.95,3,11.1,7,6,10,0,0,1,4,201,101,4
84,7,7,100,4,12.6,7,3,3,0,0,1,0,201,101,4
227,82,57,143.86,2,17.3,7,18,28,0,0,6,5,201,101,4
86,23,18,127.78,5,0,7,5,9,1,0,3,0,201,101,4
94,13,9,144.44,6,0,7,4,3,0,0,1,1,201,101,4
172,54,34,158.82,2,10.4,1,11,14,0,0,7,2,202,101,4
1,49,36,136.11,1,12.2,1,11,19,0,0,3,3,202,101,4
3,22,21,104.76,3,17.6,1,9,8,1,0,3,0,202,101,4
4,32,22,145.45,4,0,1,7,9,0,1,5,0,202,101,4
6,15,6,250,5,0,1,1,1,1,0,3,0,202,101,4
57,10,11,90.91,1,2.1,5,7,2,1,0,0,1,203,102,4
56,53,30,176.67,2,7.6,5,13,7,1,0,5,4,203,102,4
60,32,22,145.45,3,11.2,5,6,12,0,0,2,2,203,102,4
139,30,18,166.67,5,16.2,5,4,10,0,0,2,2,203,102,4
61,36,14,257.14,6,0,5,3,4,0,0,5,2,203,102,4
59,36,26,138.46,4,0,5,5,16,0,0,5,0,203,102,4
18,2,5,40,1,1.2,2,3,2,0,0,0,0,204,102,4
216,13,10,130,2,3.5,2,5,3,0,0,1,1,204,102,4
19,35,19,184.21,4,9.3,2,7,7,0,0,1,4,204,102,4
16,73,36,202.78,3,13.4,2,11,13,0,0,6,6,204,102,4
21,4,5,80,6,14.5,2,4,0,0,0,1,0,204,102,4
201,13,16,81.25,5,15.1,2,6,9,0,0,1,0,204,102,4
23,0,2,0,7,15.3,2,2,0,0,0,0,0,204,102,4
241,1,2,50,8,15.6,2,1,1,0,0,0,0,204,102,4
25,0,2,0,10,16.5,2,2,0,0,0,0,0,204,102,4
27,8,7,114.29,9,17.2,2,4,2,0,0,0,1,204,102,4
26,0,1,0,11,0,2,1,0,0,0,0,0,204,102,4
28,13,17,76.47,1,3.5,3,10,5,0,0,2,0,205,103,4
31,18,10,180,3,6.3,3,5,2,0,0,1,2,205,103,4
29,29,16,181.25,2,9.1,3,5,7,0,0,1,3,205,103,4
195,84,40,210,4,17.4,3,10,16,0,0,8,6,205,103,4
32,53,29,182.76,5,19.3,3,9,11,0,0,6,3,205,103,4
33,3,8,37.5,6,0,3,5,3,0,0,0,0,205,103,4
36,1,1,100,7,0,3,0,1,0,0,0,0,205,103,4
43,13,14,92.86,1,6.1,4,4,9,0,0,1,0,206,103,4
45,5,12,41.67,3,10.1,4,7,5,0,0,0,0,206,103,4
245,118,60,196.67,2,18.2,4,18,20,3,0,11,8,206,103,4
46,55,26,211.54,4,0,4,9,7,0,0,6,4,206,103,4
231,10,4,250,5,0,4,1,0,1,0,2,0,206,103,4
71,12,8,150,1,2.4,6,4,2,0,0,1,1,207,104,4
74,2,6,33.33,3,5.4,6,4,2,0,0,0,0,207,104,4
72,28,24,116.67,2,6.5,6,12,8,0,0,2,2,207,104,4
128,41,27,151.85,5,14.3,6,8,13,0,0,4,2,207,104,4
237,56,32,175,4,16.2,6,6,18,0,0,5,3,207,104,4
81,9,6,150,7,17.2,6,3,1,0,0,2,0,207,104,4
251,11,9,122.22,8,19.6,6,4,3,0,0,2,0,207,104,4
76,0,0,0,9,0,6,0,0,0,0,0,0,207,104,4
252,30,9,333.33,6,0,6,1,2,0,0,4,2,207,104,4
172,25,20,125,2,6.4,1,8,9,0,0,1,2,208,104,4
2,38,23,165.22,1,7.6,1,7,10,0,0,4,2,208,104,4
1,17,13,130.77,3,10.3,1,5,5,0,0,3,0,208,104,4
137,21,8,262.5,4,10.6,1,1,3,0,0,3,1,208,104,4
148,2,4,50,5,11.3,1,2,2,0,0,0,0,208,104,4
135,51,23,221.74,7,17.4,1,6,7,0,0,8,2,208,104,4
6,31,19,163.16,6,0,1,2,13,1,0,1,2,208,104,4
141,6,10,60,8,0,1,4,6,0,0,0,0,208,104,4
18,4,3,133.33,1,0.3,2,2,0,0,0,1,0,209,105,4
16,7,7,100,3,1.4,2,5,1,0,0,0,1,209,105,4
216,15,13,115.38,2,5.5,2,7,3,0,0,3,0,209,105,4
19,32,21,152.38,4,8.6,2,8,8,0,0,3,2,209,105,4
23,56,36,155.56,6,0,2,6,22,1,0,5,2,209,105,4
201,74,40,185,5,0,2,8,20,1,0,7,4,209,105,4
184,28,24,116.67,2,8.2,3,9,12,0,0,1,2,210,105,4
31,37,16,231.25,3,12.1,3,5,5,0,0,2,4,210,105,4
29,63,56,112.5,1,0,3,19,29,0,0,7,1,210,105,4
195,51,24,212.5,4,0,3,3,13,0,0,5,3,210,105,4
100,23,16,143.75,2,8.3,8,6,7,0,0,1,2,211,106,4
96,50,37,135.14,1,9.2,8,16,14,0,0,3,4,211,106,4
98,8,6,133.33,4,11.5,8,3,2,0,0,0,1,211,106,4
99,12,9,133.33,5,14.2,8,3,4,0,0,2,0,211,106,4
101,30,19,157.89,6,19.5,8,6,8,0,0,4,1,211,106,4
105,4,1,400,7,0,8,0,0,0,0,1,0,211,106,4
97,46,32,143.75,3,0,8,11,14,1,0,3,3,211,106,4
43,53,26,203.85,1,8.2,4,8,9,0,0,5,4,212,106,4
245,57,36,158.33,2,12.5,4,12,15,0,0,6,3,212,106,4
45,11,16,68.75,3,13.1,4,8,7,0,0,1,0,212,106,4
231,6,4,150,5,13.5,4,3,0,0,0,0,1,212,106,4
46,4,4,100,4,14.3,4,3,0,0,0,1,0,212,106,4
48,6,2,300,6,14.6,4,1,0,0,0,0,1,212,106,4
220,2,3,66.67,8,16.6,4,1,2,0,0,0,0,212,106,4
54,7,3,233.33,9,18.2,4,1,1,0,0,0,1,212,106,4
50,24,18,133.33,7,18.6,4,8,6,0,0,3,1,212,106,4
53,7,4,175,10,0,4,1,1,1,0,1,0,212,106,4
52,0,0,0,11,0,4,0,0,0,0,0,0,212,106,4
57,12,11,109.09,1,2.4,5,7,2,0,0,1,1,213,107,4
60,7,4,175,3,3.2,5,2,1,0,0,0,1,213,107,4
56,21,17,123.53,2,6.2,5,9,5,0,0,1,2,213,107,4
59,6,13,46.15,4,9.3,5,7,6,0,0,0,0,213,107,4
139,21,14,150,5,9.6,5,4,7,0,0,2,1,213,107,4
61,31,29,106.9,6,19.2,5,6,21,0,0,1,1,213,107,4
64,1,3,33.33,8,0,5,2,1,0,0,0,0,213,107,4
62,46,29,158.62,7,0,5,4,18,1,0,5,1,213,107,4
88,13,14,92.86,1,3.3,7,7,5,0,0,2,0,214,107,4
227,37,23,160.87,2,8.2,7,8,9,0,0,4,2,214,107,4
84,26,25,104,4,14.4,7,10,12,0,0,2,1,214,107,4
86,0,1,0,5,14.5,7,1,0,0,0,0,0,214,107,4
253,12,9,133.33,6,18.3,7,3,4,0,0,2,0,214,107,4
94,0,2,0,7,18.5,7,2,0,0,0,0,0,214,107,4
87,51,40,127.5,3,0,7,13,19,2,0,4,2,214,107,4
89,12,5,240,8,0,7,1,2,0,0,1,1,214,107,4
43,1,3,33.33,1,0.6,4,2,1,0,0,0,0,215,108,4
45,2,7,28.57,3,2.5,4,5,2,0,0,0,0,215,108,4
245,3,10,30,2,3.5,4,7,3,0,0,0,0,215,108,4
46,3,7,42.86,4,4.6,4,4,3,0,0,0,0,215,108,4
231,1,4,25,5,5.1,4,3,1,0,0,0,0,215,108,4
48,0,2,0,6,6.3,4,2,0,0,0,0,0,215,108,4
220,5,3,166.67,8,7.4,4,1,1,0,0,1,0,215,108,4
54,49,39,125.64,9,0,4,15,17,0,0,5,2,215,108,4
50,59,45,131.11,7,0,4,17,19,0,0,7,2,215,108,4
1,0,4,0,1,0.4,1,4,0,0,0,0,0,216,108,4
172,13,10,130,2,2.4,1,7,1,0,0,0,2,216,108,4
4,44,24,183.33,4,10.4,1,9,6,2,0,4,3,216,108,4
173,0,2,0,5,10.6,1,2,0,0,0,0,0,216,108,4
6,8,3,266.67,6,11.5,1,1,0,0,0,2,0,216,108,4
9,3,5,60,7,12.6,1,2,3,0,0,0,0,216,108,4
3,57,39,146.15,3,0,1,11,21,0,0,3,4,216,108,4
126,4,5,80,8,0,1,1,4,0,0,0,0,216,108,4
56,5,4,125,2,1.5,5,2,1,0,0,1,0,217,109,4
204,13,8,162.5,1,2.4,5,5,1,0,0,0,2,217,109,4
60,8,8,100,3,3.4,5,5,2,0,0,0,1,217,109,4
139,1,4,25,5,4.6,5,3,1,0,0,0,0,217,109,4
61,47,35,134.29,6,15.1,5,9,19,1,0,5,1,217,109,4
62,6,7,85.71,7,17.2,5,4,2,0,0,1,0,217,109,4
59,52,40,130,4,18.6,5,13,20,1,0,3,3,217,109,4
188,11,3,366.67,9,0,5,0,1,0,0,1,1,217,109,4
64,13,11,118.18,8,0,5,5,3,1,0,2,0,217,109,4
227,0,1,0,2,0.3,7,1,0,0,0,0,0,218,109,4
87,6,4,150,3,1.4,7,3,0,0,0,0,1,218,109,4
88,15,13,115.38,1,5.3,7,6,5,0,0,1,1,218,109,4
84,44,36,122.22,4,11.1,7,16,14,0,0,3,3,218,109,4
86,27,19,142.11,5,14.3,7,6,9,1,0,1,2,218,109,4
253,26,16,162.5,6,15.2,7,8,4,0,0,1,3,218,109,4
94,0,4,0,7,15.5,7,4,0,0,0,0,0,218,109,4
91,18,11,163.64,9,18.5,7,5,2,0,0,4,0,218,109,4
93,6,5,120,10,0,7,2,2,0,0,1,0,218,109,4
225,8,11,72.73,8,0,7,3,8,0,0,0,0,218,109,4
204,26,18,144.44,1,4.2,5,8,6,0,0,2,2,219,110,4
60,32,23,139.13,3,12.3,5,8,10,0,0,4,1,219,110,4
59,0,2,0,4,12.5,5,2,0,0,0,0,0,219,110,4
56,115,54,212.96,2,18.3,5,15,19,1,0,10,9,219,110,4
61,22,15,146.67,5,19.1,5,6,4,1,0,4,0,219,110,4
62,9,5,180,7,0,5,2,1,0,0,2,0,219,110,4
139,6,3,200,6,0,5,2,0,0,0,0,1,219,110,4
43,68,46,147.83,1,15.5,4,14,22,0,0,7,3,220,110,4
45,7,7,100,3,17.6,4,3,3,0,0,1,0,220,110,4
245,117,57,205.26,2,18.5,4,16,21,0,0,12,8,220,110,4
46,18,8,225,4,0,4,2,2,1,0,2,1,220,110,4
231,1,2,50,5,0,4,1,1,0,0,0,0,220,110,4
172,0,3,0,2,0.4,1,3,0,0,0,0,0,221,111,4
3,12,9,133.33,3,2.5,1,6,0,0,0,3,0,221,111,4
2,18,14,128.57,1,6.2,1,6,6,0,0,0,2,221,111,4
4,24,16,150,4,8.1,1,7,6,0,0,0,3,221,111,4
6,22,12,183.33,6,11.1,1,4,4,0,0,3,1,221,111,4
9,0,1,0,7,11.2,1,1,0,0,0,0,0,221,111,4
126,2,4,50,8,12.4,1,2,2,0,0,0,0,221,111,4
10,1,2,50,9,13.1,1,1,1,0,0,0,0,221,111,4
12,16,13,123.08,10,16.4,1,5,4,2,0,2,0,221,111,4
13,1,4,25,11,17.3,1,3,1,0,0,0,0,221,111,4
173,30,27,111.11,5,0,1,11,12,0,0,3,1,221,111,4
43,3,6,50,1,1.6,4,3,3,0,0,0,0,222,111,4
45,0,1,0,3,2.4,4,1,0,0,0,0,0,222,111,4
46,22,14,157.14,4,6.6,4,5,6,0,0,1,2,222,111,4
231,20,13,153.85,5,10.4,4,5,4,0,0,4,0,222,111,4
48,23,11,209.09,6,0,4,2,5,0,0,3,1,222,111,4
245,60,38,157.89,2,0,4,15,12,0,0,9,2,222,111,4
263,34,13,261.54,2,5.2,10,5,2,0,0,2,4,223,112,5
228,51,39,130.77,3,17.2,10,14,17,1,0,5,2,223,112,5
262,55,54,101.85,1,17.5,10,22,25,0,0,6,1,223,112,5
265,7,5,140,5,19.6,10,3,1,0,0,0,1,223,112,5
266,0,0,0,6,0,10,0,0,0,0,0,0,223,112,5
264,16,10,160,4,0,10,3,4,0,0,3,0,223,112,5
28,17,17,100,1,4.3,3,9,5,1,0,1,1,224,112,5
29,16,25,64,2,9.5,3,9,16,0,0,0,0,224,112,5
261,34,27,125.93,3,13.4,3,8,16,0,0,0,3,224,112,5
32,19,13,146.15,5,18.1,3,3,7,0,0,3,0,224,112,5
195,1,2,50,6,0,3,1,1,0,0,0,0,224,112,5
31,77,33,233.33,4,0,3,6,15,0,0,5,7,224,112,5
237,1,4,25,2,1.4,6,3,1,0,0,0,0,225,113,5
197,21,13,161.54,3,4.5,6,7,3,0,0,0,3,225,113,5
72,7,7,100,4,6.4,6,5,1,0,0,0,1,225,113,5
71,83,52,159.62,1,18.1,6,12,29,1,0,4,6,225,113,5
82,18,8,225,6,0,6,2,2,1,0,2,1,225,113,5
272,80,36,222.22,5,0,6,6,16,0,0,10,4,225,113,5
100,25,16,156.25,2,4.6,8,9,3,0,0,1,3,226,113,5
97,6,2,300,3,6.4,8,1,0,0,0,0,1,226,113,5
98,15,8,187.5,4,8.6,8,2,3,0,0,3,0,226,113,5
105,7,6,116.67,5,10.6,8,2,3,0,0,1,0,226,113,5
256,32,18,177.78,6,18.4,8,3,10,0,0,4,1,226,113,5
273,96,65,147.69,1,19.3,8,19,30,3,0,9,4,226,113,5
102,5,2,250,8,0,8,0,1,0,0,1,0,226,113,5
274,3,3,100,7,0,8,1,1,1,0,0,0,226,113,5
276,2,7,28.57,1,1.2,4,5,2,0,0,0,0,227,114,5
245,7,15,46.67,2,5.5,4,9,5,1,0,0,0,227,114,5
45,45,29,155.17,3,11.5,4,10,11,1,0,5,2,227,114,5
246,47,37,127.03,4,17.1,4,12,18,1,1,3,2,227,114,5
231,49,23,213.04,5,0,4,6,7,1,0,7,2,227,114,5
48,17,10,170,6,0,4,4,3,0,0,2,1,227,114,5
18,19,11,172.73,2,2.3,2,5,3,0,0,1,2,228,114,5
277,0,6,0,3,3.5,2,6,0,0,0,0,0,228,114,5
216,19,11,172.73,1,4.5,2,5,3,0,0,1,2,228,114,5
243,11,5,220,5,6.5,2,2,1,0,0,1,1,228,114,5
23,8,5,160,6,8.4,2,2,2,0,0,0,1,228,114,5
279,38,23,165.22,7,16.4,2,6,10,0,0,7,0,228,114,5
280,12,6,200,8,0,2,3,0,1,0,1,1,228,114,5
278,62,41,151.22,4,0,2,12,20,0,0,6,3,228,114,5
284,7,12,58.33,2,2.5,5,8,3,0,0,1,0,229,115,5
57,7,6,116.67,3,4.5,5,4,1,0,0,0,1,229,115,5
59,4,4,100,4,5.4,5,3,0,0,0,1,0,229,115,5
283,16,15,106.67,1,6.4,5,5,8,0,0,2,0,229,115,5
60,34,25,136,6,16.1,5,6,14,0,0,5,0,229,115,5
62,49,40,122.5,5,18.1,5,12,21,0,0,7,0,229,115,5
285,17,10,170,7,0,5,3,4,0,1,1,1,229,115,5
286,17,8,212.5,8,0,5,3,1,0,0,4,0,229,115,5
88,5,4,125,1,0.5,7,2,1,0,0,1,0,230,115,5
194,23,11,209.09,2,3.1,7,3,3,0,0,5,0,230,115,5
222,12,15,80,3,7.3,7,6,8,0,0,1,0,230,115,5
287,3,5,60,5,9.4,7,2,3,0,0,0,0,230,115,5
157,10,7,142.86,6,11.5,7,3,2,0,0,2,0,230,115,5
94,18,7,257.14,7,13.5,7,2,2,0,0,1,2,230,115,5
87,52,43,120.93,4,16.1,7,18,18,0,0,4,3,230,115,5
89,6,8,75,9,18.1,7,3,4,1,0,0,0,230,115,5
93,0,1,0,10,18.2,7,1,0,0,0,0,0,230,115,5
162,22,10,220,8,0,7,1,6,0,0,1,2,230,115,5
92,4,1,400,11,0,7,0,0,0,0,1,0,230,115,5
71,6,4,150,1,0.4,6,3,0,0,0,0,1,231,116,5
197,8,12,66.67,3,3.4,6,9,2,0,0,0,1,231,116,5
237,20,18,111.11,2,7.6,6,7,8,1,0,1,1,231,116,5
272,14,10,140,5,10.4,6,4,4,0,0,1,1,231,116,5
82,17,14,121.43,6,14.3,6,5,7,0,0,1,1,231,116,5
72,51,37,137.84,4,16.2,6,9,21,0,0,6,1,231,116,5
296,2,5,40,8,18.2,6,3,2,0,0,0,0,231,116,5
78,8,4,200,9,0,6,2,0,0,0,2,0,231,116,5
282,27,16,168.75,7,0,6,5,7,0,0,2,2,231,116,5
1,54,28,192.86,1,8.3,1,9,8,2,0,6,3,232,116,5
2,38,27,140.74,2,10.5,1,10,12,0,0,2,3,232,116,5
3,34,20,170,3,0,1,2,14,0,0,2,2,232,116,5
137,27,21,128.57,4,0,1,6,11,1,0,2,1,232,116,5
18,42,30,140,2,11.2,2,9,14,1,0,5,1,233,117,5
216,54,40,135,1,11.4,2,14,16,2,0,7,1,233,117,5
277,9,9,100,3,14.4,2,3,5,0,0,1,0,233,117,5
279,7,8,87.5,5,16.3,2,4,3,0,0,1,0,233,117,5
243,11,4,275,6,17.2,2,1,1,0,0,1,1,233,117,5
23,0,2,0,7,17.4,2,2,0,0,0,0,0,233,117,5
278,25,16,156.25,4,18.2,2,4,7,1,0,4,0,233,117,5
280,5,4,125,8,18.6,2,2,1,0,0,1,0,233,117,5
26,15,8,187.5,9,0,2,1,3,2,0,2,0,233,117,5
281,0,0,0,10,0,2,0,0,0,0,0,0,233,117,5
288,3,8,37.5,1,1.5,9,5,3,0,0,0,0,234,117,5
289,31,18,172.22,2,6.4,9,7,5,0,0,5,1,234,117,5
291,18,17,105.88,4,11.3,9,7,8,0,0,1,1,234,117,5
290,49,31,158.06,3,12.6,9,9,15,0,0,4,3,234,117,5
293,13,10,130,6,0,9,3,5,0,0,2,0,234,117,5
292,59,28,210.71,5,0,9,11,7,0,0,4,6,234,117,5
273,22,17,129.41,1,5.2,8,8,6,0,0,1,2,235,118,5
97,0,3,0,3,5.5,8,3,0,0,0,0,0,235,118,5
98,0,2,0,4,6.2,8,2,0,0,0,0,0,235,118,5
256,5,3,166.67,5,7.2,8,1,1,0,0,1,0,235,118,5
105,2,5,40,6,8.4,8,3,2,0,0,0,0,235,118,5
274,53,33,160.61,7,18.2,8,12,14,0,1,0,6,235,118,5
102,8,5,160,8,19.3,8,3,0,0,0,2,0,235,118,5
257,5,2,250,9,0,8,0,1,0,0,1,0,235,118,5
100,85,51,166.67,2,0,8,14,25,0,0,6,6,235,118,5
28,10,15,66.67,1,3.6,3,10,4,0,0,0,1,236,118,5
29,19,16,118.75,2,6.2,3,7,7,0,0,0,2,236,118,5
261,9,10,90,3,7.6,3,6,3,0,0,0,1,236,118,5
32,17,9,188.89,5,11.3,3,3,3,0,0,2,1,236,118,5
195,41,19,215.79,6,16.6,3,3,9,0,0,5,2,236,118,5
33,10,5,200,7,17.6,3,3,0,0,0,1,1,236,118,5
35,2,2,100,8,0,3,1,0,1,0,0,0,236,118,5
31,80,41,195.12,4,0,3,12,14,2,0,8,5,236,118,5
283,23,19,121.05,2,5.2,5,9,7,0,0,1,2,237,119,5
57,41,39,105.13,3,17.3,5,12,23,0,0,3,1,237,119,5
285,2,5,40,4,18.6,5,3,2,0,0,0,0,237,119,5
284,74,54,137.04,1,0,5,13,32,1,0,4,4,237,119,5
59,9,4,225,5,0,5,1,1,0,0,2,0,237,119,5
276,0,3,0,1,0.3,4,3,0,0,0,0,0,238,119,5
245,5,11,45.45,2,2.5,4,9,1,0,0,1,0,238,119,5
45,80,50,160,3,15.1,4,19,18,1,0,6,6,238,119,5
246,19,11,172.73,5,0,4,5,3,0,0,1,2,238,119,5
231,49,30,163.33,4,0,4,8,15,0,0,4,3,238,119,5
1,2,6,33.33,1,1.5,1,4,2,0,0,0,0,239,120,5
2,9,12,75,2,3.3,1,6,5,0,0,1,0,239,120,5
3,72,42,171.43,3,0,1,5,26,2,0,6,3,239,120,5
137,80,60,133.33,4,0,1,16,30,4,0,9,1,239,120,5
28,5,6,83.33,1,1.5,3,4,1,0,0,1,0,240,120,5
261,12,22,54.55,3,9.4,3,13,8,0,0,1,0,240,120,5
29,78,49,159.18,2,13.4,3,19,18,1,0,4,7,240,120,5
31,43,22,195.45,4,19.1,3,6,9,0,0,4,3,240,120,5
195,1,3,33.33,6,0,3,2,1,0,0,0,0,240,120,5
32,25,19,131.58,5,0,3,8,5,2,0,4,0,240,120,5
289,18,17,105.88,2,5.3,9,8,6,1,0,1,1,241,121,5
288,20,17,117.65,1,6.1,9,6,8,0,0,3,0,241,121,5
291,2,3,66.67,4,7.1,9,1,2,0,0,0,0,241,121,5
293,0,3,0,5,7.4,9,3,0,0,0,0,0,241,121,5
292,73,33,221.21,6,16.3,9,9,11,0,0,8,5,241,121,5
290,42,31,135.48,3,18.4,9,10,16,0,0,2,3,241,121,5
113,0,1,0,8,18.5,9,1,0,0,0,0,0,241,121,5
112,14,11,127.27,7,0,9,5,4,0,0,1,1,241,121,5
164,11,4,275,9,0,9,0,1,1,0,2,0,241,121,5
284,2,3,66.67,1,1.1,5,1,2,0,0,0,0,242,121,5
283,0,2,0,3,1.3,5,2,0,0,0,0,0,242,121,5
59,0,2,0,4,1.5,5,2,0,0,0,0,0,242,121,5
62,0,3,0,5,2.4,5,3,0,0,0,0,0,242,121,5
60,1,5,20,6,3.3,5,4,1,0,0,0,0,242,121,5
285,12,13,92.31,7,6.6,5,7,4,0,0,2,0,242,121,5
57,21,22,95.45,2,9.3,5,7,13,0,0,2,0,242,121,5
234,10,6,166.67,9,10.6,5,2,2,0,0,2,0,242,121,5
286,17,14,121.43,8,11.3,5,6,5,0,0,3,0,242,121,5
249,4,6,66.67,11,13.5,5,2,4,0,0,0,0,242,121,5
146,6,8,75,10,0,5,5,2,0,0,1,0,242,121,5
194,2,3,66.67,2,1.1,7,1,2,0,0,0,0,243,122,5
88,2,5,40,1,1.6,7,3,2,0,0,0,0,243,122,5
222,69,46,150,3,16.1,7,10,25,0,2,8,1,243,122,5
157,1,5,20,5,17.2,7,4,1,0,0,0,0,243,122,5
87,72,46,156.52,4,17.5,7,11,24,1,0,7,3,243,122,5
287,15,4,375,7,0,7,0,1,0,0,2,1,243,122,5
94,21,11,190.91,6,0,7,4,3,0,0,3,1,243,122,5
276,25,23,108.7,1,5.4,4,12,7,0,0,3,1,244,122,5
45,1,4,25,3,6.6,4,3,1,0,0,0,0,244,122,5
245,32,26,123.08,2,10.6,4,6,16,0,0,4,0,244,122,5
231,55,31,177.42,4,17.2,4,4,19,1,0,4,3,244,122,5
246,36,21,171.43,5,17.5,4,7,8,0,0,4,2,244,122,5
48,14,8,175,6,0,4,2,4,0,0,1,1,244,122,5
50,12,7,171.43,7,0,4,1,4,0,0,2,0,244,122,5
273,6,5,120,1,1.5,8,2,2,0,0,1,0,245,123,5
97,13,16,81.25,3,8.2,8,6,9,0,0,1,0,245,123,5
98,5,7,71.43,4,10.5,8,2,5,0,0,0,0,245,123,5
256,13,7,185.71,5,12.1,8,2,3,0,0,1,1,245,123,5
274,4,2,200,6,12.3,8,1,0,0,0,1,0,245,123,5
105,12,13,92.31,7,15.4,8,7,4,0,0,2,0,245,123,5
102,0,2,0,8,15.6,8,2,0,0,0,0,0,245,123,5
100,74,47,157.45,2,16.2,8,15,20,2,0,5,5,245,123,5
258,0,2,0,10,16.4,8,2,0,0,0,0,0,245,123,5
106,7,7,100,11,17.5,8,4,1,1,0,1,0,245,123,5
257,0,0,0,9,0,8,0,0,0,0,0,0,245,123,5
262,32,19,168.42,1,5.3,10,9,4,1,0,2,3,246,123,5
228,0,5,0,3,6.3,10,5,0,0,0,0,0,246,123,5
263,34,20,170,2,8.5,10,8,6,0,0,4,2,246,123,5
239,39,23,169.57,4,0,10,8,9,0,0,3,3,246,123,5
264,31,14,221.43,5,0,10,4,5,0,0,2,3,246,123,5
88,5,5,100,1,0.6,7,3,1,0,0,1,0,247,124,5
222,11,7,157.14,3,3.5,7,4,1,0,0,1,1,247,124,5
87,1,4,25,4,5.1,7,3,1,0,0,0,0,247,124,5
287,0,2,0,5,5.3,7,2,0,0,0,0,0,247,124,5
194,70,48,145.83,2,14.5,7,16,20,2,0,7,3,247,124,5
157,22,12,183.33,7,18.1,7,3,6,0,0,1,2,247,124,5
94,52,35,148.57,6,0,7,10,18,0,0,4,3,247,124,5
162,21,8,262.5,8,0,7,2,1,0,0,5,0,247,124,5
288,38,25,152,1,7.6,9,11,8,0,0,3,3,248,124,5
290,12,7,171.43,3,11.5,9,1,4,0,0,2,0,248,124,5
291,17,13,130.77,4,16.1,9,3,7,1,0,2,0,248,124,5
289,87,54,161.11,2,16.6,9,18,21,1,0,10,4,248,124,5
293,5,4,125,6,18.1,9,2,1,0,0,1,0,248,124,5
292,6,8,75,5,18.4,9,5,2,0,0,1,0,248,124,5
112,1,2,50,7,19.2,9,1,1,0,0,0,0,248,124,5
113,8,4,200,8,0,9,1,2,0,0,0,1,248,124,5
164,3,3,100,9,0,9,1,1,1,0,0,0,248,124,5
71,18,12,150,1,2.3,6,7,2,0,0,1,2,249,125,5
197,15,17,88.24,3,6.2,6,12,3,0,0,0,2,249,125,5
72,0,3,0,4,6.5,6,3,0,0,0,0,0,249,125,5
82,19,17,111.76,5,13.2,6,4,11,0,0,2,0,249,125,5
272,2,3,66.67,6,14.1,6,1,2,0,0,0,0,249,125,5
282,1,3,33.33,7,14.5,6,2,1,0,0,0,0,249,125,5
78,16,13,123.08,8,17.6,6,6,4,1,0,1,1,249,125,5
237,76,42,180.95,2,18.2,6,10,20,1,0,6,5,249,125,5
79,9,8,112.5,10,19.4,6,5,1,0,0,2,0,249,125,5
229,0,0,0,9,0,6,0,0,0,0,0,0,249,125,5
236,3,2,150,11,0,6,0,1,1,0,0,0,249,125,5
262,74,49,151.02,1,11.5,10,19,20,0,0,3,7,250,125,5
263,40,28,142.86,2,15.4,10,6,18,0,0,1,3,250,125,5
228,42,23,182.61,3,0,10,9,6,1,0,4,3,250,125,5
239,8,4,200,4,0,10,2,0,0,0,2,0,250,125,5
1,4,4,100,1,0.4,1,3,0,0,0,1,0,251,126,5
3,6,10,60,3,4.3,1,4,6,0,0,0,0,251,126,5
137,2,6,33.33,4,6.4,1,4,2,0,0,0,0,251,126,5
6,38,26,146.15,5,13.3,1,8,12,2,0,1,3,251,126,5
110,28,19,147.37,6,0,1,5,10,0,0,3,1,251,126,5
2,71,55,129.09,2,0,1,17,29,0,0,6,3,251,126,5
100,10,9,111.11,1,2.4,8,4,4,0,0,0,1,252,126,5
273,31,23,134.78,2,9.1,8,7,11,0,0,5,0,252,126,5
256,0,4,0,4,9.5,8,4,0,0,0,0,0,252,126,5
105,4,9,44.44,5,12.1,8,5,4,0,0,0,0,252,126,5
274,6,7,85.71,6,14.6,8,4,2,0,0,1,0,252,126,5
102,16,13,123.08,7,18.2,8,5,6,0,0,1,1,252,126,5
257,8,6,133.33,8,19.3,8,3,0,2,0,1,0,252,126,5
98,67,46,145.65,3,0,8,12,25,0,0,6,3,252,126,5
275,5,3,166.67,9,0,8,0,1,2,0,0,0,252,126,5
18,17,11,154.55,2,3.5,2,4,5,0,0,0,2,253,127,5
317,12,13,92.31,3,7.4,2,7,4,0,0,2,0,253,127,5
277,7,5,140,4,9.3,2,3,1,0,0,0,1,253,127,5
278,0,2,0,5,9.5,2,2,0,0,0,0,0,253,127,5
23,37,24,154.17,6,16.5,2,7,11,0,0,5,1,253,127,5
216,83,50,166,1,18.1,2,12,25,1,0,8,4,253,127,5
243,7,5,140,8,19.1,2,3,1,0,0,0,1,253,127,5
281,3,3,100,9,0,2,1,1,1,0,0,0,253,127,5
279,16,7,228.57,7,0,2,2,0,2,0,3,0,253,127,5
204,8,7,114.29,2,1.5,5,4,2,0,0,0,1,254,127,5
284,51,28,182.14,1,7.5,5,13,7,0,0,2,6,254,127,5
57,32,28,114.29,3,13.3,5,10,14,0,0,3,1,254,127,5
60,1,5,20,5,14.2,5,4,1,0,0,0,0,254,127,5
59,36,22,163.64,4,17.4,5,6,10,0,0,5,1,254,127,5
285,6,2,300,7,0,5,1,0,0,0,0,1,254,127,5
283,49,19,257.89,6,0,5,6,2,1,1,6,3,254,127,5
28,2,3,66.67,1,1.1,3,1,2,0,0,0,0,255,128,5
29,5,7,71.43,2,3.3,3,5,1,0,0,1,0,255,128,5
261,48,38,126.32,3,10.6,3,16,14,0,0,7,1,255,128,5
31,68,46,147.83,4,18.4,3,10,26,1,0,7,2,255,128,5
32,35,22,159.09,5,0,3,5,11,0,0,6,0,255,128,5
33,6,4,150,6,0,3,1,2,0,0,1,0,255,128,5
71,2,4,50,1,1.2,6,2,2,0,0,0,0,256,128,5
237,2,6,33.33,2,2.1,6,4,2,0,0,0,0,256,128,5
197,13,7,185.71,3,3.6,6,4,1,0,0,0,2,256,128,5
252,4,6,66.67,5,6.4,6,2,4,0,0,0,0,256,128,5
72,25,32,78.12,4,11.6,6,13,17,0,0,2,0,256,128,5
296,23,11,209.09,7,16.1,6,2,5,0,0,3,1,256,128,5
304,11,10,110,8,18.6,6,4,5,0,0,0,1,256,128,5
272,55,40,137.5,6,0,6,8,25,0,0,6,1,256,128,5
78,9,4,225,9,0,6,1,1,0,0,2,0,256,128,5
262,21,16,131.25,1,3.6,10,7,5,0,0,4,0,257,129,5
263,10,16,62.5,2,5.5,10,7,8,1,0,0,0,257,129,5
239,3,8,37.5,4,7.4,10,5,3,0,0,0,0,257,129,5
264,9,9,100,5,9.5,10,6,1,0,0,2,0,257,129,5
228,50,28,178.57,3,14.6,10,4,14,2,0,8,0,257,129,5
265,7,4,175,7,16.1,10,2,1,0,0,0,1,257,129,5
268,42,24,175,6,18.3,10,7,10,1,0,3,3,257,129,5
267,17,11,154.55,8,0,10,3,5,0,0,3,0,257,129,5
269,3,4,75,9,0,10,1,3,0,0,0,0,257,129,5
1,6,8,75,1,1.3,1,5,2,0,0,1,0,258,129,5
3,7,7,100,3,2.4,1,5,1,0,0,0,1,258,129,5
2,13,10,130,2,5.1,1,4,3,1,0,2,0,258,129,5
177,3,6,50,5,7.5,1,3,3,0,0,0,0,258,129,5
137,15,18,83.33,4,8.1,1,9,7,0,0,2,0,258,129,5
7,24,24,100,7,15.2,1,9,12,0,0,3,0,258,129,5
6,48,27,177.78,6,19.2,1,3,16,0,0,8,0,258,129,5
163,27,18,150,8,0,1,6,7,0,0,5,0,258,129,5
10,5,3,166.67,9,0,1,1,1,0,0,1,0,258,129,5
289,14,20,70,2,5.3,9,12,6,0,0,2,0,259,130,5
288,21,16,131.25,1,6.4,9,6,7,0,0,2,1,259,130,5
290,22,17,129.41,3,10.2,9,9,4,1,0,1,2,259,130,5
292,1,5,20,5,11.3,9,4,1,0,0,0,0,259,130,5
293,14,9,155.56,6,13.5,9,3,4,0,0,1,1,259,130,5
113,22,11,200,7,16.6,9,5,2,0,0,2,2,259,130,5
291,43,33,130.3,4,0,9,12,15,0,0,4,2,259,130,5
112,21,9,233.33,8,0,9,2,1,2,0,4,0,259,130,5
276,67,37,181.08,1,0,4,8,19,0,0,6,4,260,130,5
245,93,53,175.47,2,0,4,15,23,1,0,8,6,260,130,5
18,27,13,207.69,2,3.6,2,5,3,0,0,3,2,261,131,5
216,19,13,146.15,1,4.2,2,7,3,0,0,1,2,261,131,5
317,70,35,200,3,15.3,2,10,14,0,0,5,6,261,131,5
278,44,18,244.44,5,18.6,2,7,0,2,0,7,2,261,131,5
277,41,39,105.13,4,0,2,14,21,0,0,2,2,261,131,5
23,7,3,233.33,6,0,2,1,1,0,0,0,1,261,131,5
194,23,10,230,2,3.4,7,5,1,0,0,1,3,262,131,5
222,6,13,46.15,3,7.5,7,7,6,0,0,0,0,262,131,5
87,11,9,122.22,4,10.2,7,4,3,0,0,2,0,262,131,5
287,1,4,25,5,11.3,7,3,1,0,0,0,0,262,131,5
94,44,27,162.96,6,17.4,7,10,10,0,0,4,3,262,131,5
88,87,46,189.13,1,19.5,7,13,21,1,0,1,10,262,131,5
162,6,1,600,8,0,7,0,0,0,0,0,1,262,131,5
157,21,10,210,7,0,7,3,3,0,0,3,1,262,131,5
29,61,45,135.56,2,14.4,3,15,21,0,0,7,2,263,132,5
32,6,6,100,3,15.5,3,3,2,0,0,1,0,263,132,5
28,65,48,135.42,1,16.4,3,14,25,0,0,7,2,263,132,5
31,21,12,175,4,18.5,3,6,1,2,0,1,2,263,132,5
195,4,3,133.33,6,19.5,3,2,0,0,0,1,0,263,132,5
33,13,5,260,5,0,3,2,1,0,0,0,2,263,132,5
261,2,1,200,7,0,3,0,0,1,0,0,0,263,132,5
289,12,17,70.59,2,5.5,9,9,6,1,0,1,0,264,132,5
290,0,2,0,3,6.5,9,2,0,0,0,0,0,264,132,5
291,10,14,71.43,4,10.3,9,7,6,0,0,1,0,264,132,5
292,12,12,100,5,13.6,9,4,6,1,0,1,0,264,132,5
293,5,9,55.56,6,17.2,9,4,5,0,0,0,0,264,132,5
113,30,10,300,7,19.5,9,2,2,0,0,4,2,264,132,5
288,89,56,158.93,1,0,9,15,27,1,0,9,4,264,132,5
112,2,1,200,8,0,9,0,0,1,0,0,0,264,132,5
88,5,6,83.33,1,1.5,7,4,1,0,0,1,0,265,133,5
194,5,10,50,2,3.6,7,5,5,0,0,0,0,265,133,5
87,14,20,70,4,9.2,7,9,10,0,0,1,0,265,133,5
222,37,27,137.04,3,11.2,7,9,13,0,0,3,2,265,133,5
94,6,11,54.55,6,14.2,7,5,6,0,0,0,0,265,133,5
287,13,15,86.67,5,16.3,7,5,9,0,0,1,0,265,133,5
162,13,9,144.44,8,19.2,7,4,3,0,0,1,1,265,133,5
157,27,18,150,7,0,7,7,7,0,0,2,2,265,133,5
89,11,4,275,9,0,7,1,1,0,0,1,1,265,133,5
262,16,16,100,1,5.3,10,8,6,0,0,1,1,266,133,5
228,16,11,145.45,3,8.1,10,5,4,0,0,0,2,266,133,5
239,17,16,106.25,4,11.5,10,8,5,0,0,3,0,266,133,5
264,7,6,116.67,5,13.6,10,2,3,0,0,1,0,266,133,5
263,33,36,91.67,2,14.1,10,14,19,0,0,2,1,266,133,5
265,28,13,215.38,6,0,10,4,4,1,0,1,3,266,133,5
268,20,8,250,7,0,10,2,2,0,0,3,1,266,133,5
262,5,7,71.43,1,1.1,10,5,1,0,0,1,0,267,134,5
228,17,14,121.43,3,4.4,10,7,5,0,0,0,2,267,134,5
263,37,33,112.12,2,13.2,10,11,17,1,0,3,1,267,134,5
266,31,27,114.81,4,14.3,10,8,15,1,0,2,1,267,134,5
264,21,21,100,5,19.1,10,9,9,1,0,1,1,267,134,5
265,19,14,135.71,6,19.4,10,5,4,2,1,2,0,267,134,5
267,1,1,100,8,0,10,0,1,0,0,0,0,267,134,5
268,2,3,66.67,7,0,10,1,2,0,0,0,0,267,134,5
28,5,10,50,1,3.3,3,5,5,0,0,0,0,268,134,5
29,22,15,146.67,2,4.5,3,8,4,0,0,0,3,268,134,5
261,16,15,106.67,3,8.6,3,7,6,0,0,1,1,268,134,5
32,15,8,187.5,5,11.6,3,2,3,1,0,1,1,268,134,5
31,44,30,146.67,4,12.6,3,10,12,2,0,4,2,268,134,5
195,24,9,266.67,6,0,3,2,2,0,0,4,1,268,134,5
33,6,5,120,7,0,3,2,2,0,0,1,0,268,134,5
71,9,9,100,2,2.3,42,5,3,0,0,0,1,269,135,6
173,16,13,123.08,3,9.3,42,2,10,0,0,0,1,269,135,6
276,55,43,127.91,1,11.5,42,13,21,2,0,6,1,269,135,6
231,31,17,182.35,5,16.5,42,3,8,0,1,5,0,269,135,6
60,18,11,163.64,6,0,42,4,4,1,0,0,2,269,135,6
195,36,28,128.57,4,0,42,9,14,0,0,4,1,269,135,6
138,20,15,133.33,1,4.6,37,6,6,0,0,2,1,270,135,6
73,0,2,0,3,5.4,37,2,0,0,0,0,0,270,135,6
278,52,31,167.74,4,14.5,37,9,14,1,0,3,4,270,135,6
245,73,43,169.77,2,15.6,37,9,23,0,0,8,3,270,135,6
8,7,6,116.67,5,16.1,37,2,3,0,0,1,0,270,135,6
140,8,6,133.33,7,0,37,3,2,0,0,0,1,270,135,6
285,10,3,333.33,6,0,37,1,0,0,0,1,1,270,135,6
100,8,10,80,2,2.4,32,5,4,0,0,1,0,271,136,6
261,14,12,116.67,3,5.5,32,6,4,0,0,1,1,271,136,6
159,23,20,115,1,7.4,32,9,7,1,0,2,1,271,136,6
208,9,15,60,5,13.3,32,6,9,0,0,0,0,271,136,6
318,8,5,160,6,14.3,32,3,0,0,0,2,0,271,136,6
50,37,19,194.74,7,0,32,5,9,0,0,1,4,271,136,6
74,64,39,164.1,4,0,32,9,20,1,0,6,3,271,136,6
172,24,15,160,1,5.4,35,5,6,0,0,3,1,272,136,6
262,27,30,90,2,8.6,35,11,15,2,0,2,0,272,136,6
237,25,19,131.58,3,11.6,35,5,11,0,0,2,1,272,136,6
246,30,19,157.89,5,0,35,3,11,1,1,2,1,272,136,6
197,56,32,175,4,0,35,6,17,1,1,4,3,272,136,6
301,79,48,164.58,2,15.6,36,14,21,1,0,8,4,273,137,6
87,0,3,0,3,16.6,36,3,0,0,0,0,0,273,137,6
216,92,57,161.4,1,17.5,36,15,26,1,0,13,2,273,137,6
31,17,8,212.5,4,19.5,36,2,3,0,0,2,1,273,137,6
82,2,4,50,5,0,36,2,2,0,0,0,0,273,137,6
94,1,1,100,6,0,36,0,1,0,0,0,0,273,137,6
88,47,24,195.83,1,6.3,39,7,9,1,0,3,4,274,137,6
84,14,10,140,3,9.2,39,4,4,0,0,1,1,274,137,6
137,0,2,0,4,9.4,39,2,0,0,0,0,0,274,137,6
287,12,13,92.31,5,13.4,39,6,6,0,0,0,1,274,137,6
265,19,12,158.33,6,17.2,39,4,5,0,0,2,1,274,137,6
185,59,46,128.26,2,17.5,39,12,27,1,0,3,3,274,137,6
112,6,4,150,7,18.5,39,1,2,0,0,1,0,274,137,6
14,0,1,0,9,18.6,39,1,0,0,0,0,0,274,137,6
203,8,3,266.67,10,0,39,0,2,0,0,0,1,274,137,6
163,3,6,50,8,0,39,3,3,0,0,0,0,274,137,6
1,1,3,33.33,2,1.2,34,2,1,0,0,0,0,275,138,6
305,50,35,142.86,3,14.3,34,9,19,0,1,4,2,275,138,6
61,29,16,181.25,4,18.6,34,6,5,1,0,1,3,275,138,6
2,98,64,153.12,1,0,34,15,36,1,0,6,6,275,138,6
110,1,2,50,5,0,34,1,1,0,0,0,0,275,138,6
18,7,4,175,2,1.2,40,2,1,0,0,0,1,276,138,6
72,14,15,93.33,3,6.6,40,6,8,0,0,0,1,276,138,6
32,18,14,128.57,4,10.6,40,5,6,1,0,1,1,276,138,6
4,42,26,161.54,5,17.6,40,7,12,1,0,4,2,276,138,6
6,0,1,0,6,18.2,40,1,0,0,0,0,0,276,138,6
29,96,53,181.13,1,0,40,11,26,1,0,11,4,276,138,6
59,5,3,166.67,7,0,40,1,1,0,0,1,0,276,138,6
216,28,15,186.67,1,3.6,36,8,2,0,0,2,3,277,139,6
31,31,25,124,3,10.4,36,8,13,1,0,1,2,277,139,6
87,0,2,0,4,10.6,36,2,0,0,0,0,0,277,139,6
301,54,39,138.46,2,15.6,36,12,18,1,0,7,1,277,139,6
7,8,5,160,6,18.4,36,2,2,0,0,0,1,277,139,6
82,51,28,182.14,5,0,36,8,11,1,0,5,3,277,139,6
94,14,7,200,7,0,36,2,2,0,0,3,0,277,139,6
288,5,3,166.67,2,1.4,41,1,1,0,0,1,0,278,139,6
3,29,16,181.25,3,5.2,41,7,3,0,0,5,1,278,139,6
277,23,19,121.05,4,13.4,41,3,13,1,0,2,0,278,139,6
148,30,13,230.77,5,18.2,41,3,4,1,0,3,2,278,139,6
171,97,65,149.23,1,19.2,41,18,33,0,0,10,4,278,139,6
62,2,2,100,7,0,41,1,0,1,0,0,0,278,139,6
135,1,2,50,6,0,41,1,1,0,0,0,0,278,139,6
245,8,8,100,1,2.2,37,3,4,0,0,1,0,279,140,6
73,2,9,22.22,3,4.1,37,7,2,0,0,0,0,279,140,6
138,14,11,127.27,2,6.2,37,3,6,0,0,2,0,279,140,6
8,42,32,131.25,5,16.2,37,10,16,0,0,5,1,279,140,6
278,52,50,104,4,19.2,37,18,26,0,0,5,1,279,140,6
268,7,2,350,7,0,37,0,1,0,0,0,1,279,140,6
285,15,10,150,6,0,37,3,5,0,0,1,1,279,140,6
34,33,29,113.79,2,9.3,38,12,13,0,0,2,2,280,140,6
45,6,5,120,3,10.6,38,2,2,0,0,1,0,280,140,6
298,1,3,33.33,4,12.1,38,2,1,0,0,0,0,280,140,6
272,6,4,150,5,13.1,38,1,2,0,0,1,0,280,140,6
33,0,1,0,6,13.2,38,1,0,0,0,0,0,280,140,6
157,10,11,90.91,7,16.3,38,4,6,0,0,1,0,280,140,6
238,58,50,116,1,17.2,38,17,26,0,0,5,2,280,140,6
141,9,9,100,9,0,38,2,5,2,0,0,0,280,140,6
125,19,9,211.11,8,0,38,1,5,0,0,2,1,280,140,6
300,14,8,175,1,2.2,31,4,2,0,0,0,2,281,141,6
222,23,15,153.33,3,5.4,31,6,5,1,0,1,2,281,141,6
194,23,14,164.29,2,6.6,31,5,5,0,0,3,1,281,141,6
264,0,1,0,5,7.5,31,1,0,0,0,0,0,281,141,6
28,26,21,123.81,4,11.6,31,9,8,0,0,3,1,281,141,6
113,6,8,75,7,14.6,31,5,2,0,0,1,0,281,141,6
286,12,13,92.31,8,0,31,4,8,0,0,1,0,281,141,6
177,82,41,200,6,0,31,8,20,1,0,6,6,281,141,6
172,15,9,166.67,2,2.2,35,4,3,0,0,0,2,282,141,6
237,18,21,85.71,3,10.3,35,6,14,0,0,1,0,282,141,6
197,54,32,168.75,4,18.5,35,9,14,1,0,5,3,282,141,6
43,88,55,160,1,0,35,14,27,2,1,6,5,282,141,6
246,1,3,33.33,5,0,35,2,1,0,0,0,0,282,141,6
57,16,8,200,2,3.2,33,2,4,0,0,0,2,283,142,6
317,23,21,109.52,3,8.5,33,10,7,0,0,4,0,283,142,6
149,0,2,0,4,9.2,33,2,0,0,0,0,0,283,142,6
83,48,39,123.08,1,13.5,33,16,16,0,0,5,2,283,142,6
98,55,28,196.43,5,18.3,33,5,13,0,0,9,1,283,142,6
283,21,17,123.53,6,0,33,4,9,2,0,2,0,283,142,6
297,4,6,66.67,7,0,33,2,4,0,0,0,0,283,142,6
18,5,4,125,2,0.6,40,2,1,0,0,1,0,284,142,6
29,4,5,80,1,1.3,40,2,2,1,0,0,0,284,142,6
72,32,27,118.52,3,10.2,40,9,14,0,0,3,1,284,142,6
4,47,37,127.03,4,13.2,40,15,15,0,0,5,2,284,142,6
59,4,8,50,6,15.6,40,4,4,0,0,0,0,284,142,6
6,15,11,136.36,7,0,40,3,5,1,0,2,0,284,142,6
32,44,29,151.72,5,0,40,6,16,0,0,7,0,284,142,6
298,0,2,0,2,0.4,38,2,0,0,0,0,0,285,143,6
238,10,11,90.91,1,3.5,38,6,4,0,0,0,1,285,143,6
45,34,16,212.5,3,5.2,38,5,6,0,0,1,4,285,143,6
272,7,4,175,5,6.3,38,2,1,0,0,0,1,285,143,6
34,18,14,128.57,4,8.6,38,4,8,0,0,1,1,285,143,6
33,11,10,110,6,9.5,38,4,5,0,0,0,1,285,143,6
157,3,4,75,7,10.3,38,1,3,0,0,0,0,285,143,6
280,0,1,0,9,10.4,38,1,0,0,0,0,0,285,143,6
125,41,29,141.38,8,19.3,38,10,12,0,1,5,1,285,143,6
269,32,28,114.29,10,0,38,10,12,2,0,4,0,285,143,6
106,1,1,100,11,0,38,0,1,0,0,0,0,285,143,6
71,70,41,170.73,2,14.2,42,7,24,0,0,7,3,286,143,6
173,9,6,150,3,15.6,42,3,1,0,0,2,0,286,143,6
231,1,2,50,4,17.1,42,1,1,0,0,0,0,286,143,6
276,76,54,140.74,1,0,42,17,24,1,0,11,1,286,143,6
195,6,3,200,5,0,42,2,0,0,0,0,1,286,143,6
88,15,9,166.67,1,2.5,39,3,3,0,0,3,0,287,144,6
185,73,42,173.81,2,15.5,39,8,23,0,0,8,3,287,144,6
84,58,46,126.09,3,16.1,39,17,22,0,0,3,4,287,144,6
137,8,8,100,4,19.1,39,3,4,0,0,1,0,287,144,6
265,5,3,166.67,6,19.6,39,1,1,0,0,1,0,287,144,6
287,15,13,115.38,5,0,39,6,5,0,0,1,1,287,144,6
112,0,0,0,7,0,39,0,0,0,0,0,0,287,144,6
288,2,5,40,2,3.3,41,3,2,0,0,0,0,288,144,6
3,67,42,159.52,3,16.3,41,8,25,1,0,4,4,288,144,6
171,69,55,125.45,1,0,41,17,29,1,0,5,3,288,144,6
148,38,15,253.33,4,0,41,4,4,0,0,4,3,288,144,6
1,47,41,114.63,2,13.3,34,12,23,1,0,4,1,289,145,6
61,0,1,0,3,13.4,34,1,0,0,0,0,0,289,145,6
305,0,2,0,4,13.6,34,2,0,0,0,0,0,289,145,6
2,70,53,132.08,1,16.6,34,12,32,0,0,8,1,289,145,6
235,24,10,240,6,0,34,1,4,0,0,5,0,289,145,6
16,24,14,171.43,5,0,34,4,6,0,0,3,1,289,145,6
57,51,35,145.71,2,11.4,33,11,17,0,0,4,3,290,145,6
317,9,13,69.23,3,15.1,33,5,7,1,0,0,0,290,145,6
149,0,2,0,4,15.3,33,2,0,0,0,0,0,290,145,6
83,68,44,154.55,1,16.1,33,11,22,0,0,10,1,290,145,6
98,27,14,192.86,5,19.5,33,4,5,0,0,4,1,290,145,6
297,9,11,81.82,6,0,33,5,5,0,0,1,0,290,145,6
283,1,1,100,7,0,33,0,1,0,0,0,0,290,145,6
100,6,7,85.71,2,1.4,32,4,2,0,0,1,0,291,146,6
159,3,5,60,1,2.5,32,2,3,0,0,0,0,291,146,6
261,1,6,16.67,4,4.1,32,5,1,0,0,0,0,291,146,6
74,50,41,121.95,5,16.2,32,13,22,0,0,4,2,291,146,6
318,14,10,140,6,0,32,2,6,0,0,2,0,291,146,6
85,69,51,135.29,3,0,32,14,27,0,0,9,1,291,146,6
300,12,10,120,1,3.2,31,4,4,0,0,2,0,292,146,6
194,16,14,114.29,2,5.1,31,7,4,0,0,3,0,292,146,6
222,43,28,153.57,3,11.2,31,9,11,0,0,8,0,292,146,6
28,45,40,112.5,4,17.2,31,14,19,2,0,4,1,292,146,6
264,26,14,185.71,5,0,31,2,8,0,0,3,1,292,146,6
177,1,2,50,6,0,31,1,1,0,0,0,0,292,146,6
71,19,11,172.73,1,2.3,42,5,2,0,1,2,1,293,147,6
173,1,3,33.33,3,3.1,42,2,1,0,0,0,0,293,147,6
195,48,29,165.52,4,13.3,42,8,14,0,0,4,3,293,147,6
231,6,13,46.15,5,18.4,42,7,6,0,0,0,0,293,147,6
60,14,4,350,6,0,42,1,0,0,0,2,1,293,147,6
276,103,60,171.67,2,0,42,13,31,1,0,10,5,293,147,6
298,8,7,114.29,2,2.1,38,2,4,0,0,1,0,294,147,6
238,10,10,100,1,3.2,38,3,6,0,0,1,0,294,147,6
34,9,9,100,4,6.4,38,3,5,0,0,1,0,294,147,6
45,51,41,124.39,3,15.6,38,12,21,1,0,7,0,294,147,6
157,4,3,133.33,6,16.5,38,2,0,0,0,1,0,294,147,6
272,63,38,165.79,5,18.4,38,6,23,0,0,7,2,294,147,6
125,0,1,0,8,18.5,38,1,0,0,0,0,0,294,147,6
296,9,4,225,9,0,38,0,2,0,1,1,0,294,147,6
33,7,7,100,7,0,38,2,4,0,1,0,0,294,147,6
88,22,23,95.65,1,6.4,39,12,8,0,0,2,1,295,148,6
185,24,20,120,2,7.2,39,7,10,0,0,2,1,295,148,6
137,10,8,125,4,8.5,39,6,0,0,0,1,1,295,148,6
84,19,12,158.33,3,10.5,39,5,3,1,0,2,1,295,148,6
48,2,7,28.57,5,11.5,39,5,2,0,0,0,0,295,148,6
287,33,19,173.68,6,0,39,2,13,0,0,2,2,295,148,6
112,64,33,193.94,7,0,39,8,12,1,0,11,1,295,148,6
301,128,68,188.24,2,16.5,36,17,28,2,0,15,6,296,148,6
216,48,35,137.14,1,0,36,7,22,0,0,5,1,296,148,6
31,0,1,0,3,0,36,1,0,0,0,0,0,296,148,6
172,32,34,94.12,2,11.4,35,11,18,3,0,2,0,297,149,6
197,0,2,0,3,11.6,35,2,0,0,0,0,0,297,149,6
246,8,8,100,4,14.2,35,3,4,0,0,1,0,297,149,6
228,4,2,200,5,14.4,35,1,0,0,0,1,0,297,149,6
43,91,59,154.24,1,19.3,35,16,28,2,1,8,4,297,149,6
267,1,1,100,7,0,35,0,1,0,0,0,0,297,149,6
99,25,16,156.25,6,0,35,4,8,0,1,2,1,297,149,6
300,39,28,139.29,1,6.3,31,12,11,0,0,1,4,298,149,6
222,1,3,33.33,3,7.1,31,2,1,0,0,0,0,298,149,6
28,10,8,125,4,9.1,31,4,2,0,0,2,0,298,149,6
264,10,9,111.11,5,11.3,31,5,2,0,0,2,0,298,149,6
113,52,28,185.71,6,0,31,7,10,2,0,8,1,298,149,6
194,49,35,140,2,0,31,10,19,1,0,1,4,298,149,6
2,10,8,125,1,1.5,34,3,4,0,0,0,1,299,150,6
305,1,4,25,3,3.3,34,3,1,0,0,0,0,299,150,6
16,1,5,20,4,4.2,34,4,1,0,0,0,0,299,150,6
235,15,16,93.75,5,9.5,34,5,9,1,0,1,0,299,150,6
1,35,37,94.59,2,15.1,34,9,25,1,0,2,0,299,150,6
110,33,24,137.5,6,16.2,34,6,13,0,0,5,0,299,150,6
61,10,10,100,7,19.5,34,3,6,0,0,1,0,299,150,6
234,31,15,206.67,8,0,34,5,3,1,0,5,1,299,150,6
91,1,1,100,9,0,34,0,1,0,0,0,0,299,150,6
83,53,44,120.45,1,15.2,33,12,25,0,0,7,0,300,150,6
317,20,7,285.71,3,0,33,1,2,0,0,3,1,300,150,6
57,67,50,134,2,0,33,13,29,0,0,5,3,300,150,6
298,11,8,137.5,2,2.2,38,3,3,0,0,2,0,301,151,6
238,28,28,100,1,10.6,38,7,18,1,0,2,0,301,151,6
34,0,1,0,4,11.2,38,1,0,0,0,0,0,301,151,6
45,60,47,127.66,3,18.1,38,10,30,0,0,6,1,301,151,6
272,40,27,148.15,5,18.6,38,8,13,0,1,3,2,301,151,6
157,8,6,133.33,6,19.5,38,3,2,0,0,0,1,301,151,6
125,1,3,33.33,7,0,38,2,1,0,0,0,0,301,151,6
320,1,1,100,8,0,38,0,1,0,0,0,0,301,151,6
245,29,13,223.08,1,4.4,37,4,3,0,0,5,1,302,151,6
138,33,18,183.33,2,5.3,37,9,3,0,0,3,3,302,151,6
73,31,17,182.35,3,10.5,37,3,9,0,0,4,1,302,151,6
278,21,22,95.45,4,12.1,37,10,9,0,0,3,0,302,151,6
285,18,13,138.46,5,15.4,37,4,6,0,0,3,0,302,151,6
268,1,1,100,7,0,37,0,1,0,0,0,0,302,151,6
8,21,12,175,6,0,37,3,5,0,0,4,0,302,151,6
