bowler,overs,maidens,runs,wickets,er,sr,avg,wides,noballs,team_id,dots,c1,c2,c3,c4,c6,inn_id,m_id,t_id
11,4,0,42,0,10.5,-1,-1,1,1,1,4,14,1,0,6,0,1,1,1
12,4,0,35,1,8.75,24,35,0,1,1,10,10,0,0,3,2,1,1,1
10,4,0,50,0,12.5,-1,-1,0,0,1,7,6,0,0,11,0,1,1,1
13,4,0,26,1,6.5,24,26,0,0,1,5,16,1,0,2,0,1,1,1
6,4,0,26,3,6.5,8,8.67,0,0,1,9,12,0,0,2,1,1,1,1
19,1,0,5,0,5,-1,-1,0,0,2,1,5,0,0,0,0,2,1,1
25,3.3,0,48,1,13.71,21,48,0,0,2,8,3,0,1,6,3,2,1,1
27,2,0,30,0,15,-1,-1,0,2,2,5,4,1,0,1,3,2,1,1
24,3,0,42,1,14,18,42,0,0,2,5,6,0,0,3,4,2,1,1
23,4,0,28,0,7,-1,-1,1,1,2,8,14,0,0,3,0,2,1,1
22,4,0,27,1,6.75,24,27,0,0,2,10,11,0,0,1,2,2,1,1
94,1,0,11,0,11,-1,-1,0,0,7,1,3,0,0,2,0,3,2,1
91,4,0,47,1,11.75,24,47,0,0,7,9,7,0,0,4,4,3,2,1
92,4,0,24,0,6,-1,-1,0,0,7,3,20,0,0,1,0,3,2,1
93,3,0,34,0,11.33,-1,-1,0,0,7,6,6,0,0,4,2,3,2,1
87,4,0,37,1,9.25,24,37,1,0,7,7,12,0,0,3,2,3,2,1
89,4,0,36,1,9,24,36,0,0,7,11,6,0,0,6,1,3,2,1
48,3,0,32,1,10.67,18,32,0,0,4,3,10,0,0,4,1,4,2,1
53,4,0,52,1,13,24,52,0,0,4,9,4,0,0,9,2,4,2,1
51,4,0,38,0,9.5,-1,-1,0,1,4,7,11,2,0,4,1,4,2,1
52,4,1,31,3,7.75,8,10.33,0,0,4,12,7,0,0,3,2,4,2,1
50,4,0,22,2,5.5,12,11,0,0,4,8,14,0,0,2,0,4,2,1
49,1,0,12,0,12,-1,-1,0,0,4,0,4,0,0,2,0,4,2,1
67,4,0,52,0,13,-1,-1,1,0,5,4,11,2,0,3,4,5,3,1
64,2,0,28,0,14,-1,-1,0,0,5,2,6,0,0,1,3,5,3,1
61,3,0,28,0,9.33,-1,-1,1,0,5,4,11,0,0,1,2,5,3,1
65,4,0,39,2,9.75,12,19.5,0,0,5,11,7,0,0,2,4,5,3,1
62,3,0,34,1,11.33,18,34,0,0,5,5,8,0,0,2,3,5,3,1
66,4,0,34,0,8.5,-1,-1,0,0,5,5,14,1,0,3,1,5,3,1
38,4,0,31,0,7.75,-1,-1,0,1,3,13,8,0,0,1,3,6,3,1
35,4,0,38,4,9.5,6,9.5,0,0,3,13,4,1,0,2,4,6,3,1
36,4,0,30,1,7.5,24,30,0,0,3,10,10,0,0,2,2,6,3,1
37,4,0,11,3,2.75,8,3.67,0,0,3,13,11,0,0,0,0,6,3,1
33,4,0,35,1,8.75,24,35,0,0,3,8,9,2,0,4,1,6,3,1
77,4,0,31,3,7.75,8,10.33,0,0,6,8,11,0,0,5,0,7,4,1
75,2,0,10,1,5,12,10,0,0,6,5,6,0,0,1,0,7,4,1
78,3,0,42,0,14,-1,-1,0,0,6,4,6,0,0,6,2,7,4,1
80,4,0,35,1,8.75,24,35,0,0,6,7,11,0,0,6,0,7,4,1
81,3,0,26,0,8.67,-1,-1,1,0,6,5,9,0,0,4,0,7,4,1
79,4,0,39,2,9.75,12,19.5,1,0,6,8,7,3,1,1,3,7,4,1
104,4,0,29,1,7.25,24,29,2,1,8,5,18,0,0,2,0,8,4,1
103,4,0,29,3,7.25,8,9.67,1,0,8,8,12,0,0,4,0,8,4,1
105,4,0,34,0,8.5,-1,-1,0,0,8,7,12,0,0,4,1,8,4,1
106,4,0,49,1,12.25,24,49,0,0,8,5,9,1,0,5,3,8,4,1
98,4,0,26,1,6.5,24,26,0,0,8,7,14,0,0,3,0,8,4,1
26,4,0,22,2,5.5,12,11,0,0,2,11,10,0,0,3,0,9,5,1
19,3,0,29,0,9.67,-1,-1,0,1,2,8,6,1,0,2,2,9,5,1
22,2,0,15,2,7.5,6,7.5,0,0,2,5,5,0,0,1,1,9,5,1
25,4,0,41,0,10.25,-1,-1,0,0,2,6,11,1,0,4,2,9,5,1
23,4,0,33,0,8.25,-1,-1,0,0,2,4,15,1,0,4,0,9,5,1
24,3,0,25,0,8.33,-1,-1,0,0,2,3,11,1,0,3,0,9,5,1
65,4,0,26,1,6.5,24,26,0,1,5,13,9,0,0,1,2,10,5,1
62,3,0,25,0,8.33,-1,-1,0,0,5,4,11,0,0,2,1,10,5,1
64,3,0,19,1,6.33,18,19,0,0,5,7,9,0,0,1,1,10,5,1
63,3,0,24,1,8,18,24,0,0,5,7,6,1,0,4,0,10,5,1
67,4,0,27,4,6.75,6,6.75,0,1,5,13,8,0,0,3,1,10,5,1
68,3,0,34,0,11.33,-1,-1,0,0,5,7,4,0,0,6,1,10,5,1
48,4,0,33,1,8.25,24,33,1,0,4,6,12,3,0,2,1,11,6,1
50,4,0,55,0,13.75,-1,-1,1,0,4,4,10,0,0,5,4,11,6,1
51,4,0,42,0,10.5,-1,-1,0,0,4,4,14,0,0,4,2,11,6,1
53,4,0,22,1,5.5,24,22,0,0,4,10,12,0,0,1,1,11,6,1
52,4,1,14,3,3.5,8,4.67,0,0,4,16,6,0,0,2,0,11,6,1
104,4,0,31,3,7.75,8,10.33,1,0,8,10,10,0,0,2,2,12,6,1
106,4,0,26,1,6.5,24,26,0,0,8,10,10,1,0,2,1,12,6,1
105,4,0,35,1,8.75,24,35,0,1,8,11,8,0,0,5,1,12,6,1
103,4,0,42,1,10.5,24,42,0,0,8,7,8,2,0,6,1,12,6,1
98,4,0,33,1,8.25,24,33,0,0,8,5,13,0,0,5,0,12,6,1
35,4,0,26,0,6.5,-1,-1,0,0,3,11,7,2,1,3,0,13,7,1
36,4,0,38,1,9.5,24,38,1,0,3,12,5,0,0,5,2,13,7,1
33,4,0,24,2,6,12,12,0,0,3,9,12,0,0,3,0,13,7,1
32,3,0,23,1,7.67,18,23,0,0,3,5,9,1,0,3,0,13,7,1
37,3,0,33,0,11,-1,-1,0,0,3,5,7,0,0,5,1,13,7,1
39,2,0,19,0,9.5,-1,-1,0,1,3,4,6,0,0,3,0,13,7,1
12,4,0,33,1,8.25,24,33,1,0,1,10,10,0,0,1,3,14,7,1
6,4,1,22,3,5.5,8,7.33,0,0,1,12,8,1,0,3,0,14,7,1
14,4,0,25,2,6.25,12,12.5,1,0,1,13,8,0,0,1,2,14,7,1
10,4,0,32,0,8,-1,-1,0,0,1,9,10,1,0,2,2,14,7,1
13,4,0,20,1,5,24,20,0,0,1,7,16,0,0,1,0,14,7,1
87,2,0,12,0,6,-1,-1,0,0,7,5,6,0,0,0,1,15,8,1
89,4,0,42,2,10.5,12,21,0,0,7,13,4,0,0,2,5,15,8,1
90,4,0,36,1,9,24,36,0,1,7,10,9,0,0,5,1,15,8,1
91,4,0,25,2,6.25,12,12.5,0,0,7,12,9,0,0,1,2,15,8,1
93,4,0,37,1,9.25,24,37,0,0,7,8,11,0,0,2,3,15,8,1
92,2,0,27,0,13.5,-1,-1,1,1,7,4,5,0,0,2,2,15,8,1
76,4,0,30,2,7.5,12,15,0,0,6,8,12,0,0,3,1,16,8,1
81,4,0,26,1,6.5,24,26,0,0,6,10,10,1,0,2,1,16,8,1
78,4,0,46,0,11.5,-1,-1,0,0,6,7,10,0,0,3,4,16,8,1
80,4,0,34,1,8.5,24,34,0,0,6,5,14,0,0,5,0,16,8,1
77,4,0,34,0,8.5,-1,-1,1,0,6,6,13,1,0,3,1,16,8,1
65,4,0,17,3,4.25,8,5.67,0,0,5,13,9,0,0,2,0,17,9,1
66,4,0,25,1,6.25,24,25,0,0,5,10,11,1,0,0,2,17,9,1
63,3,0,39,0,13,-1,-1,0,0,5,1,9,1,0,4,2,17,9,1
64,4,0,27,1,6.75,24,27,1,0,5,9,12,0,0,2,1,17,9,1
62,1,0,10,0,10,-1,-1,0,0,5,1,4,0,0,0,1,17,9,1
67,4,0,47,1,11.75,24,47,0,0,5,6,9,1,0,6,2,17,9,1
14,4,1,21,2,5.25,12,10.5,0,0,1,15,5,0,0,4,0,18,9,1
13,4,0,34,1,8.5,24,34,1,0,1,6,13,0,0,5,0,18,9,1
12,4,0,31,1,7.75,24,31,0,0,1,11,9,0,0,1,3,18,9,1
6,4,0,26,3,6.5,8,8.67,0,0,1,11,10,0,0,1,2,18,9,1
9,4,0,18,2,4.5,12,9,0,0,1,11,12,0,0,0,1,18,9,1
77,3,0,28,0,9.33,-1,-1,1,0,6,4,9,1,0,4,0,19,10,1
78,4,0,48,0,12,-1,-1,0,0,6,7,6,1,0,10,0,19,10,1
80,4,0,35,1,8.75,24,35,1,0,6,6,14,0,0,2,2,19,10,1
76,4,0,36,0,9,-1,-1,0,0,6,7,12,0,0,3,2,19,10,1
75,2,0,19,0,9.5,-1,-1,0,0,6,4,5,0,0,2,1,19,10,1
81,3,0,43,0,14.33,-1,-1,0,0,6,2,9,0,0,4,3,19,10,1
48,3,0,42,1,14,18,42,0,0,4,4,6,1,0,4,3,20,10,1
49,4,0,27,1,6.75,24,27,0,1,4,9,12,1,0,3,0,20,10,1
52,4,0,36,1,9,24,36,0,0,4,9,10,0,0,2,3,20,10,1
55,2,0,19,0,9.5,-1,-1,0,0,4,2,7,0,0,3,0,20,10,1
50,3,0,19,3,6.33,6,6.33,1,0,4,9,6,0,0,3,0,20,10,1
54,4,0,42,1,10.5,24,42,0,0,4,4,12,1,0,4,2,20,10,1
36,4,0,15,2,3.75,12,7.5,0,0,3,15,5,1,0,2,0,21,11,1
38,4,0,42,0,10.5,-1,-1,1,0,3,6,11,1,0,4,2,21,11,1
32,4,0,27,1,6.75,24,27,0,0,3,9,11,1,0,2,1,21,11,1
41,4,0,29,1,7.25,24,29,0,0,3,9,11,0,0,3,1,21,11,1
35,4,0,41,1,10.25,24,41,0,0,3,9,7,0,0,7,1,21,11,1
25,4,0,37,1,9.25,24,37,0,0,2,9,9,1,0,2,3,22,11,1
24,3,0,28,2,9.33,9,14,0,0,2,9,4,0,0,3,2,22,11,1
26,4,0,26,1,6.5,24,26,0,0,2,11,10,0,0,1,2,22,11,1
19,4,0,22,0,5.5,-1,-1,0,0,2,8,14,0,0,2,0,22,11,1
23,2,0,15,1,7.5,12,15,0,0,2,5,5,0,0,1,1,22,11,1
22,3,0,15,1,5,18,15,0,0,2,8,9,0,0,0,1,22,11,1
87,3,0,28,1,9.33,18,28,0,1,7,5,11,0,0,1,2,23,12,1
89,4,1,4,4,1,6,1,0,0,7,20,4,0,0,0,0,23,12,1
93,4,1,30,2,7.5,12,15,0,0,7,13,6,0,0,3,2,23,12,1
90,3,0,20,1,6.67,18,20,0,0,7,10,4,1,0,2,1,23,12,1
91,4,0,36,1,9,24,36,0,0,7,10,8,0,0,4,2,23,12,1
92,2,0,15,0,7.5,-1,-1,0,0,7,3,7,0,0,2,0,23,12,1
103,4,0,28,2,7,12,14,0,1,8,9,13,1,0,0,2,24,12,1
106,3,0,23,0,7.67,-1,-1,0,0,8,6,9,0,0,2,1,24,12,1
104,3,0,27,1,9,18,27,0,0,8,7,7,0,0,2,2,24,12,1
98,3.2,0,30,0,9,-1,-1,0,0,8,9,6,0,0,3,2,24,12,1
108,1,0,15,0,15,-1,-1,0,0,8,2,1,0,0,2,1,24,12,1
105,2,0,11,1,5.5,12,11,0,0,8,6,5,0,0,0,1,24,12,1
6,4,0,23,0,5.75,-1,-1,0,0,1,9,13,0,0,1,1,25,13,1
12,4,0,30,1,7.5,24,30,0,0,1,10,10,0,0,2,2,25,13,1
9,4,0,39,2,9.75,12,19.5,0,1,1,10,10,0,0,1,4,25,13,1
10,4,0,30,2,7.5,12,15,0,0,1,12,8,0,0,1,3,25,13,1
13,4,0,51,0,12.75,-1,-1,2,0,1,5,11,0,0,5,3,25,13,1
91,4,0,38,1,9.5,24,38,0,0,7,10,8,0,0,3,3,26,13,1
87,4,0,25,3,6.25,8,8.33,0,0,7,12,9,0,0,1,2,26,13,1
93,4,0,35,0,8.75,-1,-1,0,0,7,6,13,0,0,4,1,26,13,1
89,4,0,32,1,8,24,32,0,0,7,10,10,0,0,1,3,26,13,1
90,3,0,32,0,10.67,-1,-1,0,0,7,3,10,0,0,4,1,26,13,1
92,1,0,11,0,11,-1,-1,0,0,7,1,3,0,0,2,0,26,13,1
32,2,0,19,1,9.5,12,19,0,1,3,6,4,0,0,2,1,27,14,1
35,4,0,27,0,6.75,-1,-1,0,0,3,12,7,0,0,5,0,27,14,1
38,3,0,33,0,11,-1,-1,0,0,3,5,7,1,0,3,2,27,14,1
37,4,0,34,0,8.5,-1,-1,0,0,3,8,10,0,0,6,0,27,14,1
36,4,0,24,3,6,8,8,0,0,3,11,10,0,0,2,1,27,14,1
33,3,0,32,0,10.67,-1,-1,2,1,3,5,9,1,0,3,1,27,14,1
52,3,0,34,0,11.33,-1,-1,0,0,4,7,4,1,0,4,2,28,14,1
53,3,0,38,0,12.67,-1,-1,0,0,4,4,8,0,0,3,3,28,14,1
50,3.4,0,28,0,7.64,-1,-1,1,1,4,9,10,0,0,4,0,28,14,1
49,2,0,16,0,8,-1,-1,0,1,4,4,7,0,0,2,0,28,14,1
48,3,0,30,1,10,18,30,1,2,4,5,11,0,0,4,0,28,14,1
51,3,0,27,0,9,-1,-1,1,1,4,8,7,0,0,3,1,28,14,1
38,2,0,21,0,10.5,-1,-1,0,0,3,3,5,0,0,4,0,29,15,1
35,4,0,23,3,5.75,8,7.67,0,0,3,11,9,1,0,3,0,29,15,1
36,4,1,29,2,7.25,12,14.5,0,0,3,16,3,0,0,2,3,29,15,1
32,2,0,12,0,6,-1,-1,0,0,3,2,8,0,0,1,0,29,15,1
37,4,0,21,2,5.25,12,10.5,0,0,3,16,5,0,0,1,2,29,15,1
33,4,0,22,2,5.5,12,11,0,0,3,14,6,0,0,4,0,29,15,1
13,2,0,30,1,15,12,30,0,0,1,2,4,1,0,3,2,30,15,1
6,4,0,19,1,4.75,24,19,0,0,1,9,13,1,0,1,0,30,15,1
10,2.5,0,37,0,13.06,-1,-1,0,2,1,6,7,0,0,4,2,30,15,1
12,4,1,16,0,4,-1,-1,0,0,1,13,8,2,0,1,0,30,15,1
9,4,0,30,2,7.5,12,15,1,0,1,10,9,1,0,3,1,30,15,1
113,4,0,37,2,9.25,12,18.5,0,0,21,8,11,0,0,2,3,31,16,2
112,4,0,32,1,8,24,32,0,0,21,8,12,0,0,2,2,31,16,2
114,4,0,65,2,16.25,12,32.5,0,0,21,6,7,0,0,4,7,31,16,2
10,4,0,35,0,8.75,-1,-1,1,0,21,7,12,1,0,2,2,31,16,2
115,3,0,28,1,9.33,18,28,0,0,21,4,10,0,0,3,1,31,16,2
5,1,0,9,0,9,-1,-1,0,0,21,0,5,0,0,1,0,31,16,2
125,4,0,49,0,12.25,-1,-1,0,0,22,6,11,0,0,2,5,32,16,2
123,4,0,45,0,11.25,-1,-1,0,0,22,5,11,0,0,7,1,32,16,2
124,4,0,32,0,8,-1,-1,0,0,22,8,12,0,0,2,2,32,16,2
9,4,0,33,0,8.25,-1,-1,0,0,22,5,15,0,0,3,1,32,16,2
80,4,0,40,3,10,8,13.33,1,0,22,7,11,0,0,4,2,32,16,2
154,2,0,20,0,10,-1,-1,0,0,25,3,6,0,0,2,1,33,17,2
152,3,0,30,0,10,-1,-1,0,0,25,2,12,0,0,3,1,33,17,2
91,4,0,42,0,10.5,-1,-1,1,0,25,4,13,1,0,5,1,33,17,2
87,3,0,28,0,9.33,-1,-1,1,0,25,3,11,1,0,2,1,33,17,2
151,4,0,32,4,8,6,8,0,0,25,13,4,1,0,5,1,33,17,2
153,4,0,38,1,9.5,24,38,0,0,25,5,14,0,0,3,2,33,17,2
142,3,0,24,0,8,-1,-1,1,0,24,5,9,1,0,3,0,34,17,2
141,1,0,11,0,11,-1,-1,0,0,24,0,5,0,0,0,1,34,17,2
6,4,0,26,1,6.5,24,26,0,0,24,6,14,2,0,2,0,34,17,2
140,3.4,0,21,3,5.73,7.33,7,1,0,24,10,8,2,0,2,0,34,17,2
12,4,0,25,2,6.25,12,12.5,0,0,24,8,13,0,0,3,0,34,17,2
143,4,0,29,4,7.25,6,7.25,2,0,24,5,15,2,0,2,0,34,17,2
130,4,0,50,1,12.5,24,50,0,0,23,6,10,1,0,2,5,37,19,2
94,3,0,25,0,8.33,-1,-1,0,0,23,7,7,1,0,1,2,37,19,2
132,3,0,46,0,15.33,-1,-1,0,0,23,2,8,1,0,3,4,37,19,2
131,4,0,30,4,7.5,6,7.5,0,0,23,12,6,1,0,4,1,37,19,2
13,4,0,37,0,9.25,-1,-1,0,0,23,5,13,1,0,4,1,37,19,2
33,2,0,16,0,8,-1,-1,0,0,23,2,8,0,0,2,0,37,19,2
12,4,0,33,1,8.25,24,33,0,0,24,8,11,1,0,2,2,38,19,2
140,1,0,16,0,16,-1,-1,0,0,24,1,2,0,0,2,1,38,19,2
141,3,0,39,0,13,-1,-1,0,2,24,3,11,0,0,5,1,38,19,2
6,4,0,57,0,14.25,-1,-1,0,0,24,4,9,1,0,4,5,38,19,2
143,4,0,29,1,7.25,24,29,0,0,24,5,15,1,0,3,0,38,19,2
142,4,0,31,3,7.75,8,10.33,0,0,24,12,7,0,0,3,2,38,19,2
80,3,0,22,0,7.33,-1,-1,0,0,22,4,11,0,1,2,0,39,20,2
9,1,0,7,0,7,-1,-1,0,0,22,2,3,0,0,1,0,39,20,2
124,4,0,22,4,5.5,6,5.5,0,0,22,14,6,0,0,4,0,39,20,2
123,4,0,23,0,5.75,-1,-1,0,0,22,11,9,1,0,3,0,39,20,2
126,4,0,29,3,7.25,8,9.67,0,0,22,11,7,2,0,3,1,39,20,2
125,4,0,36,1,9,24,36,0,1,22,10,9,0,0,5,1,39,20,2
162,3.2,0,36,2,10.8,10,18,0,0,26,11,2,1,0,2,4,40,20,2
14,4,0,35,1,8.75,24,35,1,0,26,11,8,0,0,2,3,40,20,2
167,2,0,21,0,10.5,-1,-1,0,0,26,3,5,0,0,4,0,40,20,2
166,2,0,15,0,7.5,-1,-1,0,0,26,2,9,0,0,0,1,40,20,2
163,4,0,34,4,8.5,6,8.5,0,0,26,9,8,2,0,4,1,40,20,2
191,4,0,26,1,6.5,24,26,0,0,28,8,12,1,0,3,0,41,21,2
189,4,0,27,0,6.75,-1,-1,0,0,28,6,15,0,0,3,0,41,21,2
61,2,0,17,0,8.5,-1,-1,0,0,28,4,5,1,0,1,1,41,21,2
188,3,0,28,0,9.33,-1,-1,1,0,28,3,11,0,0,4,0,41,21,2
190,4,0,42,0,10.5,-1,-1,0,0,28,6,12,0,0,3,3,41,21,2
11,3,0,28,1,9.33,18,28,0,0,28,4,10,0,0,3,1,41,21,2
151,4,0,35,1,8.75,24,35,0,1,25,9,11,0,1,2,2,42,21,2
150,1,0,15,0,15,-1,-1,1,0,25,0,4,0,0,1,1,42,21,2
87,2,0,13,0,6.5,-1,-1,0,0,25,2,9,0,0,1,0,42,21,2
91,3,0,38,0,12.67,-1,-1,0,0,25,5,6,1,0,3,3,42,21,2
153,3.5,0,36,0,9.39,-1,-1,0,0,25,7,10,0,0,5,1,42,21,2
152,4,0,33,0,8.25,-1,-1,0,0,25,3,17,1,0,2,1,42,21,2
13,4,0,42,1,10.5,24,42,1,1,23,8,10,1,0,4,2,43,22,2
130,2,0,23,0,11.5,-1,-1,0,0,23,3,5,0,0,3,1,43,22,2
33,2,0,23,0,11.5,-1,-1,0,0,23,3,5,0,0,3,1,43,22,2
132,2,0,22,1,11,12,22,1,0,23,5,3,0,0,3,1,43,22,2
131,2,0,18,0,9,-1,-1,0,0,23,4,6,0,0,0,2,43,22,2
54,4,0,32,0,8,-1,-1,0,0,23,9,10,0,0,4,1,43,22,2
94,4,0,31,3,7.75,8,10.33,2,0,23,9,11,0,0,3,1,43,22,2
114,4,0,32,2,8,12,16,1,0,21,14,5,0,0,2,3,44,22,2
112,4,0,25,0,6.25,-1,-1,0,0,21,9,11,1,0,3,0,44,22,2
115,4,0,23,2,5.75,12,11.5,0,0,21,10,11,1,0,1,1,44,22,2
10,4,0,24,1,6,24,24,0,0,21,9,12,0,0,3,0,44,22,2
113,4,0,23,2,5.75,12,11.5,1,0,21,11,10,0,0,3,0,44,22,2
9,4,0,34,1,8.5,24,34,0,0,22,5,14,1,0,3,1,45,23,2
123,4,0,31,3,7.75,8,10.33,0,0,22,10,7,3,0,3,1,45,23,2
126,4,0,33,0,8.25,-1,-1,0,0,22,8,11,0,0,4,1,45,23,2
125,4,0,31,0,7.75,-1,-1,0,0,22,7,13,0,0,3,1,45,23,2
80,4,0,29,2,7.25,12,14.5,0,0,22,6,15,0,0,2,1,45,23,2
12,4,0,41,1,10.25,24,41,0,0,24,6,11,0,0,6,1,46,23,2
140,1,0,13,0,13,-1,-1,0,0,24,1,3,0,0,1,1,46,23,2
142,3.1,0,27,1,8.53,19,27,0,0,24,6,9,0,0,3,1,46,23,2
6,4,0,29,2,7.25,12,14.5,1,0,24,9,10,1,0,4,0,46,23,2
143,4,0,25,1,6.25,24,25,1,0,24,7,14,1,0,2,0,46,23,2
141,3,0,26,0,8.67,-1,-1,0,0,24,3,11,0,1,3,0,46,23,2
10,4,0,35,0,8.75,-1,-1,0,0,21,8,9,1,0,6,0,47,24,2
112,4,0,19,0,4.75,-1,-1,0,0,21,8,15,0,0,1,0,47,24,2
115,4,0,45,1,11.25,24,45,0,0,21,4,13,0,0,5,2,47,24,2
114,4,0,38,1,9.5,24,38,0,0,21,11,6,1,0,3,3,47,24,2
113,3,0,35,0,11.67,-1,-1,0,0,21,4,9,0,0,2,3,47,24,2
5,1,0,14,0,14,-1,-1,0,1,21,2,3,0,0,1,1,47,24,2
179,4,0,25,1,6.25,24,25,0,0,27,7,15,0,0,1,1,48,24,2
177,4,0,30,1,7.5,24,30,0,0,27,8,12,0,0,3,1,48,24,2
81,4,0,43,2,10.75,12,21.5,1,0,27,7,10,0,0,5,2,48,24,2
178,4,0,35,1,8.75,24,35,2,1,27,5,16,0,0,4,0,48,24,2
78,4,0,40,1,10,24,40,0,0,27,8,9,0,1,4,2,48,24,2
14,4,0,45,1,11.25,24,45,0,0,26,8,7,1,0,6,2,49,25,2
162,4,0,45,0,11.25,-1,-1,0,0,26,11,5,0,0,4,4,49,25,2
163,4,0,28,1,7,24,28,1,0,26,9,12,0,0,2,1,49,25,2
164,4,0,40,0,10,-1,-1,1,1,26,5,14,0,0,6,0,49,25,2
165,4,0,32,1,8,24,32,0,0,26,8,12,0,0,2,2,49,25,2
87,2,0,14,0,7,-1,-1,0,0,25,5,4,1,0,2,0,50,25,2
156,4,0,36,3,9,8,12,0,0,25,9,6,4,0,4,1,50,25,2
153,4,0,31,0,7.75,-1,-1,0,0,25,9,11,0,0,2,2,50,25,2
152,1.2,1,7,1,5.25,8,7,0,0,25,4,1,3,0,0,0,50,25,2
91,4,1,18,4,4.5,6,4.5,0,0,25,17,4,0,0,2,1,50,25,2
151,4,0,15,2,3.75,12,7.5,0,0,25,13,9,1,0,1,0,50,25,2
130,3,0,33,0,11,-1,-1,0,0,23,6,7,0,0,2,3,51,26,2
94,1,0,17,0,17,-1,-1,0,0,23,0,3,0,0,2,1,51,26,2
131,4,0,32,1,8,24,32,0,0,23,9,10,0,0,4,1,51,26,2
133,1,0,8,0,8,-1,-1,0,0,23,1,4,0,0,1,0,51,26,2
54,4,0,41,0,10.25,-1,-1,1,0,23,7,10,0,0,6,1,51,26,2
33,4,0,30,2,7.5,12,15,0,1,23,9,11,1,0,4,0,51,26,2
13,3,0,26,0,8.67,-1,-1,0,0,23,4,10,0,0,4,0,51,26,2
190,4,0,45,0,11.25,-1,-1,0,0,28,7,8,0,1,7,1,52,26,2
53,4,0,29,0,7.25,-1,-1,0,0,28,6,13,2,0,3,0,52,26,2
61,2,0,17,0,8.5,-1,-1,0,0,28,3,7,0,0,1,1,52,26,2
188,3,0,31,0,10.33,-1,-1,0,0,28,5,7,0,0,6,0,52,26,2
189,4,0,26,1,6.5,24,26,0,0,28,5,16,1,0,2,0,52,26,2
11,3,0,24,0,8,-1,-1,2,0,28,4,12,0,0,1,1,52,26,2
179,4,0,28,2,7,12,14,0,0,27,9,10,1,0,4,0,53,27,2
78,4,0,23,1,5.75,24,23,1,0,27,11,10,0,0,3,0,53,27,2
81,4,0,41,0,10.25,-1,-1,1,0,27,4,14,0,0,5,1,53,27,2
177,3,1,21,1,7,18,21,1,0,27,8,8,0,0,0,2,53,27,2
180,1,0,14,0,14,-1,-1,1,1,27,1,4,0,0,2,0,53,27,2
178,4,0,35,1,8.75,24,35,0,0,27,5,15,0,0,2,2,53,27,2
168,3,0,25,1,8.33,18,25,0,0,26,7,7,0,0,3,1,54,27,2
166,4,0,51,1,12.75,24,51,0,1,26,7,10,0,0,4,4,54,27,2
165,3,0,33,0,11,-1,-1,0,0,26,6,7,0,0,2,3,54,27,2
14,3.4,0,23,1,6.27,22,23,0,0,26,8,11,0,0,3,0,54,27,2
163,4,0,34,2,8.5,12,17,0,1,26,9,11,0,0,4,1,54,27,2
123,4,0,34,0,8.5,-1,-1,0,0,22,6,13,0,1,3,1,55,28,2
9,4,0,42,1,10.5,24,42,0,0,22,9,8,1,0,2,4,55,28,2
80,4,0,25,1,6.25,24,25,0,0,22,6,15,1,0,2,0,55,28,2
126,4,0,43,1,10.75,24,43,1,0,22,10,6,1,0,4,3,55,28,2
125,4,0,24,2,6,12,12,0,0,22,11,10,1,0,0,2,55,28,2
13,4,0,38,0,9.5,-1,-1,0,0,23,6,12,0,0,5,1,56,28,2
133,2,0,19,0,9.5,-1,-1,1,0,23,3,6,0,0,3,0,56,28,2
134,3.4,0,32,0,8.73,-1,-1,0,0,23,8,8,0,0,6,0,56,28,2
94,2,0,19,0,9.5,-1,-1,0,0,23,2,7,0,0,3,0,56,28,2
131,3,0,26,2,8.67,9,13,1,0,23,9,5,0,0,2,2,56,28,2
130,3,0,37,0,12.33,-1,-1,0,2,23,6,7,2,0,3,2,56,28,2
12,4,0,29,2,7.25,12,14.5,0,0,24,12,7,0,0,4,1,57,29,2
140,3,0,24,1,8,18,24,0,0,24,5,10,0,0,2,1,57,29,2
145,2,0,24,0,12,-1,-1,1,0,24,3,5,0,0,3,1,57,29,2
141,3,0,32,0,10.67,-1,-1,2,0,24,3,10,0,0,5,0,57,29,2
6,4,0,34,1,8.5,24,34,0,0,24,9,10,0,0,3,2,57,29,2
143,4,0,39,0,9.75,-1,-1,0,0,24,8,9,0,0,6,1,57,29,2
169,2,0,22,0,11,-1,-1,0,0,26,4,4,0,0,3,1,58,29,2
14,4,1,20,3,5,8,6.67,0,0,26,13,8,1,0,1,1,58,29,2
167,4,0,26,1,6.5,24,26,0,0,26,7,14,1,0,1,1,58,29,2
163,4,0,29,3,7.25,8,9.67,0,0,26,8,11,1,0,4,0,58,29,2
166,2,0,17,0,8.5,-1,-1,0,0,26,3,7,0,0,1,1,58,29,2
162,4,0,24,1,6,24,24,0,0,26,10,10,1,0,3,0,58,29,2
81,2,0,23,0,11.5,-1,-1,0,0,27,2,7,0,0,1,2,59,30,2
177,3,0,31,1,10.33,18,31,0,1,27,7,6,0,0,6,0,59,30,2
179,3,0,25,1,8.33,18,25,0,0,27,9,3,2,0,3,1,59,30,2
181,4,0,25,1,6.25,24,25,1,0,27,9,12,0,0,3,0,59,30,2
178,4,0,35,0,8.75,-1,-1,0,0,27,2,17,1,0,4,0,59,30,2
78,4,0,37,1,9.25,24,37,0,0,27,8,9,1,0,5,1,59,30,2
11,3,0,34,0,11.33,-1,-1,0,0,28,4,8,0,0,5,1,60,30,2
190,3,0,37,0,12.33,-1,-1,0,0,28,4,7,0,0,3,3,60,30,2
61,2,0,22,0,11,-1,-1,0,0,28,3,6,0,0,1,2,60,30,2
189,4,0,26,1,6.5,24,26,0,1,28,9,13,0,0,3,0,60,30,2
53,2.5,0,35,0,12.35,-1,-1,1,1,28,6,5,1,0,5,1,60,30,2
188,4,0,23,3,5.75,8,7.67,1,0,28,11,10,0,0,3,0,60,30,2
91,4,0,43,0,10.75,-1,-1,0,0,25,7,9,1,0,5,2,61,31,2
67,4,0,52,1,13,24,52,0,0,25,9,6,0,0,4,5,61,31,2
152,4,0,35,0,8.75,-1,-1,0,0,25,4,15,0,0,5,0,61,31,2
151,4,0,28,1,7,24,28,1,0,25,6,15,0,0,3,0,61,31,2
156,4,0,29,0,7.25,-1,-1,1,0,25,9,12,0,0,1,2,61,31,2
112,4,0,40,0,10,-1,-1,1,0,21,5,13,1,0,3,2,62,31,2
114,3.4,0,44,1,12,22,44,1,0,21,8,7,0,0,3,4,62,31,2
118,4,0,47,0,11.75,-1,-1,0,0,21,4,13,0,0,4,3,62,31,2
10,4,0,32,2,8,12,16,0,0,21,7,12,1,0,3,1,62,31,2
117,4,0,28,3,7,8,9.33,0,0,21,9,12,0,0,1,2,62,31,2
12,4,0,39,0,9.75,-1,-1,0,0,24,5,13,0,0,5,1,63,32,2
142,4,0,33,2,8.25,12,16.5,1,1,24,13,7,0,0,3,2,63,32,2
6,4,0,21,1,5.25,24,21,0,0,24,9,13,0,0,2,0,63,32,2
37,4,0,28,2,7,12,14,0,0,24,10,10,1,0,1,2,63,32,2
141,3,0,32,1,10.67,18,32,1,0,24,4,9,0,0,4,1,63,32,2
140,1,0,8,0,8,-1,-1,0,0,24,1,4,0,0,1,0,63,32,2
81,4,0,24,3,6,8,8,0,0,27,9,12,0,0,3,0,64,32,2
78,3.5,0,30,1,7.83,23,30,0,0,27,9,10,0,0,2,2,64,32,2
177,1,0,17,0,17,-1,-1,0,0,27,0,3,0,0,2,1,64,32,2
179,3,0,35,0,11.67,-1,-1,0,1,27,7,6,1,0,2,3,64,32,2
181,4,0,30,1,7.5,24,30,1,0,27,4,17,0,0,3,0,64,32,2
178,3,0,28,0,9.33,-1,-1,0,0,27,3,10,1,0,4,0,64,32,2
124,4,0,18,3,4.5,8,6,1,0,22,13,9,0,0,2,0,65,33,2
80,4,0,43,0,10.75,-1,-1,0,0,22,6,11,0,0,5,2,65,33,2
9,2,0,25,0,12.5,-1,-1,0,0,22,2,5,0,0,5,0,65,33,2
50,4,0,38,1,9.5,24,38,0,1,22,8,11,1,0,3,2,65,33,2
126,2,0,18,0,9,-1,-1,0,0,22,6,2,0,0,4,0,65,33,2
125,4,0,43,0,10.75,-1,-1,0,0,22,10,5,1,0,6,2,65,33,2
152,4,0,25,0,6.25,-1,-1,0,0,25,5,17,0,0,2,0,66,33,2
156,4,0,33,0,8.25,-1,-1,0,0,25,8,11,1,0,2,2,66,33,2
153,4,0,26,2,6.5,12,13,0,0,25,10,10,0,0,4,0,66,33,2
91,4,0,29,3,7.25,8,9.67,0,0,25,14,5,0,0,3,2,66,33,2
151,4,0,40,2,10,12,20,0,0,25,6,12,0,0,4,2,66,33,2
61,2,0,27,0,13.5,-1,-1,0,0,28,2,5,1,0,2,2,67,34,2
189,4,0,31,0,7.75,-1,-1,1,0,28,4,14,2,0,3,0,67,34,2
190,3,0,30,0,10,-1,-1,0,1,28,7,7,0,0,4,1,67,34,2
188,4,0,37,1,9.25,24,37,0,1,28,7,12,1,0,4,1,67,34,2
191,4,0,47,1,11.75,24,47,0,0,28,7,7,2,0,6,2,67,34,2
192,3,0,32,0,10.67,-1,-1,0,0,28,5,8,0,0,3,2,67,34,2
5,1,0,5,0,5,-1,-1,0,0,21,1,5,0,0,0,0,68,34,2
118,3,0,36,0,12,-1,-1,0,0,21,7,4,0,0,5,2,68,34,2
10,4,0,57,1,14.25,24,57,0,0,21,6,7,2,0,4,5,68,34,2
112,4,0,35,0,8.75,-1,-1,0,0,21,6,13,0,0,4,1,68,34,2
114,4,0,36,2,9,12,18,0,0,21,11,6,2,0,2,3,68,34,2
117,4,1,15,3,3.75,8,5,0,0,21,15,7,0,0,2,0,68,34,2
133,3,0,31,0,10.33,-1,-1,0,0,23,5,7,0,0,6,0,69,35,2
130,4,1,32,0,8,-1,-1,0,0,23,10,8,0,0,3,2,69,35,2
13,4,0,30,1,7.5,24,30,0,0,23,5,16,0,0,2,1,69,35,2
131,3,0,35,0,11.67,-1,-1,0,0,23,5,7,1,0,2,3,69,35,2
33,2,0,15,0,7.5,-1,-1,0,0,23,2,9,0,0,0,1,69,35,2
134,4,0,20,4,5,6,5,0,0,23,17,4,0,0,1,2,69,35,2
169,3,0,28,0,9.33,-1,-1,0,0,26,6,8,0,0,2,2,70,35,2
163,4,0,28,2,7,12,14,0,1,26,9,13,0,0,2,1,70,35,2
14,4,0,34,1,8.5,24,34,0,0,26,8,10,0,0,6,0,70,35,2
166,3,0,29,1,9.67,18,29,2,0,26,5,9,0,0,3,1,70,35,2
167,2,0,25,0,12.5,-1,-1,0,0,26,2,5,0,0,5,0,70,35,2
162,4,0,23,2,5.75,12,11.5,0,0,26,16,3,0,0,5,0,70,35,2
152,4,0,23,1,5.75,24,23,0,0,25,7,15,0,0,2,0,71,36,2
156,4,0,34,1,8.5,24,34,0,0,25,9,10,0,0,3,2,71,36,2
153,4,0,48,1,12,24,48,0,0,25,7,8,0,0,7,2,71,36,2
67,4,0,28,1,7,24,28,0,0,25,12,6,1,0,5,0,71,36,2
151,4,0,28,0,7,-1,-1,0,0,25,7,14,0,0,2,1,71,36,2
98,4,0,52,1,13,24,52,1,0,21,5,9,0,0,6,3,72,36,2
112,4,0,30,2,7.5,12,15,0,0,21,9,10,0,0,5,0,72,36,2
114,3,0,12,2,4,9,6,0,0,21,9,8,0,0,1,0,72,36,2
10,4,0,37,0,9.25,-1,-1,0,0,21,4,15,0,0,4,1,72,36,2
117,4,0,30,1,7.5,24,30,1,0,21,10,9,0,0,5,0,72,36,2
191,4,0,21,2,5.25,12,10.5,0,0,28,10,11,1,0,2,0,73,37,2
192,4,0,27,2,6.75,12,13.5,0,0,28,8,11,0,0,4,0,73,37,2
188,4,0,31,3,7.75,8,10.33,0,0,28,10,9,0,0,4,1,73,37,2
189,4,0,36,1,9,24,36,0,0,28,4,16,0,0,2,2,73,37,2
11,2,0,25,0,12.5,-1,-1,0,0,28,1,7,0,0,3,1,73,37,2
61,2,0,11,0,5.5,-1,-1,1,0,28,6,4,1,0,1,0,73,37,2
123,2,0,24,0,12,-1,-1,0,0,22,2,6,1,0,1,2,74,37,2
125,4,0,20,2,5,12,10,0,0,22,10,12,0,0,2,0,74,37,2
124,2.2,0,20,0,8.57,-1,-1,0,0,22,3,8,0,0,3,0,74,37,2
9,4,0,31,0,7.75,-1,-1,0,0,22,6,15,0,0,1,2,74,37,2
126,3,0,24,0,8,-1,-1,0,1,22,4,11,2,0,2,0,74,37,2
80,3,0,34,0,11.33,-1,-1,0,0,22,5,6,1,0,5,1,74,37,2
37,4,0,26,2,6.5,12,13,0,0,24,11,8,0,0,3,1,75,38,2
141,2,0,21,0,10.5,-1,-1,0,2,24,3,9,0,0,1,1,75,38,2
142,4,0,26,2,6.5,12,13,0,0,24,13,6,1,0,3,1,75,38,2
12,4,0,51,0,12.75,-1,-1,0,0,24,8,5,1,0,8,2,75,38,2
6,4,0,27,0,6.75,-1,-1,0,0,24,6,15,0,0,3,0,75,38,2
140,2,0,18,0,9,-1,-1,0,1,24,2,9,0,0,2,0,75,38,2
14,4,0,43,1,10.75,24,43,0,0,26,8,9,0,0,4,3,76,38,2
168,3,0,28,1,9.33,18,28,0,0,26,6,8,0,0,2,2,76,38,2
163,4,0,28,1,7,24,28,0,0,26,9,10,1,0,4,0,76,38,2
165,4,0,38,0,9.5,-1,-1,2,0,26,7,12,0,0,3,2,76,38,2
162,2.5,0,34,0,12,-1,-1,0,0,26,5,6,0,0,4,2,76,38,2
135,4,0,42,1,10.5,24,42,0,0,23,8,8,1,0,5,2,77,39,2
130,4,0,21,2,5.25,12,10.5,0,0,23,13,7,1,0,3,0,77,39,2
13,4,0,30,1,7.5,24,30,0,0,23,7,12,1,0,4,0,77,39,2
54,4,0,30,1,7.5,24,30,0,2,23,7,16,0,0,3,0,77,39,2
131,4,0,34,1,8.5,24,34,0,0,23,7,12,0,0,4,1,77,39,2
78,3.3,0,38,0,10.86,-1,-1,0,0,27,6,8,0,0,6,1,78,39,2
177,1,0,12,0,12,-1,-1,0,2,27,2,4,1,0,1,0,78,39,2
181,4,0,21,1,5.25,24,21,0,0,27,6,17,0,0,1,0,78,39,2
81,3,0,37,0,12.33,-1,-1,0,1,27,4,8,1,0,5,1,78,39,2
178,3,0,27,0,9,-1,-1,0,0,27,5,9,1,0,1,2,78,39,2
179,4,0,23,1,5.75,24,23,0,0,27,12,9,0,0,2,1,78,39,2
192,4,0,37,0,9.25,-1,-1,0,0,28,7,11,1,0,3,2,79,40,2
189,3,0,29,0,9.67,-1,-1,0,0,28,3,11,0,0,3,1,79,40,2
188,4,0,31,0,7.75,-1,-1,0,1,28,7,14,0,0,4,0,79,40,2
191,4,0,48,0,12,-1,-1,0,0,28,5,10,0,0,8,1,79,40,2
61,2,0,16,1,8,12,16,0,0,28,5,4,0,0,3,0,79,40,2
11,3,0,37,0,12.33,-1,-1,0,0,28,2,9,1,0,5,1,79,40,2
141,4,0,31,0,7.75,-1,-1,0,0,24,4,17,0,0,2,1,80,40,2
140,2,0,13,0,6.5,-1,-1,0,0,24,5,5,0,0,2,0,80,40,2
143,2,0,16,0,8,-1,-1,1,0,24,3,7,0,0,2,0,80,40,2
12,4,0,41,1,10.25,24,41,0,0,24,6,11,1,0,4,2,80,40,2
142,4,0,27,2,6.75,12,13.5,0,0,24,11,7,1,0,3,1,80,40,2
6,4,0,27,1,6.75,24,27,0,0,24,9,11,0,0,4,0,80,40,2
152,4,0,37,0,9.25,-1,-1,1,0,25,4,14,0,0,4,1,81,41,2
151,4,0,26,0,6.5,-1,-1,0,0,25,5,16,1,0,2,0,81,41,2
156,4,0,19,2,4.75,12,9.5,0,0,25,13,9,0,0,1,1,81,41,2
67,4,0,45,1,11.25,24,45,0,0,25,8,7,1,0,6,2,81,41,2
91,4,0,27,0,6.75,-1,-1,0,0,25,8,13,0,0,2,1,81,41,2
54,3,0,22,1,7.33,18,22,0,0,23,7,8,0,0,2,1,82,41,2
131,3,0,33,0,11,-1,-1,0,0,23,6,7,0,0,2,3,82,41,2
130,4,0,31,1,7.75,24,31,0,0,23,8,11,0,0,5,0,82,41,2
13,4,0,36,1,9,24,36,0,1,23,10,9,0,0,5,1,82,41,2
133,1,0,18,0,18,-1,-1,0,0,23,2,0,0,0,3,1,82,41,2
94,3,0,18,0,6,-1,-1,0,0,23,5,12,0,0,0,1,82,41,2
50,3,0,23,2,7.67,9,11.5,0,0,22,9,5,0,0,3,1,83,42,2
124,2,0,23,1,11.5,12,23,0,0,22,5,3,0,0,2,2,83,42,2
126,3,0,12,2,4,9,6,0,0,22,9,8,0,0,1,0,83,42,2
125,3,0,17,0,5.67,-1,-1,0,0,22,9,7,0,0,1,1,83,42,2
9,3.4,1,14,5,3.82,4.4,2.8,0,0,22,16,4,0,0,1,1,83,42,2
80,4,0,26,0,6.5,-1,-1,0,0,22,7,14,0,0,3,0,83,42,2
177,4,0,25,1,6.25,24,25,0,0,27,12,8,0,1,2,1,84,42,2
183,2,0,13,0,6.5,-1,-1,0,1,27,4,8,0,0,1,0,84,42,2
81,2,0,21,0,10.5,-1,-1,2,0,27,3,7,0,0,0,2,84,42,2
181,3,0,23,1,7.67,18,23,0,0,27,6,9,0,0,2,1,84,42,2
179,2,0,21,0,10.5,-1,-1,0,1,27,5,4,0,0,4,0,84,42,2
78,3.5,2,13,3,3.39,7.67,4.33,0,0,27,15,7,0,0,0,1,84,42,2
12,4,0,40,1,10,24,40,0,0,24,9,7,0,1,6,1,85,43,2
146,4,1,29,3,7.25,8,9.67,0,0,24,14,5,0,0,3,2,85,43,2
141,4,0,32,0,8,-1,-1,3,0,24,5,15,2,0,1,1,85,43,2
142,4,0,39,1,9.75,24,39,0,0,24,10,7,0,0,5,2,85,43,2
6,3,0,22,0,7.33,-1,-1,0,0,24,5,10,1,0,1,1,85,43,2
140,1,0,15,0,15,-1,-1,0,0,24,2,1,0,0,2,1,85,43,2
10,4,0,31,2,7.75,12,15.5,0,0,21,10,9,0,0,4,1,86,43,2
117,4,0,22,1,5.5,24,22,0,0,21,10,10,2,0,2,0,86,43,2
112,4,0,33,0,8.25,-1,-1,0,1,21,7,12,2,0,4,0,86,43,2
114,4,0,24,2,6,12,12,0,0,21,9,12,0,0,3,0,86,43,2
118,4,0,39,2,9.75,12,19.5,0,0,21,7,11,0,0,4,2,86,43,2
52,4,0,34,1,8.5,24,34,0,0,27,8,10,0,0,3,2,87,44,2
178,4,0,47,1,11.75,24,47,0,0,27,3,13,0,0,7,1,87,44,2
177,4,0,26,2,6.5,12,13,0,1,27,11,11,0,0,2,1,87,44,2
179,4,0,24,0,6,-1,-1,0,0,27,11,10,0,0,2,1,87,44,2
181,4,0,36,1,9,24,36,1,0,27,6,13,0,0,4,1,87,44,2
156,4,0,17,2,4.25,12,8.5,0,0,25,13,9,0,0,2,0,88,44,2
152,4,0,35,1,8.75,24,35,2,1,25,6,14,1,0,4,0,88,44,2
67,4,0,28,1,7,24,28,0,0,25,7,14,0,0,2,1,88,44,2
55,4,0,30,2,7.5,12,15,0,0,25,6,14,0,0,4,0,88,44,2
151,4,0,37,2,9.25,12,18.5,0,1,25,8,10,0,0,5,1,88,44,2
14,4,0,47,1,11.75,24,47,0,0,26,9,7,1,0,2,5,89,45,2
167,4,0,50,0,12.5,-1,-1,0,0,26,4,10,0,0,7,2,89,45,2
163,4,0,31,0,7.75,-1,-1,0,0,26,7,13,0,0,3,1,89,45,2
165,4,0,35,1,8.75,24,35,1,1,26,11,9,0,0,3,2,89,45,2
162,4,0,37,0,9.25,-1,-1,0,1,26,8,10,2,0,4,1,89,45,2
113,4,0,28,1,7,24,28,0,0,21,10,10,0,0,3,1,90,45,2
118,4,0,41,1,10.25,24,41,0,0,21,7,9,1,0,6,1,90,45,2
114,4,0,49,1,12.25,24,49,0,0,21,10,5,0,0,5,4,90,45,2
10,4,0,29,1,7.25,24,29,0,0,21,9,11,0,0,3,1,90,45,2
112,4,0,29,1,7.25,24,29,0,0,21,6,15,0,0,2,1,90,45,2
153,4,0,31,0,7.75,-1,-1,0,0,25,6,13,0,0,3,1,91,46,2
91,4,0,23,2,5.75,12,11.5,1,0,25,13,8,0,0,2,1,91,46,2
87,2,0,19,2,9.5,6,9.5,0,0,25,5,3,1,0,2,1,91,46,2
152,4,0,28,2,7,12,14,1,0,25,7,15,0,0,0,2,91,46,2
151,3,0,31,1,10.33,18,31,0,0,25,5,7,0,0,6,0,91,46,2
156,3,0,28,0,9.33,-1,-1,1,0,25,8,5,0,0,4,1,91,46,2
80,4,0,28,0,7,-1,-1,0,0,22,8,12,0,0,4,0,92,46,2
123,2,0,28,0,14,-1,-1,0,0,22,3,4,1,0,1,3,92,46,2
126,3.1,0,32,1,10.11,19,32,0,0,22,7,6,0,0,5,1,92,46,2
124,2,0,28,0,14,-1,-1,0,0,22,2,4,0,0,6,0,92,46,2
9,4,0,27,1,6.75,24,27,0,0,22,7,13,1,0,3,0,92,46,2
125,3,0,22,0,7.33,-1,-1,1,0,22,6,9,0,0,3,0,92,46,2
142,4,0,23,2,5.75,12,11.5,0,0,24,15,4,1,1,2,1,93,47,2
141,4,0,28,0,7,-1,-1,0,1,24,6,17,0,0,1,1,93,47,2
37,4,0,20,1,5,24,20,1,0,24,13,9,0,0,1,1,93,47,2
12,4,0,25,0,6.25,-1,-1,0,0,24,6,15,1,0,2,0,93,47,2
6,4,0,42,1,10.5,24,42,1,0,24,9,7,1,0,5,2,93,47,2
10,4,0,28,1,7,24,28,0,0,21,10,10,0,0,3,1,94,47,2
114,4,0,32,0,8,-1,-1,0,0,21,8,12,0,0,2,2,94,47,2
118,4,0,28,0,7,-1,-1,0,0,21,7,12,0,0,4,0,94,47,2
112,4,0,27,1,6.75,24,27,1,0,21,7,14,0,0,3,0,94,47,2
117,4,1,21,4,5.25,6,5.25,0,0,21,16,5,0,0,1,2,94,47,2
126,2,0,20,1,10,12,20,0,0,22,3,6,0,0,2,1,95,48,2
124,3,0,31,1,10.33,18,31,0,1,22,7,6,0,0,6,0,95,48,2
80,4,0,28,1,7,24,28,0,0,22,8,12,0,0,4,0,95,48,2
123,3,0,37,0,12.33,-1,-1,0,0,22,5,5,1,0,6,1,95,48,2
125,4,0,46,0,11.5,-1,-1,0,0,22,7,8,0,0,8,1,95,48,2
9,4,0,29,0,7.25,-1,-1,0,0,22,7,13,0,0,4,0,95,48,2
114,4,0,34,1,8.5,24,34,0,1,21,12,7,1,0,3,2,96,48,2
117,4,0,27,0,6.75,-1,-1,0,0,21,7,15,0,0,0,2,96,48,2
112,4,0,34,1,8.5,24,34,0,0,21,6,12,1,0,5,0,96,48,2
113,4,0,45,1,11.25,24,45,0,1,21,7,10,1,0,5,2,96,48,2
10,4,0,46,1,11.5,24,46,0,0,21,8,8,0,0,5,3,96,48,2
91,4,0,27,1,6.75,24,27,0,0,25,11,9,0,0,3,1,97,49,2
153,4,0,41,2,10.25,12,20.5,0,1,25,8,9,1,1,5,1,97,49,2
87,2,0,21,2,10.5,6,10.5,0,0,25,5,3,0,0,3,1,97,49,2
152,4,0,31,0,7.75,-1,-1,0,0,25,4,17,0,0,2,1,97,49,2
156,3,0,20,0,6.67,-1,-1,0,1,25,6,11,0,0,2,0,97,49,2
151,3,0,30,0,10,-1,-1,0,0,25,6,6,1,0,4,1,97,49,2
5,0.4,0,8,0,12,-1,-1,0,0,21,2,0,0,0,2,0,98,49,2
112,4,0,35,0,8.75,-1,-1,1,0,21,6,14,0,0,2,2,98,49,2
114,4,0,42,0,10.5,-1,-1,0,2,21,7,13,0,1,3,2,98,49,2
117,4,0,27,0,6.75,-1,-1,0,0,21,8,13,0,0,2,1,98,49,2
10,4,0,32,1,8,24,32,0,0,21,9,8,2,0,5,0,98,49,2
118,3,0,30,0,10,-1,-1,0,0,21,4,10,0,0,2,2,98,49,2
32,2,0,23,0,11.5,-1,-1,0,0,40,1,7,0,0,4,0,99,50,3
224,2,0,32,0,16,-1,-1,0,0,40,1,6,0,0,2,3,99,50,3
135,4,0,36,2,9,12,18,1,0,40,8,11,0,0,3,2,99,50,3
23,4,0,22,1,5.5,24,22,0,0,40,5,18,0,0,1,0,99,50,3
225,4,0,50,0,12.5,-1,-1,0,0,40,10,4,0,0,7,3,99,50,3
41,4,0,36,3,9,8,12,0,0,40,9,8,2,0,3,2,99,50,3
230,4,0,27,0,6.75,-1,-1,0,0,41,6,15,0,0,3,0,100,50,3
130,4,0,32,1,8,24,32,0,0,41,6,14,0,0,3,1,100,50,3
229,4,0,50,2,12.5,12,25,1,0,41,6,9,1,0,5,3,100,50,3
62,4,0,26,1,6.5,24,26,0,0,41,9,12,0,0,2,1,100,50,3
38,4,0,31,2,7.75,12,15.5,1,0,41,9,12,0,0,0,3,100,50,3
12,4,0,26,2,6.5,12,13,1,0,42,10,11,0,0,2,1,101,51,3
9,2,0,16,1,8,12,16,0,0,42,6,4,0,0,0,2,101,51,3
54,4,0,44,1,11,24,44,0,0,42,9,6,2,0,4,3,101,51,3
232,3,0,35,0,11.67,-1,-1,0,1,42,6,6,2,0,3,2,101,51,3
11,3,0,25,1,8.33,18,25,0,0,42,2,13,0,0,3,0,101,51,3
22,4,0,30,0,7.5,-1,-1,2,0,42,9,12,0,0,1,2,101,51,3
112,4,0,43,0,10.75,-1,-1,0,0,39,4,13,0,0,6,1,102,51,3
14,3,0,27,0,9,-1,-1,0,0,39,7,7,0,0,2,2,102,51,3
106,3,0,45,0,15,-1,-1,0,0,39,5,5,0,0,4,4,102,51,3
163,4,0,22,0,5.5,-1,-1,0,0,39,8,14,0,0,2,0,102,51,3
48,4,0,44,0,11,-1,-1,0,0,39,2,16,0,0,4,2,102,51,3
26,4,0,49,0,12.25,-1,-1,0,0,34,7,7,2,0,5,3,103,52,3
25,4,0,38,0,9.5,-1,-1,0,0,34,8,8,1,0,7,0,103,52,3
209,3,0,44,0,14.67,-1,-1,2,2,34,2,12,0,0,4,2,103,52,3
91,4,0,35,0,8.75,-1,-1,0,1,34,8,12,1,0,2,2,103,52,3
61,1,0,19,0,19,-1,-1,0,0,34,1,1,0,0,3,1,103,52,3
81,4,0,39,0,9.75,-1,-1,0,0,34,6,11,1,0,5,1,103,52,3
78,4,0,24,2,6,12,12,0,0,35,12,8,1,0,2,1,104,52,3
183,1,0,15,0,15,-1,-1,0,0,35,0,3,0,0,3,0,104,52,3
214,4,0,50,1,12.5,24,50,0,0,35,7,8,1,0,4,4,104,52,3
213,4,0,24,2,6,12,12,0,0,35,13,8,0,0,1,2,104,52,3
35,4,0,44,1,11,24,44,1,0,35,10,7,0,0,3,4,104,52,3
188,3,0,25,1,8.33,18,25,1,0,35,7,8,0,0,1,2,104,52,3
36,4,0,27,1,6.75,24,27,0,0,31,10,11,0,0,1,2,105,53,3
145,3,0,40,1,13.33,18,40,0,0,31,6,6,0,0,1,5,105,53,3
198,4,1,19,2,4.75,12,9.5,0,0,31,13,9,0,0,1,1,105,53,3
113,2,0,35,0,17.5,-1,-1,0,1,31,3,4,0,0,3,3,105,53,3
93,4,0,48,2,12,12,24,0,0,31,9,6,0,0,6,3,105,53,3
177,3,0,34,0,11.33,-1,-1,0,0,31,5,8,0,0,2,3,105,53,3
92,4,0,28,1,7,24,28,1,0,32,8,13,0,0,2,1,106,53,3
50,3,0,35,0,11.67,-1,-1,0,1,32,4,10,1,0,1,3,106,53,3
199,3,0,38,2,12.67,9,19,0,0,32,6,6,0,0,2,4,106,53,3
10,4,0,41,0,10.25,-1,-1,1,0,32,8,10,0,0,3,3,106,53,3
203,4,0,38,2,9.5,12,19,0,0,32,11,6,0,0,5,2,106,53,3
202,2,0,20,0,10,-1,-1,0,1,32,5,5,0,0,2,1,106,53,3
125,4,0,39,0,9.75,-1,-1,1,0,38,9,8,1,0,4,2,107,54,3
220,4,0,48,0,12,-1,-1,0,0,38,5,10,1,0,6,2,107,54,3
33,4,0,37,1,9.25,24,37,0,0,38,6,13,1,0,1,3,107,54,3
117,2,0,24,0,12,-1,-1,0,0,38,4,4,0,0,2,2,107,54,3
65,2,0,36,0,18,-1,-1,0,0,38,2,4,0,0,2,4,107,54,3
221,4,0,31,1,7.75,24,31,0,1,38,9,12,1,0,1,2,107,54,3
13,4,0,27,0,6.75,-1,-1,1,0,37,4,18,0,0,2,0,108,54,3
52,4,0,35,1,8.75,24,35,0,0,37,10,7,2,0,3,2,108,54,3
217,4,0,50,0,12.5,-1,-1,0,0,37,6,10,1,0,2,5,108,54,3
63,4,0,41,0,10.25,-1,-1,0,0,37,5,13,0,0,4,2,108,54,3
27,4,0,20,2,5,12,10,0,0,37,10,12,1,0,0,1,108,54,3
152,2,0,24,0,12,-1,-1,0,0,36,0,8,1,0,2,1,109,55,3
94,3,0,43,0,14.33,-1,-1,0,0,36,4,7,0,0,3,4,109,55,3
87,3,0,45,0,15,-1,-1,0,1,36,5,6,0,0,5,3,109,55,3
162,4,0,25,3,6.25,8,8.33,0,0,36,13,7,0,0,3,1,109,55,3
53,4,0,31,2,7.75,12,15.5,0,0,36,9,11,0,0,2,2,109,55,3
24,4,0,42,0,10.5,-1,-1,0,1,36,6,13,0,0,4,2,109,55,3
98,4,0,24,1,6,24,24,0,0,33,8,14,0,0,1,1,110,55,3
206,4,0,34,1,8.5,24,34,0,0,33,10,8,1,0,3,2,110,55,3
89,4,0,36,2,9,12,18,1,0,33,10,9,0,0,2,3,110,55,3
79,4,0,45,1,11.25,24,45,0,0,33,8,9,0,0,3,4,110,55,3
39,4,0,42,2,10.5,12,21,1,0,33,3,15,1,0,3,2,110,55,3
126,4,0,19,2,4.75,12,9.5,0,0,40,13,9,0,0,1,1,111,56,3
226,4,0,43,1,10.75,24,43,1,0,40,9,8,1,0,2,4,111,56,3
23,3,0,24,0,8,-1,-1,1,0,40,1,15,0,0,2,0,111,56,3
225,4,0,33,3,8.25,8,11,0,0,40,9,8,1,1,5,0,111,56,3
41,4,0,34,1,8.5,24,34,0,0,40,11,8,0,0,2,3,111,56,3
32,1,0,14,0,14,-1,-1,0,0,40,2,2,0,0,0,2,111,56,3
14,2,0,35,0,17.5,-1,-1,0,0,39,2,5,0,0,0,5,112,56,3
163,2.4,0,36,0,13.5,-1,-1,0,0,39,3,8,0,0,1,4,112,56,3
179,3,0,25,0,8.33,-1,-1,0,0,39,9,5,0,0,2,2,112,56,3
223,4,0,36,0,9,-1,-1,0,0,39,4,16,0,0,2,2,112,56,3
112,3,0,36,1,12,18,36,1,0,39,3,9,1,0,3,2,112,56,3
78,4,1,18,3,4.5,8,6,0,0,27,15,6,0,0,3,0,35,18,2
177,4,0,26,1,6.5,24,26,0,0,27,12,6,2,0,4,0,35,18,2
178,4,0,24,1,6,24,24,1,0,27,12,9,0,0,2,1,35,18,2
176,4,0,36,2,9,12,18,0,0,27,9,8,1,0,5,1,35,18,2
179,4,0,24,1,6,24,24,1,0,27,14,7,0,0,1,2,35,18,2
190,2,0,19,0,9.5,-1,-1,0,0,28,6,3,0,0,1,2,36,18,2
61,3,0,9,2,3,9,4.5,0,0,28,9,9,0,0,0,0,36,18,2
188,3.5,0,43,0,11.22,-1,-1,0,0,28,7,9,0,0,4,3,36,18,2
11,2,0,16,0,8,-1,-1,0,0,28,4,6,0,0,1,1,36,18,2
53,2,0,30,1,15,12,30,0,0,28,5,2,0,0,1,4,36,18,2
189,1,0,12,0,12,-1,-1,0,0,28,2,2,0,0,1,1,36,18,2
230,4,0,35,0,8.75,-1,-1,0,0,41,6,13,1,0,2,2,113,57,3
229,4,0,21,3,5.25,8,7,0,0,41,14,7,0,0,2,1,113,57,3
62,4,0,29,0,7.25,-1,-1,0,0,41,4,17,1,0,1,1,113,57,3
38,4,0,26,1,6.5,24,26,1,0,41,5,17,0,0,2,0,113,57,3
55,4,0,46,1,11.5,24,46,0,0,41,4,12,1,0,5,2,113,57,3
33,1,0,10,2,10,3,5,0,0,38,2,2,0,0,2,0,114,57,3
220,4,0,36,1,9,24,36,0,0,38,8,10,1,0,3,2,114,57,3
181,3,0,28,0,9.33,-1,-1,1,0,38,2,13,0,0,2,1,114,57,3
221,4,0,33,0,8.25,-1,-1,0,0,38,3,17,1,0,2,1,114,57,3
142,2,0,21,0,10.5,-1,-1,0,0,38,2,7,0,0,2,1,114,57,3
125,3,0,30,1,10,18,30,0,0,38,3,10,2,0,1,2,114,57,3
105,4,0,33,1,8.25,24,33,0,0,37,7,11,1,0,5,0,115,58,3
63,4,0,37,1,9.25,24,37,0,0,37,7,11,0,0,5,1,115,58,3
52,4,1,25,3,6.25,8,8.33,0,0,37,13,7,0,0,3,1,115,58,3
27,4,0,36,2,9,12,18,0,0,37,9,10,0,0,2,3,115,58,3
13,4,0,36,0,9,-1,-1,0,0,37,3,16,1,0,3,1,115,58,3
167,3,0,31,3,10.33,6,10.33,0,0,42,7,7,0,0,0,4,116,58,3
12,4,0,29,2,7.25,12,14.5,0,0,42,10,9,1,0,3,1,116,58,3
85,1,0,7,0,7,-1,-1,0,0,42,2,3,0,0,1,0,116,58,3
22,3,0,26,1,8.67,18,26,0,0,42,7,6,0,0,5,0,116,58,3
9,2,0,20,1,10,12,20,0,0,42,5,4,0,0,1,2,116,58,3
54,4,0,27,0,6.75,-1,-1,0,0,42,8,13,0,0,2,1,116,58,3
11,3,0,25,1,8.33,18,25,1,0,42,3,12,0,0,3,0,116,58,3
35,4,0,28,2,7,12,14,0,0,35,9,12,0,0,1,2,117,59,3
188,3,0,34,0,11.33,-1,-1,0,0,35,4,10,0,0,0,4,117,59,3
78,3,0,49,0,16.33,-1,-1,0,0,35,4,5,2,0,1,6,117,59,3
139,2,0,19,0,9.5,-1,-1,1,0,35,1,8,1,0,2,0,117,59,3
213,4,0,31,0,7.75,-1,-1,0,0,35,7,13,0,0,3,1,117,59,3
64,1,0,13,0,13,-1,-1,0,0,35,1,3,0,0,1,1,117,59,3
214,3,0,41,0,13.67,-1,-1,0,0,35,2,9,0,0,5,2,117,59,3
113,4,0,28,4,7,6,7,0,0,31,9,10,2,0,2,1,118,59,3
93,4,0,24,1,6,24,24,0,1,31,12,9,2,0,1,1,118,59,3
36,4,1,15,3,3.75,8,5,0,0,31,15,7,0,0,2,0,118,59,3
145,2,0,13,0,6.5,-1,-1,0,0,31,6,3,1,0,2,0,118,59,3
198,4,0,37,2,9.25,12,18.5,0,2,31,11,9,0,0,5,1,118,59,3
50,2,0,18,1,9,12,18,0,0,32,5,4,0,0,2,1,119,60,3
203,4,0,32,0,8,-1,-1,0,0,32,9,10,0,0,4,1,119,60,3
233,4,0,32,2,8,12,16,0,0,32,11,8,0,0,3,2,119,60,3
199,3,0,27,1,9,18,27,0,0,32,6,7,0,0,5,0,119,60,3
10,4,0,45,2,11.25,12,22.5,0,0,32,10,7,0,0,2,5,119,60,3
92,3,0,29,0,9.67,-1,-1,0,0,32,5,9,0,0,2,2,119,60,3
140,3,0,29,2,9.67,9,14.5,0,0,33,10,3,0,0,2,3,120,60,3
89,4,0,31,1,7.75,24,31,0,0,33,13,5,0,0,5,1,120,60,3
206,3.4,0,34,0,9.27,-1,-1,0,0,33,9,8,0,0,2,3,120,60,3
98,1,0,16,0,16,-1,-1,0,0,33,1,2,0,0,2,1,120,60,3
164,4,0,36,2,9,12,18,0,0,33,9,10,0,0,2,3,120,60,3
39,4,0,43,1,10.75,24,43,0,0,33,3,15,0,0,4,2,120,60,3
162,4,0,31,1,7.75,24,31,0,0,36,11,7,0,0,6,0,121,61,3
152,3,0,32,0,10.67,-1,-1,0,1,36,5,9,1,0,2,2,121,61,3
53,4,0,33,0,8.25,-1,-1,0,0,36,5,15,0,0,3,1,121,61,3
87,3,0,24,1,8,18,24,0,0,36,8,6,1,0,1,2,121,61,3
94,3,0,27,1,9,18,27,1,0,36,5,10,0,0,1,2,121,61,3
134,3,0,31,1,10.33,18,31,0,0,36,7,7,0,0,0,4,121,61,3
81,2,0,24,0,12,-1,-1,0,0,34,4,4,0,0,2,2,122,61,3
91,4,0,36,2,9,12,18,0,0,34,14,4,0,0,2,4,122,61,3
25,3,0,39,0,13,-1,-1,0,0,34,6,5,0,0,4,3,122,61,3
61,1,0,13,0,13,-1,-1,0,0,34,1,3,0,0,1,1,122,61,3
234,3,0,46,1,15.33,18,46,0,0,34,7,2,0,0,5,4,122,61,3
235,2.1,0,25,1,11.54,13,25,0,0,34,6,3,0,0,1,3,122,61,3
223,4,0,36,1,9,24,36,0,0,39,8,10,1,0,3,2,123,62,3
48,4,0,32,0,8,-1,-1,0,0,39,4,16,0,0,4,0,123,62,3
112,4,0,32,0,8,-1,-1,1,0,39,5,15,0,0,4,0,123,62,3
14,4,1,30,1,7.5,24,30,0,0,39,13,6,0,0,3,2,123,62,3
163,4,0,26,1,6.5,24,26,0,0,39,11,8,1,0,4,0,123,62,3
49,1,0,10,0,10,-1,-1,0,0,37,2,2,0,0,2,0,124,62,3
105,4,0,18,3,4.5,8,6,0,0,37,9,14,0,0,1,0,124,62,3
52,4,0,24,1,6,24,24,0,0,37,11,9,1,1,1,1,124,62,3
27,3,0,28,1,9.33,18,28,0,0,37,6,8,0,0,2,2,124,62,3
13,4,0,32,1,8,24,32,0,0,37,3,18,0,0,2,1,124,62,3
63,4,0,36,2,9,12,18,0,0,37,8,10,1,0,3,2,124,62,3
126,3,0,27,0,9,-1,-1,0,0,40,6,7,0,0,2,2,125,63,3
41,3,0,22,1,7.33,18,22,0,0,40,8,6,0,0,4,0,125,63,3
32,2,0,12,1,6,12,12,0,0,40,5,6,0,0,0,1,125,63,3
135,4,0,23,2,5.75,12,11.5,0,0,40,12,9,0,0,2,1,125,63,3
23,4,0,29,1,7.25,24,29,0,0,40,7,13,0,0,4,0,125,63,3
225,4,0,34,2,8.5,12,17,0,0,40,10,8,1,0,3,2,125,63,3
65,3,0,22,0,7.33,-1,-1,0,0,38,9,6,0,0,1,2,126,63,3
141,3,0,27,0,9,-1,-1,0,0,38,2,13,0,0,2,1,126,63,3
33,2.1,0,15,2,6.92,6.5,7.5,0,0,38,6,5,0,0,1,1,126,63,3
125,3,0,30,0,10,-1,-1,0,0,38,8,6,0,0,0,4,126,63,3
220,4,0,30,2,7.5,12,15,0,0,38,10,10,0,0,2,2,126,63,3
221,2,0,27,0,13.5,-1,-1,0,0,38,4,3,0,0,3,2,126,63,3
234,4,0,39,2,9.75,12,19.5,0,0,34,7,11,0,0,4,2,127,64,3
235,2,0,13,0,6.5,-1,-1,0,0,34,4,7,0,0,0,1,127,64,3
81,2,0,30,0,15,-1,-1,1,0,34,2,5,0,0,3,2,127,64,3
26,4,1,11,2,2.75,12,5.5,0,0,34,16,7,0,0,1,0,127,64,3
91,4,0,20,0,5,-1,-1,0,0,34,9,14,0,0,0,1,127,64,3
61,4,0,17,2,4.25,12,8.5,0,0,34,11,11,1,0,1,0,127,64,3
140,3,0,33,0,11,-1,-1,0,0,33,2,11,1,0,2,2,128,64,3
206,2,0,15,0,7.5,-1,-1,0,0,33,3,7,0,0,2,0,128,64,3
79,2,0,18,0,9,-1,-1,0,0,33,4,6,0,0,0,2,128,64,3
89,3,0,22,0,7.33,-1,-1,0,0,33,4,12,0,0,1,1,128,64,3
80,2.4,0,27,1,10.12,16,27,0,0,33,2,11,0,0,1,2,128,64,3
98,1,0,16,0,16,-1,-1,0,0,33,1,2,0,0,2,1,128,64,3
38,4,0,36,1,9,24,36,0,0,41,6,14,0,0,1,3,129,65,3
230,4,0,33,2,8.25,12,16.5,0,0,41,8,11,1,0,2,2,129,65,3
130,4,0,42,0,10.5,-1,-1,0,0,41,7,10,1,0,3,3,129,65,3
229,4,0,24,1,6,24,24,0,0,41,12,8,1,0,2,1,129,65,3
62,4,0,21,2,5.25,12,10.5,0,0,41,10,11,1,0,2,0,129,65,3
11,3,0,25,1,8.33,18,25,0,0,42,2,13,0,0,3,0,130,65,3
12,3,0,33,1,11,18,33,0,0,42,7,5,0,0,4,2,130,65,3
9,2,0,22,0,11,-1,-1,0,0,42,3,6,0,0,1,2,130,65,3
22,2,0,20,0,10,-1,-1,0,0,42,5,4,0,0,1,2,130,65,3
167,2.4,0,25,0,9.38,-1,-1,0,0,42,3,9,0,0,4,0,130,65,3
54,4,0,32,2,8,12,16,0,0,42,13,6,0,0,2,3,130,65,3
203,4,0,35,2,8.75,12,17.5,0,0,32,8,9,0,0,5,1,131,66,3
199,2,0,16,0,8,-1,-1,0,0,32,1,10,0,0,0,1,131,66,3
233,4,0,37,2,9.25,12,18.5,0,0,32,10,9,0,0,1,4,131,66,3
10,4,0,38,1,9.5,24,38,0,0,32,11,6,1,0,3,3,131,66,3
236,2,0,22,0,11,-1,-1,2,1,32,3,7,0,0,3,0,131,66,3
50,4,0,42,1,10.5,24,42,0,0,32,7,10,0,0,5,2,131,66,3
183,2,0,32,0,16,-1,-1,0,0,35,2,4,1,0,2,3,132,66,3
78,3.5,0,35,1,9.13,23,35,0,0,35,9,9,0,0,2,3,132,66,3
188,4,0,32,2,8,12,16,0,0,35,8,12,0,0,2,2,132,66,3
213,4,0,28,1,7,24,28,0,0,35,9,12,0,0,1,2,132,66,3
35,3,0,41,0,13.67,-1,-1,0,0,35,7,5,0,0,0,6,132,66,3
212,2,0,24,0,12,-1,-1,0,0,35,4,4,0,0,2,2,132,66,3
177,4,0,52,0,13,-1,-1,1,0,31,3,13,0,0,5,3,133,67,3
36,4,0,29,3,7.25,8,9.67,0,0,31,11,9,0,0,2,2,133,67,3
93,4,0,18,2,4.5,12,9,0,0,31,12,10,0,0,2,0,133,67,3
113,3,0,34,0,11.33,-1,-1,0,0,31,3,10,0,0,3,2,133,67,3
198,4,0,26,0,6.5,-1,-1,0,0,31,9,12,0,0,2,1,133,67,3
145,1,0,9,0,9,-1,-1,0,0,31,0,5,0,0,1,0,133,67,3
87,2,0,20,1,10,12,20,1,0,36,4,5,0,0,2,1,134,67,3
162,2,0,37,0,18.5,-1,-1,0,0,36,2,3,1,0,2,4,134,67,3
24,4,0,30,2,7.5,12,15,0,0,36,10,10,0,0,2,2,134,67,3
94,4,0,33,1,8.25,24,33,0,0,36,9,11,0,0,1,3,134,67,3
53,3.3,0,23,1,6.57,21,23,1,0,36,10,7,1,1,1,1,134,67,3
152,3,0,29,0,9.67,-1,-1,2,0,36,0,15,0,0,3,0,134,67,3
62,4,0,29,1,7.25,24,29,0,0,41,11,9,0,0,2,2,135,68,3
38,4,0,38,0,9.5,-1,-1,0,0,41,6,12,1,0,3,2,135,68,3
230,4,0,26,2,6.5,12,13,0,0,41,12,8,0,0,3,1,135,68,3
229,4,0,63,0,15.75,-1,-1,0,0,41,8,5,0,0,4,7,135,68,3
55,4,0,36,0,9,-1,-1,0,0,41,6,12,1,0,4,1,135,68,3
52,4,0,51,1,12.75,24,51,0,1,37,13,2,1,0,4,5,136,68,3
63,4,0,31,1,7.75,24,31,0,0,37,9,11,0,0,2,2,136,68,3
27,3.3,0,35,1,10,21,35,0,0,37,8,7,0,0,4,2,136,68,3
13,4,0,40,0,10,-1,-1,0,0,37,3,16,0,0,3,2,136,68,3
105,4,0,36,1,9,24,36,0,0,37,7,12,0,0,3,2,136,68,3
226,4,0,23,1,5.75,24,23,0,0,40,7,15,0,0,2,0,137,69,3
41,4,0,28,2,7,12,14,0,0,40,7,14,0,0,2,1,137,69,3
6,2,0,19,0,9.5,-1,-1,0,0,40,1,7,2,0,2,0,137,69,3
225,4,0,40,0,10,-1,-1,0,0,40,6,11,0,1,5,1,137,69,3
135,4,0,29,1,7.25,24,29,2,0,40,9,12,0,0,2,1,137,69,3
23,2,0,23,0,11.5,-1,-1,0,0,40,1,7,0,0,4,0,137,69,3
54,4,0,31,1,7.75,24,31,0,0,42,10,9,0,0,4,1,138,69,3
167,2.3,0,26,0,10.4,-1,-1,2,1,42,4,8,1,0,3,0,138,69,3
12,4,0,37,1,9.25,24,37,0,0,42,10,9,0,0,1,4,138,69,3
9,3,0,29,0,9.67,-1,-1,0,0,42,5,9,0,0,2,2,138,69,3
11,1,0,10,0,10,-1,-1,0,0,42,0,4,1,0,1,0,138,69,3
22,3,0,33,1,11,18,33,0,0,42,5,7,0,0,5,1,138,69,3
91,4,0,39,0,9.75,-1,-1,1,0,34,10,8,0,0,3,3,139,70,3
235,1,0,14,0,14,-1,-1,0,0,34,2,2,0,0,0,2,139,70,3
61,3,0,29,2,9.67,9,14.5,0,0,34,7,5,1,0,4,1,139,70,3
234,4,0,45,1,11.25,24,45,1,0,34,8,8,0,0,6,2,139,70,3
81,4,0,39,1,9.75,24,39,0,0,34,6,13,0,0,2,3,139,70,3
26,4,0,36,0,9,-1,-1,0,0,34,12,6,0,0,3,3,139,70,3
177,4,0,35,2,8.75,12,17.5,0,0,31,11,7,1,0,2,3,140,70,3
36,4,0,35,2,8.75,12,17.5,0,0,31,13,5,0,0,3,3,140,70,3
93,4,0,38,1,9.5,24,38,0,0,31,9,10,0,0,1,4,140,70,3
113,2,0,27,0,13.5,-1,-1,0,0,31,1,7,0,0,2,2,140,70,3
198,4,0,39,0,9.75,-1,-1,0,0,31,8,9,1,0,4,2,140,70,3
145,2,0,23,0,11.5,-1,-1,0,0,31,5,3,0,0,2,2,140,70,3
203,2,0,12,1,6,12,12,0,0,32,6,4,0,0,2,0,141,71,3
233,2,0,13,1,6.5,12,13,0,0,32,7,3,0,0,1,1,141,71,3
10,4,0,17,2,4.25,12,8.5,0,0,32,12,9,2,0,1,0,141,71,3
50,4,0,31,4,7.75,6,7.75,0,0,32,14,5,0,0,2,3,141,71,3
201,4,0,19,2,4.75,12,9.5,0,0,32,10,13,0,0,0,1,141,71,3
92,2,0,21,0,10.5,-1,-1,0,1,32,2,8,0,0,3,0,141,71,3
94,4,0,29,3,7.25,8,9.67,0,0,36,13,7,0,0,1,3,142,71,3
134,1,0,19,0,19,-1,-1,0,1,36,3,0,0,0,3,1,142,71,3
24,1,0,13,0,13,-1,-1,0,0,36,1,3,0,0,1,1,142,71,3
53,1,0,15,0,15,-1,-1,0,0,36,1,3,0,0,0,2,142,71,3
162,3,0,28,2,9.33,9,14,0,0,36,11,2,0,0,2,3,142,71,3
87,1,0,10,0,10,-1,-1,0,0,36,2,2,0,0,2,0,142,71,3
140,4,0,40,1,10,24,40,0,0,33,10,8,1,0,0,5,143,72,3
80,4,0,31,1,7.75,24,31,1,1,33,11,9,0,0,5,0,143,72,3
206,4,0,15,3,3.75,8,5,0,0,33,15,7,1,0,0,1,143,72,3
98,1,0,13,0,13,-1,-1,0,0,33,1,3,0,0,1,1,143,72,3
89,4,0,35,0,8.75,-1,-1,0,0,33,11,7,0,0,4,2,143,72,3
39,3,0,34,1,11.33,18,34,0,0,33,4,8,1,0,3,2,143,72,3
78,4,0,22,0,5.5,-1,-1,0,0,35,8,14,1,0,0,1,144,72,3
35,3.1,0,30,1,9.47,19,30,1,0,35,9,5,0,0,3,2,144,72,3
64,4,0,37,1,9.25,24,37,0,0,35,7,11,0,0,5,1,144,72,3
213,3,0,43,1,14.33,18,43,0,0,35,6,5,0,0,2,5,144,72,3
188,4,1,37,2,9.25,12,18.5,1,0,35,12,6,0,0,3,3,144,72,3
13,4,0,34,0,8.5,-1,-1,0,1,37,4,17,0,0,4,0,145,73,3
49,2,0,13,1,6.5,12,13,0,0,37,7,3,0,0,1,1,145,73,3
63,3,0,27,0,9,-1,-1,0,0,37,5,9,0,0,3,1,145,73,3
105,4,0,24,1,6,24,24,0,0,37,8,14,0,0,1,1,145,73,3
27,3,0,31,1,10.33,18,31,0,0,37,8,5,0,0,2,3,145,73,3
52,4,0,30,3,7.5,8,10,0,0,37,14,4,1,0,3,2,145,73,3
135,4,0,16,1,4,24,16,0,0,40,14,8,0,0,2,0,146,73,3
6,1,0,15,0,15,-1,-1,0,0,40,1,3,0,0,0,2,146,73,3
41,4,0,27,0,6.75,-1,-1,1,0,40,11,10,0,0,1,2,146,73,3
126,3.1,0,40,1,12.63,19,40,0,0,40,7,4,0,0,6,2,146,73,3
23,2,0,22,0,11,-1,-1,0,0,40,1,8,0,0,2,1,146,73,3
225,4,0,43,0,10.75,-1,-1,0,0,40,5,11,1,0,6,1,146,73,3
117,3,0,29,0,9.67,-1,-1,0,0,38,1,13,0,0,4,0,147,74,3
33,4,0,23,1,5.75,24,23,0,0,38,7,15,0,0,2,0,147,74,3
131,2,0,11,0,5.5,-1,-1,0,0,38,4,7,0,0,1,0,147,74,3
125,4,0,28,1,7,24,28,0,0,38,8,12,0,0,4,0,147,74,3
221,3,0,35,1,11.67,18,35,0,0,38,5,7,0,0,4,2,147,74,3
220,4,0,32,1,8,24,32,0,0,38,12,6,0,0,5,1,147,74,3
48,2,0,21,1,10.5,12,21,0,0,39,3,5,1,0,2,1,148,74,3
106,4,0,25,3,6.25,8,8.33,0,0,39,13,7,0,0,3,1,148,74,3
223,3.5,0,24,0,6.26,-1,-1,0,1,39,8,13,1,0,2,0,148,74,3
14,4,0,25,2,6.25,12,12.5,0,0,39,15,5,0,0,2,2,148,74,3
112,3,0,37,0,12.33,-1,-1,0,0,39,1,11,0,0,5,1,148,74,3
163,3,0,27,0,9,-1,-1,0,0,39,5,9,0,0,3,1,148,74,3
177,4,0,37,1,9.25,24,37,0,0,31,8,10,0,1,3,2,149,75,3
198,4,0,38,2,9.5,12,19,0,0,31,9,8,2,0,2,3,149,75,3
36,4,0,57,0,14.25,-1,-1,0,0,31,6,7,0,0,8,3,149,75,3
113,4,0,37,1,9.25,24,37,1,0,31,7,12,0,0,3,2,149,75,3
93,4,0,52,0,13,-1,-1,0,0,31,4,10,2,0,5,3,149,75,3
132,4,0,38,1,9.5,24,38,0,0,33,9,10,0,0,1,4,150,75,3
140,4,0,46,3,11.5,8,15.33,0,0,33,7,10,0,0,3,4,150,75,3
98,1,0,24,0,24,-1,-1,0,1,33,1,1,1,0,2,2,150,75,3
80,4,0,30,0,7.5,-1,-1,2,0,33,4,18,0,0,1,1,150,75,3
206,3,0,37,0,12.33,-1,-1,0,0,33,3,9,0,0,4,2,150,75,3
89,4,0,46,1,11.5,24,46,0,0,33,8,8,0,0,5,3,150,75,3
78,4,0,39,0,9.75,-1,-1,0,1,35,7,12,1,0,3,2,151,76,3
35,4,0,26,1,6.5,24,26,0,0,35,11,10,0,0,1,2,151,76,3
188,4,0,50,0,12.5,-1,-1,0,0,35,4,12,0,0,5,3,151,76,3
214,4,0,30,1,7.5,24,30,0,0,35,10,10,0,0,2,2,151,76,3
64,4,0,26,1,6.5,24,26,0,0,35,7,14,0,0,3,0,151,76,3
162,3.5,0,39,2,10.17,11.5,19.5,0,0,36,11,5,0,0,4,3,152,76,3
87,3,0,22,0,7.33,-1,-1,0,0,36,4,10,2,0,2,0,152,76,3
53,3,0,30,0,10,-1,-1,0,0,36,6,8,0,0,1,3,152,76,3
94,3,0,41,1,13.67,18,41,0,0,36,3,9,0,0,2,4,152,76,3
134,3,0,23,0,7.67,-1,-1,0,0,36,6,9,0,0,2,1,152,76,3
24,2,0,20,1,10,12,20,0,0,36,5,4,0,0,1,2,152,76,3
10,4,0,25,1,6.25,24,25,0,0,32,11,9,1,0,2,1,153,77,3
233,4,0,24,1,6,24,24,0,0,32,11,7,3,1,2,0,153,77,3
203,3,0,22,0,7.33,-1,-1,0,0,32,10,4,1,0,1,2,153,77,3
199,2,0,17,1,8.5,12,17,0,0,32,4,5,0,0,3,0,153,77,3
50,4,0,36,1,9,24,36,0,0,32,7,12,0,0,3,2,153,77,3
92,3,0,34,0,11.33,-1,-1,0,0,32,2,10,2,0,2,2,153,77,3
61,3,0,14,1,4.67,18,14,0,0,34,7,10,0,0,1,0,154,77,3
166,4,0,28,0,7,-1,-1,0,0,34,4,18,0,0,1,1,154,77,3
91,4,0,39,0,9.75,-1,-1,0,0,34,8,9,0,0,6,1,154,77,3
81,2,0,18,0,9,-1,-1,0,0,34,4,6,0,0,0,2,154,77,3
26,4,1,20,2,5,12,10,0,0,34,15,6,0,0,2,1,154,77,3
234,3,0,36,0,12,-1,-1,1,0,34,6,5,0,0,6,1,154,77,3
10,4,0,35,0,8.75,-1,-1,1,0,32,6,12,1,0,5,0,155,78,3
203,4,0,17,1,4.25,24,17,0,0,32,10,13,0,0,1,0,155,78,3
199,1,0,11,0,11,-1,-1,0,0,32,1,3,0,0,2,0,155,78,3
92,3,0,28,0,9.33,-1,-1,1,1,32,3,12,1,0,3,0,155,78,3
233,4,0,26,3,6.5,8,8.67,0,0,32,13,6,0,0,5,0,155,78,3
50,4,0,31,1,7.75,24,31,0,1,32,7,14,0,0,4,0,155,78,3
228,1,0,5,0,5,-1,-1,0,0,41,1,5,0,0,0,0,156,78,3
38,4,0,27,0,6.75,-1,-1,1,0,41,4,18,0,0,2,0,156,78,3
178,3,0,35,0,11.67,-1,-1,0,0,41,2,11,0,0,3,2,156,78,3
230,4,0,24,4,6,6,6,1,0,41,15,5,0,0,3,1,156,78,3
62,4,0,20,3,5,8,6.67,0,0,41,14,6,0,0,2,1,156,78,3
229,4,0,29,2,7.25,12,14.5,0,0,41,11,8,0,1,3,1,156,78,3
36,4,0,29,2,7.25,12,14.5,0,0,31,15,5,0,0,0,4,157,79,3
177,4,0,61,0,15.25,-1,-1,2,0,31,4,11,0,0,3,6,157,79,3
145,2,0,20,1,10,12,20,0,0,31,3,6,0,0,2,1,157,79,3
113,3,0,34,0,11.33,-1,-1,0,0,31,5,8,0,0,2,3,157,79,3
93,3,0,27,1,9,18,27,0,0,31,7,6,0,1,3,1,157,79,3
198,4,0,45,1,11.25,24,45,0,0,31,12,3,0,0,6,3,157,79,3
41,4,0,44,0,11,-1,-1,0,0,40,7,10,0,0,4,3,158,79,3
126,4,0,34,2,8.5,12,17,0,0,40,14,4,0,0,3,3,158,79,3
23,2,0,25,0,12.5,-1,-1,2,0,40,1,7,0,0,4,0,158,79,3
32,2,0,19,0,9.5,-1,-1,0,0,40,4,5,0,0,2,1,158,79,3
225,4,0,52,1,13,24,52,0,0,40,6,7,1,1,7,2,158,79,3
135,4,0,39,0,9.75,-1,-1,1,0,40,7,12,0,0,2,3,158,79,3
230,4,0,35,0,8.75,-1,-1,0,0,41,7,12,0,1,2,2,159,80,3
229,4,0,37,1,9.25,24,37,0,0,41,12,5,0,0,5,2,159,80,3
38,4,0,42,0,10.5,-1,-1,1,0,41,6,13,0,0,1,4,159,80,3
62,4,0,30,1,7.5,24,30,0,0,41,12,8,0,0,1,3,159,80,3
178,4,0,39,0,9.75,-1,-1,1,0,41,3,16,0,0,4,1,159,80,3
41,3,0,17,0,5.67,-1,-1,0,0,40,7,9,0,0,2,0,160,80,3
135,2,0,25,0,12.5,-1,-1,0,0,40,3,5,0,0,2,2,160,80,3
23,3,0,29,0,9.67,-1,-1,1,1,40,4,11,1,0,2,1,160,80,3
6,4,0,29,2,7.25,12,14.5,0,0,40,9,11,0,0,3,1,160,80,3
226,4,0,22,4,5.5,6,5.5,0,0,40,11,10,0,0,3,0,160,80,3
126,4,0,18,3,4.5,8,6,0,0,40,15,6,1,0,1,1,160,80,3
97,1,0,10,0,10,-1,-1,0,0,8,2,2,0,0,2,0,161,81,4
101,1,0,12,0,12,-1,-1,0,0,8,2,2,0,0,1,1,161,81,4
105,4,0,42,2,10.5,12,21,0,2,8,7,12,1,0,5,1,161,81,4
106,4,0,50,0,12.5,-1,-1,0,0,8,7,8,1,0,4,4,161,81,4
108,4,0,38,0,9.5,-1,-1,0,0,8,9,8,0,0,6,1,161,81,4
103,2,0,26,0,13,-1,-1,0,0,8,2,6,0,0,2,2,161,81,4
98,4,0,31,2,7.75,12,15.5,0,0,8,9,11,0,0,2,2,161,81,4
10,4,0,35,2,8.75,12,17.5,0,0,1,11,5,2,0,5,1,162,81,4
12,4,0,37,0,9.25,-1,-1,0,0,1,7,11,1,0,3,2,162,81,4
6,1,0,4,0,4,-1,-1,0,0,1,2,4,0,0,0,0,162,81,4
13,4,0,45,2,11.25,12,22.5,0,0,1,5,11,0,0,7,1,162,81,4
9,3,0,41,0,13.67,-1,-1,0,0,1,4,7,0,0,4,3,162,81,4
126,4,0,46,2,11.5,12,23,0,0,1,7,7,1,1,7,1,162,81,4
50,3,0,32,1,10.67,18,32,0,0,4,5,8,0,0,3,2,163,82,4
48,1,0,16,0,16,-1,-1,0,0,4,1,2,1,0,0,2,163,82,4
55,4,0,37,0,9.25,-1,-1,0,0,4,1,19,0,0,3,1,163,82,4
220,4,0,29,2,7.25,12,14.5,0,0,4,9,11,0,0,3,1,163,82,4
52,4,0,36,1,9,24,36,0,0,4,6,12,1,0,4,1,163,82,4
54,4,0,33,3,8.25,8,11,0,0,4,10,9,1,0,1,3,163,82,4
62,4,0,49,1,12.25,24,49,0,1,5,8,8,0,0,7,2,164,82,4
250,3,0,34,1,11.33,18,34,0,0,5,5,8,0,0,2,3,164,82,4
123,2,0,21,0,10.5,-1,-1,0,0,5,2,7,0,0,2,1,164,82,4
61,1,0,10,0,10,-1,-1,0,0,5,2,2,0,0,2,0,164,82,4
64,4,0,38,1,9.5,24,38,1,0,5,7,11,0,0,5,1,164,82,4
188,4,0,34,1,8.5,24,34,0,1,5,7,13,2,0,1,2,164,82,4
26,4,0,43,1,10.75,24,43,0,0,2,10,7,0,0,3,4,165,83,4
230,4,0,40,0,10,-1,-1,0,0,2,5,14,0,0,2,3,165,83,4
22,4,0,27,2,6.75,12,13.5,1,0,2,10,10,1,0,2,1,165,83,4
27,3,0,36,1,12,18,36,0,0,2,5,6,0,0,6,1,165,83,4
241,1,0,13,0,13,-1,-1,0,0,2,2,1,0,0,3,0,165,83,4
23,4,0,31,0,7.75,-1,-1,1,0,2,3,18,1,0,1,1,165,83,4
162,4,0,31,2,7.75,12,15.5,0,1,7,9,12,0,0,3,1,166,83,4
91,3.5,0,15,6,3.91,3.83,2.5,0,0,7,16,5,0,0,1,1,166,83,4
225,1,0,20,0,20,-1,-1,0,1,7,1,3,0,0,1,2,166,83,4
92,1,0,10,0,10,-1,-1,0,0,7,1,4,0,0,0,1,166,83,4
93,3,0,25,2,8.33,9,12.5,0,0,7,9,5,0,0,2,2,166,83,4
78,4,0,32,1,8,24,32,0,0,6,10,8,1,0,4,1,167,84,4
80,4,0,49,2,12.25,12,24.5,0,0,6,4,13,0,0,3,4,167,84,4
229,4,0,45,0,11.25,-1,-1,0,0,6,6,11,0,0,4,3,167,84,4
251,4,0,34,1,8.5,24,34,0,1,6,6,15,0,0,3,1,167,84,4
81,4,0,43,1,10.75,24,43,0,1,6,8,10,1,0,3,3,167,84,4
36,4,0,49,0,12.25,-1,-1,0,0,3,7,7,1,0,7,2,168,84,4
35,4,0,34,2,8.5,12,17,0,0,3,13,4,1,0,4,2,168,84,4
226,4,0,27,1,6.75,24,27,1,0,3,7,14,0,0,3,0,168,84,4
39,4,0,36,1,9,24,36,1,0,3,5,15,0,0,2,2,168,84,4
198,4,0,38,1,9.5,24,38,1,0,3,8,11,1,0,0,4,168,84,4
188,4,0,49,0,12.25,-1,-1,0,2,5,8,9,0,0,8,1,169,85,4
62,4,0,30,0,7.5,-1,-1,0,1,5,9,11,2,0,2,1,169,85,4
123,2,0,23,0,11.5,-1,-1,0,0,5,2,7,0,0,1,2,169,85,4
234,4,0,25,2,6.25,12,12.5,0,0,5,12,9,0,0,1,2,169,85,4
61,2,0,19,0,9.5,-1,-1,1,0,5,2,8,0,0,1,1,169,85,4
65,4,0,38,2,9.5,12,19,0,0,5,10,8,1,0,1,4,169,85,4
9,4,0,24,2,6,12,12,0,0,1,8,14,0,0,1,1,170,85,4
13,4,0,35,0,8.75,-1,-1,0,0,1,5,13,1,0,5,0,170,85,4
126,4,0,31,1,7.75,24,31,0,0,1,7,13,0,0,3,1,170,85,4
10,4,0,41,3,10.25,8,13.67,0,0,1,10,7,1,0,2,4,170,85,4
12,4,1,20,2,5,12,10,0,0,1,13,8,1,0,1,1,170,85,4
55,3,0,28,0,9.33,-1,-1,0,0,4,1,14,0,0,2,1,171,86,4
52,4,0,32,2,8,12,16,0,0,4,12,6,0,0,5,1,171,86,4
50,3,0,37,1,12.33,18,37,0,0,4,7,5,0,0,2,4,171,86,4
220,3,0,36,0,12,-1,-1,0,0,4,4,8,0,0,4,2,171,86,4
48,3,0,25,0,8.33,-1,-1,0,0,4,5,9,0,0,4,0,171,86,4
54,4,0,26,1,6.5,24,26,0,0,4,14,6,0,0,2,2,171,86,4
89,4,0,24,1,6,24,24,0,0,7,11,10,0,0,2,1,172,86,4
93,3.5,0,45,0,11.74,-1,-1,0,0,7,5,11,1,0,2,4,172,86,4
92,4,0,31,2,7.75,12,15.5,0,0,7,5,15,1,0,2,1,172,86,4
162,2,0,25,1,12.5,12,25,0,0,7,5,3,0,0,1,3,172,86,4
87,2,0,23,0,11.5,-1,-1,0,0,7,2,7,0,0,1,2,172,86,4
91,4,0,37,1,9.25,24,37,0,0,7,7,11,1,0,3,2,172,86,4
226,4,0,38,0,9.5,-1,-1,0,1,3,10,9,0,0,4,2,173,87,4
39,2,0,17,0,8.5,-1,-1,0,0,3,0,11,0,0,0,1,173,87,4
203,2,0,24,1,12,12,24,0,0,3,4,4,0,0,2,2,173,87,4
36,4,0,42,1,10.5,24,42,0,0,3,9,7,0,1,5,2,173,87,4
32,4,0,26,1,6.5,24,26,0,0,3,6,16,0,0,1,1,173,87,4
35,4,0,29,1,7.25,24,29,0,0,3,9,11,0,0,3,1,173,87,4
105,4,0,24,1,6,24,24,1,1,8,12,10,0,0,3,0,174,87,4
108,3,0,29,1,9.67,18,29,0,0,8,8,5,0,0,3,2,174,87,4
106,4,0,39,0,9.75,-1,-1,0,0,8,6,11,1,0,5,1,174,87,4
258,4,0,36,1,9,24,36,0,0,8,7,12,0,0,3,2,174,87,4
101,2,0,16,0,8,-1,-1,0,0,8,2,8,0,0,2,0,174,87,4
98,3,0,30,0,10,-1,-1,0,0,8,3,10,0,0,5,0,174,87,4
251,4,0,34,0,8.5,-1,-1,0,0,6,10,8,0,0,5,1,175,88,4
81,4,0,36,2,9,12,18,0,0,6,9,8,0,0,7,0,175,88,4
78,4,0,30,4,7.5,6,7.5,0,0,6,15,4,0,0,2,3,175,88,4
229,4,0,27,1,6.75,24,27,0,0,6,11,9,0,0,3,1,175,88,4
80,4,0,39,0,9.75,-1,-1,0,0,6,2,17,0,0,4,1,175,88,4
23,4,0,28,0,7,-1,-1,0,0,2,2,20,0,0,2,0,176,88,4
22,4,0,40,0,10,-1,-1,0,0,2,6,12,0,0,4,2,176,88,4
26,4,0,37,1,9.25,24,37,0,0,2,9,9,0,0,4,2,176,88,4
27,4,0,41,1,10.25,24,41,0,0,2,7,9,1,0,6,1,176,88,4
25,4,0,17,4,4.25,6,4.25,0,0,2,13,9,0,0,2,0,176,88,4
32,2,0,23,0,11.5,-1,-1,0,1,3,5,4,0,0,3,1,177,89,4
35,4,0,26,2,6.5,12,13,0,0,3,12,8,0,0,3,1,177,89,4
39,3,0,36,0,12,-1,-1,0,0,3,2,10,0,0,5,1,177,89,4
198,4,0,47,0,11.75,-1,-1,0,0,3,7,9,0,0,5,3,177,89,4
233,4,0,32,2,8,12,16,0,0,3,7,12,1,0,3,1,177,89,4
33,3,0,35,0,11.67,-1,-1,0,1,3,5,8,0,0,5,1,177,89,4
234,4,0,19,2,4.75,12,9.5,0,0,5,13,9,0,0,1,1,178,89,4
139,1,0,16,0,16,-1,-1,0,0,5,1,2,0,0,2,1,178,89,4
188,4,1,26,4,6.5,6,6.5,0,0,5,13,8,0,0,0,3,178,89,4
63,3,0,28,0,9.33,-1,-1,0,0,5,4,10,0,0,3,1,178,89,4
65,4,0,24,3,6,8,8,0,0,5,15,6,0,0,0,3,178,89,4
62,3.2,0,21,1,6.3,20,21,0,0,5,7,11,0,0,1,1,178,89,4
241,2,0,15,0,7.5,-1,-1,0,0,2,2,9,0,0,0,1,179,90,4
27,4,0,35,1,8.75,24,35,1,0,2,6,14,0,0,2,2,179,90,4
23,2,0,26,1,13,12,26,1,0,2,2,5,0,0,5,0,179,90,4
25,4,0,28,1,7,24,28,0,0,2,10,10,0,0,3,1,179,90,4
26,4,0,32,2,8,12,16,0,0,2,11,8,0,0,3,2,179,90,4
22,4,0,33,1,8.25,24,33,1,0,2,8,12,0,0,2,2,179,90,4
9,3,0,24,3,8,6,8,0,0,1,6,8,0,0,4,0,180,90,4
12,3.1,1,14,2,4.42,9.5,7,0,0,1,8,10,0,0,1,0,180,90,4
10,2,0,14,0,7,-1,-1,0,0,1,4,6,1,0,0,1,180,90,4
126,3,0,20,1,6.67,18,20,0,0,1,6,10,0,0,1,1,180,90,4
13,4,0,32,4,8,6,8,0,0,1,8,12,0,0,2,2,180,90,4
54,3,0,19,1,6.33,18,19,0,0,4,7,9,0,0,1,1,181,91,4
52,4,1,25,3,6.25,8,8.33,0,0,4,16,3,1,0,2,2,181,91,4
50,4,0,27,3,6.75,8,9,0,0,4,12,7,0,0,5,0,181,91,4
220,3.4,0,22,1,6,22,22,0,0,4,6,14,0,0,2,0,181,91,4
55,4,0,28,2,7,12,14,0,0,4,5,16,1,0,1,1,181,91,4
81,2.3,0,22,0,8.8,-1,-1,0,0,6,4,8,0,0,2,1,182,91,4
79,4,0,31,3,7.75,8,10.33,0,0,6,11,9,0,0,1,3,182,91,4
80,2,0,19,0,9.5,-1,-1,0,0,6,1,9,0,0,1,1,182,91,4
78,2,0,32,0,16,-1,-1,0,0,6,4,2,0,0,3,3,182,91,4
229,2,0,23,1,11.5,12,23,0,0,6,5,3,0,0,2,2,182,91,4
94,3,0,29,0,9.67,-1,-1,0,0,7,5,9,0,0,2,2,183,92,4
87,4,1,34,3,8.5,8,11.33,0,0,7,10,8,0,0,5,1,183,92,4
92,3,0,23,0,7.67,-1,-1,0,0,7,2,13,1,0,2,0,183,92,4
91,4,0,32,1,8,24,32,0,0,7,12,8,0,0,0,4,183,92,4
162,4,0,29,0,7.25,-1,-1,0,0,7,7,13,1,0,2,1,183,92,4
89,2,0,15,1,7.5,12,15,0,0,7,7,3,0,0,0,2,183,92,4
105,4,0,30,0,7.5,-1,-1,0,0,8,7,14,0,0,1,2,184,92,4
257,4,0,19,1,4.75,24,19,0,0,8,14,7,0,0,3,0,184,92,4
98,4,0,36,0,9,-1,-1,0,0,8,7,12,0,0,3,2,184,92,4
106,4,0,44,0,11,-1,-1,1,0,8,8,9,0,0,4,3,184,92,4
108,3.4,0,34,1,9.27,22,34,0,0,8,8,8,1,0,3,2,184,92,4
229,4,0,40,1,10,24,40,0,0,6,12,4,0,0,6,2,185,93,4
79,4,0,32,0,8,-1,-1,1,0,6,9,11,0,0,2,2,185,93,4
78,4,0,54,1,13.5,24,54,0,0,6,9,4,1,0,6,4,185,93,4
81,4,0,34,0,8.5,-1,-1,0,0,6,9,10,0,0,3,2,185,93,4
236,4,0,35,1,8.75,24,35,0,0,6,7,11,0,0,6,0,185,93,4
65,4,0,35,0,8.75,-1,-1,0,0,5,7,13,0,0,1,3,186,93,4
62,4,0,44,2,11,12,22,0,1,5,11,7,0,0,3,4,186,93,4
188,4,0,33,2,8.25,12,16.5,0,0,5,7,13,0,0,2,2,186,93,4
61,1,0,6,1,6,6,6,0,0,5,4,0,1,0,1,0,186,93,4
123,3,0,37,0,12.33,-1,-1,0,0,5,3,9,0,0,4,2,186,93,4
234,4,0,37,1,9.25,24,37,0,0,5,12,6,0,1,1,4,186,93,4
220,4,0,25,1,6.25,24,25,0,0,4,11,9,1,0,2,1,187,94,4
55,4,0,31,0,7.75,-1,-1,0,0,4,4,17,0,0,2,1,187,94,4
52,4,0,36,1,9,24,36,0,0,4,13,4,0,0,5,2,187,94,4
54,4,0,32,0,8,-1,-1,0,0,4,10,8,1,0,4,1,187,94,4
50,4,0,39,4,9.75,6,9.75,0,0,4,11,5,0,0,7,1,187,94,4
126,4,0,40,0,10,-1,-1,0,0,1,8,8,1,0,6,1,188,94,4
10,4,0,35,2,8.75,12,17.5,0,1,1,11,8,0,0,5,1,188,94,4
13,4,0,29,1,7.25,24,29,2,0,1,9,11,0,0,4,0,188,94,4
12,4,0,38,1,9.5,24,38,0,0,1,7,12,0,0,2,3,188,94,4
9,4,0,18,2,4.5,12,9,0,0,1,9,14,0,0,1,0,188,94,4
33,1,0,12,0,12,-1,-1,0,0,3,2,2,0,0,1,1,189,95,4
203,4,0,32,1,8,24,32,0,0,3,9,10,1,0,2,2,189,95,4
35,4,0,18,1,4.5,24,18,0,0,3,12,10,0,0,2,0,189,95,4
233,4,0,26,2,6.5,12,13,0,0,3,15,4,1,0,2,2,189,95,4
36,4,1,20,2,5,12,10,0,0,3,15,6,0,0,2,1,189,95,4
226,3,0,32,2,10.67,9,16,0,0,3,7,6,0,0,2,3,189,95,4
92,2,0,21,0,10.5,-1,-1,0,0,7,0,9,0,0,3,0,190,95,4
91,2.1,0,35,0,16.15,-1,-1,0,0,7,4,3,0,0,2,4,190,95,4
162,2,0,17,0,8.5,-1,-1,0,0,7,3,7,0,0,1,1,190,95,4
87,1,0,9,0,9,-1,-1,0,0,7,1,3,1,0,1,0,190,95,4
225,2,0,23,0,11.5,-1,-1,0,1,7,3,6,0,0,4,0,190,95,4
93,4,0,38,2,9.5,12,19,0,0,7,9,10,0,0,1,4,190,95,4
101,1,0,6,0,6,-1,-1,0,0,8,0,6,0,0,0,0,191,96,4
106,4,0,46,0,11.5,-1,-1,0,0,8,7,9,0,1,4,3,191,96,4
257,4,0,37,2,9.25,12,18.5,0,1,8,11,8,1,0,2,3,191,96,4
105,3,0,30,1,10,18,30,0,0,8,4,10,0,0,2,2,191,96,4
98,4,0,41,0,10.25,-1,-1,0,0,8,5,13,0,0,4,2,191,96,4
108,4,0,39,0,9.75,-1,-1,0,0,8,8,9,1,0,4,2,191,96,4
201,4,0,26,3,6.5,8,8.67,0,0,2,9,12,0,0,2,1,192,96,4
23,4,0,37,1,9.25,24,37,0,0,2,4,15,1,0,2,2,192,96,4
25,3,0,38,1,12.67,18,38,0,0,2,6,4,1,0,5,2,192,96,4
26,4,0,47,0,11.75,-1,-1,0,0,2,5,12,0,1,2,4,192,96,4
27,2,0,20,2,10,6,10,0,0,2,7,2,0,0,0,3,192,96,4
22,3,0,29,0,9.67,-1,-1,0,0,2,6,7,0,0,4,1,192,96,4
225,4,0,24,2,6,12,12,0,0,7,11,10,0,0,2,1,193,97,4
91,4,0,47,0,11.75,-1,-1,1,0,7,6,11,0,1,2,4,193,97,4
162,1,0,15,0,15,-1,-1,0,0,7,2,1,0,0,2,1,193,97,4
87,4,0,28,2,7,12,14,0,0,7,8,12,0,0,4,0,193,97,4
92,4,0,27,1,6.75,24,27,1,0,7,6,16,0,0,1,1,193,97,4
93,3,0,35,0,11.67,-1,-1,0,0,7,7,5,0,0,3,3,193,97,4
79,3,0,34,0,11.33,-1,-1,0,1,6,7,7,0,0,2,3,194,97,4
251,4,0,27,3,6.75,8,9,1,0,6,15,4,0,0,4,1,194,97,4
78,3,0,32,0,10.67,-1,-1,0,0,6,6,6,0,0,5,1,194,97,4
236,2,0,25,0,12.5,-1,-1,0,0,6,0,9,0,0,1,2,194,97,4
76,3.5,0,37,0,9.65,-1,-1,1,0,6,7,10,0,0,5,1,194,97,4
81,3,0,23,0,7.67,-1,-1,0,0,6,7,7,0,0,4,0,194,97,4
23,3,0,26,0,8.67,-1,-1,0,0,2,4,10,0,0,4,0,195,98,4
25,4,0,24,3,6,8,8,0,0,2,13,8,0,0,1,2,195,98,4
201,3,0,12,4,4,4.5,3,0,0,2,12,4,0,0,2,0,195,98,4
22,4,0,33,2,8.25,12,16.5,0,0,2,13,5,0,0,4,2,195,98,4
27,3,0,26,0,8.67,-1,-1,0,0,2,5,8,1,0,4,0,195,98,4
230,1.3,0,16,1,10.67,9,16,0,0,2,4,2,0,0,2,1,195,98,4
54,2,0,15,0,7.5,-1,-1,0,0,4,5,5,0,0,1,1,196,98,4
48,2.3,0,17,1,6.8,15,17,0,0,4,4,9,0,0,2,0,196,98,4
220,3,0,20,0,6.67,-1,-1,0,1,4,5,13,0,0,0,1,196,98,4
55,1,0,11,0,11,-1,-1,0,0,4,1,3,0,0,2,0,196,98,4
50,3,0,28,0,9.33,-1,-1,0,0,4,6,8,0,0,2,2,196,98,4
52,4,1,50,3,12.5,8,16.67,0,0,4,13,2,0,0,3,6,196,98,4
33,2,0,10,2,5,6,5,0,0,3,5,6,0,0,1,0,197,99,4
233,2,0,28,0,14,-1,-1,0,0,3,3,4,0,0,3,2,197,99,4
35,4,1,29,3,7.25,8,9.67,0,0,3,14,5,0,0,3,2,197,99,4
203,4,0,22,1,5.5,24,22,0,0,3,10,12,0,0,1,1,197,99,4
32,1,0,11,0,11,-1,-1,0,0,3,2,1,1,0,2,0,197,99,4
36,4,0,52,0,13,-1,-1,0,0,3,7,8,0,0,5,4,197,99,4
226,3,0,33,1,11,18,33,0,0,3,6,7,0,0,2,3,197,99,4
10,4,0,25,2,6.25,12,12.5,0,0,1,11,9,1,0,2,1,198,99,4
9,4,0,35,2,8.75,12,17.5,0,0,1,8,11,0,0,3,2,198,99,4
12,4,0,28,0,7,-1,-1,0,0,1,10,10,0,0,3,1,198,99,4
126,4,0,39,1,9.75,24,39,0,0,1,4,15,0,0,3,2,198,99,4
13,4,0,48,0,12,-1,-1,2,0,1,1,16,0,0,6,1,198,99,4
61,3,0,19,1,6.33,18,19,0,0,5,5,11,0,0,2,0,199,100,4
62,2,0,25,0,12.5,-1,-1,0,0,5,3,5,0,0,2,2,199,100,4
188,4,0,32,1,8,24,32,0,1,5,11,9,0,0,4,1,199,100,4
250,4,1,25,2,6.25,12,12.5,0,0,5,12,9,0,0,1,2,199,100,4
234,3,0,31,0,10.33,-1,-1,2,0,5,5,9,0,0,2,2,199,100,4
65,4,0,41,1,10.25,24,41,0,0,5,8,9,1,0,3,3,199,100,4
108,2.5,0,32,0,11.29,-1,-1,0,0,8,4,8,0,0,3,2,200,100,4
106,3,0,44,0,14.67,-1,-1,0,1,8,3,9,0,0,4,3,200,100,4
258,3,0,30,0,10,-1,-1,0,0,8,3,10,1,0,3,1,200,100,4
257,4,0,29,2,7.25,12,14.5,1,0,8,13,6,0,0,4,1,200,100,4
105,4,0,24,0,6,-1,-1,0,0,8,9,12,0,0,3,0,200,100,4
101,2,0,17,0,8.5,-1,-1,0,0,8,3,7,0,0,1,1,200,100,4
6,1,0,13,0,13,-1,-1,0,0,1,1,3,0,0,1,1,201,101,4
10,4,0,28,1,7,24,28,0,0,1,11,8,1,0,3,1,201,101,4
9,3,0,22,1,7.33,18,22,0,0,1,7,8,0,0,2,1,201,101,4
12,4,0,39,1,9.75,24,39,0,0,1,9,9,0,0,3,3,201,101,4
126,4,0,37,0,9.25,-1,-1,0,0,1,8,11,0,0,2,3,201,101,4
13,4,0,31,1,7.75,24,31,0,0,1,4,17,0,0,2,1,201,101,4
91,4,0,40,0,10,-1,-1,0,0,7,11,6,0,0,4,3,202,101,4
87,3,0,28,0,9.33,-1,-1,0,0,7,4,9,0,1,4,0,202,101,4
162,1,0,13,0,13,-1,-1,0,0,7,2,1,0,0,3,0,202,101,4
225,3.5,0,36,1,9.39,23,36,0,0,7,7,8,2,0,6,0,202,101,4
94,4,0,28,2,7,12,14,1,0,7,9,11,0,0,4,0,202,101,4
92,4,0,28,0,7,-1,-1,0,0,7,6,16,0,0,0,2,202,101,4
27,4,0,41,0,10.25,-1,-1,0,0,2,9,7,0,0,7,1,203,102,4
23,4,0,32,2,8,12,16,2,0,2,5,16,0,0,2,1,203,102,4
25,4,0,48,1,12,24,48,0,0,2,8,8,1,0,2,5,203,102,4
26,3,0,30,0,10,-1,-1,0,0,2,6,8,0,0,1,3,203,102,4
201,3,0,27,0,9,-1,-1,0,1,2,5,10,0,0,4,0,203,102,4
19,2,0,22,1,11,12,22,0,0,2,5,2,1,0,3,1,203,102,4
65,2,0,23,0,11.5,-1,-1,0,0,5,3,5,0,0,3,1,204,102,4
234,4,0,48,3,12,8,16,0,1,5,13,3,0,0,5,4,204,102,4
250,3,0,22,0,7.33,-1,-1,0,0,5,6,10,0,0,0,2,204,102,4
188,4,0,17,4,4.25,6,4.25,0,0,5,12,11,0,0,0,1,204,102,4
61,0.2,0,6,1,18,2,6,0,0,5,1,0,0,0,0,1,204,102,4
62,4,0,34,2,8.5,12,17,0,0,5,11,8,0,0,2,3,204,102,4
54,4,0,25,0,6.25,-1,-1,0,0,4,10,11,0,0,2,1,205,103,4
52,4,0,38,2,9.5,12,19,0,0,4,12,6,0,0,2,4,205,103,4
220,4,0,44,3,11,8,14.67,0,0,4,12,4,0,0,4,4,205,103,4
55,2,0,24,0,12,-1,-1,0,0,4,2,6,0,0,3,1,205,103,4
50,3,0,34,0,11.33,-1,-1,0,1,4,5,9,0,0,3,2,205,103,4
48,3,0,37,0,12.33,-1,-1,0,0,4,3,9,0,0,4,2,205,103,4
39,4,0,17,2,4.25,12,8.5,2,0,3,11,11,2,0,0,0,206,103,4
32,1,0,12,0,12,-1,-1,0,0,3,2,2,0,0,1,1,206,103,4
226,2,0,31,0,15.5,-1,-1,1,1,3,3,5,0,0,3,2,206,103,4
33,2,0,26,0,13,-1,-1,1,0,3,3,5,0,0,2,2,206,103,4
35,4,0,38,1,9.5,24,38,0,0,3,9,8,2,0,2,3,206,103,4
36,3.1,0,35,0,11.05,-1,-1,0,0,3,7,5,0,0,6,1,206,103,4
203,3,0,47,0,15.67,-1,-1,0,0,3,4,5,0,0,6,3,206,103,4
135,3,0,23,1,7.67,18,23,0,0,1,9,5,0,0,3,1,207,104,4
141,4,0,38,2,9.5,12,19,0,0,1,5,14,0,0,3,2,207,104,4
214,4,0,55,1,13.75,24,55,2,0,1,7,7,0,0,7,3,207,104,4
14,4,0,36,1,9,24,36,0,0,1,9,10,0,0,2,3,207,104,4
6,1,0,7,0,7,-1,-1,0,0,1,2,3,0,0,1,0,207,104,4
12,4,0,33,2,8.25,12,16.5,0,1,1,10,10,0,0,4,1,207,104,4
80,4,0,42,2,10.5,12,21,0,0,6,5,12,0,0,6,1,208,104,4
81,4,0,29,0,7.25,-1,-1,0,0,6,7,13,1,0,2,1,208,104,4
229,4,0,53,0,13.25,-1,-1,0,0,6,6,9,0,0,5,4,208,104,4
251,4,0,36,1,9,24,36,0,0,6,7,12,0,0,3,2,208,104,4
76,4,0,31,3,7.75,8,10.33,0,0,6,10,9,0,0,4,1,208,104,4
203,3,0,33,0,11,-1,-1,0,0,3,4,7,2,0,4,1,209,105,4
39,4,0,37,0,9.25,-1,-1,0,0,3,5,13,0,0,6,0,209,105,4
35,4,0,35,1,8.75,24,35,0,0,3,8,11,0,0,3,2,209,105,4
33,3,0,28,1,9.33,18,28,0,0,3,4,10,0,0,3,1,209,105,4
32,2,0,25,0,12.5,-1,-1,0,0,3,2,7,0,0,0,3,209,105,4
198,4,0,30,2,7.5,12,15,0,0,3,13,6,0,0,3,2,209,105,4
201,2,0,30,1,15,12,30,0,0,2,5,2,0,0,1,4,210,105,4
230,4,0,28,0,7,-1,-1,0,0,2,7,14,0,0,2,1,210,105,4
26,4,0,27,0,6.75,-1,-1,0,0,2,9,11,0,0,4,0,210,105,4
23,2,0,18,0,9,-1,-1,0,0,2,2,8,0,0,1,1,210,105,4
25,4,0,40,0,10,-1,-1,0,0,2,8,10,0,0,3,3,210,105,4
27,4,0,36,1,9,24,36,0,0,2,5,14,0,0,4,1,210,105,4
50,4,0,40,1,10,24,40,0,0,4,7,12,0,0,1,4,211,106,4
48,1,0,5,0,5,-1,-1,0,0,4,1,5,0,0,0,0,211,106,4
52,4,0,33,1,8.25,24,33,0,0,4,11,7,0,0,5,1,211,106,4
220,4,0,37,1,9.25,24,37,0,0,4,9,9,0,0,4,2,211,106,4
53,4,0,33,2,8.25,12,16.5,0,0,4,11,7,1,0,3,2,211,106,4
54,3,0,25,0,8.33,-1,-1,0,0,4,6,9,0,0,1,2,211,106,4
98,4,0,28,3,7,8,9.33,0,0,8,10,10,0,0,3,1,212,106,4
106,3,0,29,0,9.67,-1,-1,0,0,8,3,11,0,0,3,1,212,106,4
105,2,0,24,0,12,-1,-1,0,0,8,4,4,0,0,2,2,212,106,4
257,4,0,31,3,7.75,8,10.33,0,0,8,12,7,0,0,3,2,212,106,4
260,4,0,40,2,10,12,20,0,0,8,11,6,0,0,4,3,212,106,4
108,2.2,0,25,1,10.71,14,25,0,0,8,6,3,1,0,2,2,212,106,4
92,4,0,33,1,8.25,24,33,1,0,7,4,16,0,0,4,0,213,107,4
89,2,0,15,0,7.5,-1,-1,0,0,7,8,1,0,0,2,1,213,107,4
94,3,0,25,1,8.33,18,25,0,0,7,8,7,0,0,0,3,213,107,4
225,4,0,30,3,7.5,8,10,0,0,7,9,10,1,0,3,1,213,107,4
93,4,0,24,1,6,24,24,0,0,7,8,14,0,0,1,1,213,107,4
87,3,0,19,0,6.33,-1,-1,0,0,7,4,13,0,0,0,1,213,107,4
188,4,0,31,2,7.75,12,15.5,0,0,5,9,11,0,0,2,2,214,107,4
65,4,0,25,0,6.25,-1,-1,0,0,5,9,11,1,0,3,0,214,107,4
62,3,0,25,2,8.33,9,12.5,0,0,5,7,7,0,0,3,1,214,107,4
64,4,1,23,2,5.75,12,11.5,0,0,5,13,7,0,0,4,0,214,107,4
61,1,0,11,0,11,-1,-1,0,0,5,1,3,0,0,2,0,214,107,4
250,3.5,0,37,0,9.65,-1,-1,1,0,5,6,12,1,0,1,3,214,107,4
10,4,0,13,3,3.25,8,4.33,0,0,1,14,9,0,0,1,0,215,108,4
126,4,0,17,2,4.25,12,8.5,0,0,1,15,7,0,0,1,1,215,108,4
13,4,0,34,1,8.5,24,34,2,0,1,6,14,0,0,3,1,215,108,4
9,4,0,37,0,9.25,-1,-1,0,0,1,7,11,0,0,5,1,215,108,4
12,4,0,24,1,6,24,24,0,0,1,14,6,0,0,3,1,215,108,4
50,4,0,22,3,5.5,8,7.33,1,0,4,9,13,0,0,2,0,216,108,4
54,4,2,13,2,3.25,12,6.5,0,0,4,16,7,0,0,0,1,216,108,4
220,2,0,35,0,17.5,-1,-1,0,0,4,3,1,2,0,3,3,216,108,4
55,3,0,30,1,10,18,30,0,0,4,2,12,0,0,3,1,216,108,4
52,2.2,0,30,0,12.86,-1,-1,0,0,4,7,2,0,0,1,4,216,108,4
87,3,0,24,0,8,-1,-1,0,0,7,5,10,0,0,2,1,217,109,4
91,4,0,23,2,5.75,12,11.5,0,0,7,12,9,1,0,0,2,217,109,4
225,4,0,40,1,10,24,40,0,0,7,9,8,0,0,5,2,217,109,4
93,4,0,22,3,5.5,8,7.33,0,0,7,14,6,1,0,2,1,217,109,4
94,1,0,13,0,13,-1,-1,0,0,7,1,3,0,0,1,1,217,109,4
92,4,0,35,1,8.75,24,35,1,0,7,5,14,1,0,3,1,217,109,4
250,4,0,32,2,8,12,16,0,0,5,13,6,0,0,2,3,218,109,4
65,2,0,25,0,12.5,-1,-1,0,0,5,3,5,0,0,2,2,218,109,4
61,2,0,15,0,7.5,-1,-1,0,0,5,3,7,0,0,2,0,218,109,4
188,4,0,24,3,6,8,8,0,0,5,13,8,0,0,1,2,218,109,4
64,4,0,27,2,6.75,12,13.5,0,0,5,13,7,0,0,2,2,218,109,4
62,4,0,27,1,6.75,24,27,0,0,5,9,11,1,0,2,1,218,109,4
54,4,0,39,2,9.75,12,19.5,0,0,4,13,5,0,0,1,5,219,110,4
48,4,0,51,0,12.75,-1,-1,0,0,4,6,9,0,0,6,3,219,110,4
50,3,0,36,0,12,-1,-1,0,0,4,4,8,0,0,4,2,219,110,4
52,4,0,41,1,10.25,24,41,0,0,4,7,9,1,0,6,1,219,110,4
49,1,0,19,0,19,-1,-1,0,0,4,1,1,1,0,1,2,219,110,4
220,4,0,24,2,6,12,12,0,0,4,12,8,0,0,4,0,219,110,4
62,3,0,40,0,13.33,-1,-1,0,0,5,5,6,0,0,4,3,220,110,4
188,4,0,47,0,11.75,-1,-1,0,0,5,5,11,1,0,4,3,220,110,4
250,2,0,29,0,14.5,-1,-1,0,0,5,4,3,0,0,2,3,220,110,4
61,3,0,22,1,7.33,18,22,0,0,5,5,10,0,0,3,0,220,110,4
123,4,0,43,2,10.75,12,21.5,0,0,5,7,9,0,0,7,1,220,110,4
64,4,0,30,0,7.5,-1,-1,0,0,5,10,10,0,0,2,2,220,110,4
55,4,0,28,3,7,8,9.33,0,0,4,8,12,1,0,2,1,221,111,4
54,3,0,21,2,7,9,10.5,0,0,4,12,3,0,0,0,3,221,111,4
50,4,0,31,2,7.75,12,15.5,0,0,4,11,7,1,0,4,1,221,111,4
52,3,0,29,1,9.67,18,29,0,0,4,8,5,0,0,3,2,221,111,4
220,3.3,1,17,2,4.86,10.5,8.5,0,0,4,10,9,0,0,2,0,221,111,4
12,3,0,30,1,10,18,30,0,0,1,7,6,0,0,3,2,222,111,4
13,2.5,0,38,1,13.41,17,38,0,0,1,3,6,0,0,8,0,222,111,4
10,4,0,26,1,6.5,24,26,0,0,1,12,8,0,0,3,1,222,111,4
9,2,0,20,0,10,-1,-1,0,0,1,3,6,0,0,2,1,222,111,4
126,2,0,14,1,7,12,14,0,0,1,6,4,0,0,1,1,222,111,4
36,4,0,31,2,7.75,12,15.5,0,0,3,12,7,0,0,3,2,223,112,5
32,2,0,20,0,10,-1,-1,0,0,3,5,4,0,0,1,2,223,112,5
39,4,0,27,0,6.75,-1,-1,0,1,3,6,16,1,0,2,0,223,112,5
198,4,0,32,0,8,-1,-1,0,0,3,10,10,0,0,1,3,223,112,5
35,4,0,36,2,9,12,18,0,0,3,11,6,0,0,6,1,223,112,5
33,2,0,18,0,9,-1,-1,0,0,3,3,6,0,0,3,0,223,112,5
228,2,0,20,0,10,-1,-1,0,0,10,2,8,0,0,0,2,224,112,5
268,4,0,33,1,8.25,24,33,0,0,10,5,15,0,0,3,1,224,112,5
269,4,0,28,1,7,24,28,0,1,10,7,15,1,0,1,1,224,112,5
270,4,0,27,1,6.75,24,27,0,0,10,11,9,0,0,3,1,224,112,5
271,4,0,30,1,7.5,24,30,0,0,10,10,10,0,0,2,2,224,112,5
267,1.2,0,27,0,20.25,-1,-1,0,0,10,1,3,0,0,0,4,224,112,5
105,3,0,25,0,8.33,-1,-1,0,0,8,4,11,0,0,2,1,225,113,5
98,3,0,35,1,11.67,18,35,0,0,8,5,7,0,0,4,2,225,113,5
102,1,0,12,0,12,-1,-1,0,0,8,0,4,0,0,2,0,225,113,5
106,4,0,42,2,10.5,12,21,0,0,8,8,10,0,0,2,4,225,113,5
97,1,0,11,0,11,-1,-1,0,0,8,1,3,1,0,0,1,225,113,5
275,4,0,50,1,12.5,24,50,0,0,8,8,8,0,0,3,5,225,113,5
257,4,0,35,0,8.75,-1,-1,0,0,8,9,9,1,0,3,2,225,113,5
78,4,0,34,1,8.5,24,34,0,0,6,10,8,0,0,5,1,226,113,5
236,4,0,25,0,6.25,-1,-1,0,0,6,3,19,1,0,1,0,226,113,5
282,4,0,44,1,11,24,44,0,0,6,10,6,1,0,3,4,226,113,5
72,4,0,37,3,9.25,8,12.33,0,0,6,8,9,1,0,5,1,226,113,5
229,4,0,49,1,12.25,24,49,0,0,6,6,9,1,0,5,3,226,113,5
230,4,0,38,1,9.5,24,38,0,0,2,8,8,2,0,5,1,227,114,5
243,1,0,13,0,13,-1,-1,0,1,2,1,4,0,0,2,0,227,114,5
281,4,0,26,2,6.5,12,13,0,0,2,15,4,1,0,2,2,227,114,5
280,3,0,40,0,13.33,-1,-1,0,0,2,6,5,0,1,2,4,227,114,5
26,4,0,24,0,6,-1,-1,0,0,2,10,10,1,0,3,0,227,114,5
23,4,0,27,1,6.75,24,27,0,0,2,6,15,0,0,3,0,227,114,5
50,3,0,43,0,14.33,-1,-1,0,0,4,3,7,0,0,6,2,228,114,5
53,3,0,20,2,6.67,9,10,0,0,4,11,4,0,0,1,2,228,114,5
52,4,0,37,1,9.25,24,37,0,0,4,11,7,0,0,3,3,228,114,5
55,4,0,28,2,7,12,14,1,0,4,6,15,0,0,3,0,228,114,5
48,1,0,13,0,13,-1,-1,0,0,4,2,1,1,0,1,1,228,114,5
54,3,0,29,1,9.67,18,29,0,0,4,8,5,0,0,3,2,228,114,5
87,4,0,26,1,6.5,24,26,1,0,7,10,11,0,0,2,1,229,115,5
93,4,0,17,3,4.25,8,5.67,0,0,7,13,9,0,0,2,0,229,115,5
92,2,0,18,0,9,-1,-1,1,0,7,4,5,0,0,3,0,229,115,5
157,2,0,16,0,8,-1,-1,0,0,7,2,8,0,0,2,0,229,115,5
162,4,0,50,0,12.5,-1,-1,0,0,7,5,9,0,1,8,1,229,115,5
89,4,0,26,2,6.5,12,13,0,0,7,10,10,0,0,4,0,229,115,5
286,2,0,36,1,18,12,36,0,0,5,2,4,0,0,2,4,230,115,5
283,4,0,17,2,4.25,12,8.5,0,0,5,13,9,0,0,2,0,230,115,5
146,2,0,20,0,10,-1,-1,0,0,5,5,4,0,0,1,2,230,115,5
249,3,0,27,1,9,18,27,0,1,5,7,8,0,0,3,1,230,115,5
62,3.3,0,17,3,4.86,7,5.67,0,0,5,7,13,0,0,1,0,230,115,5
234,4,0,39,2,9.75,12,19.5,0,0,5,7,9,1,0,7,0,230,115,5
14,3,0,23,0,7.67,-1,-1,0,0,1,5,11,0,0,0,2,231,116,5
177,4,0,24,2,6,12,12,0,0,1,9,12,0,0,3,0,231,116,5
163,2,0,19,1,9.5,12,19,0,0,1,2,7,0,0,3,0,231,116,5
10,4,0,21,2,5.25,12,10.5,0,0,1,15,5,1,0,2,1,231,116,5
169,4,1,36,1,9,24,36,0,0,1,12,6,0,0,3,3,231,116,5
6,3,0,30,1,10,18,30,0,0,1,4,10,0,0,2,2,231,116,5
236,4,0,35,0,8.75,-1,-1,1,0,6,4,16,0,0,3,1,232,116,5
282,2,0,24,0,12,-1,-1,0,0,6,4,4,0,0,2,2,232,116,5
78,4,0,26,0,6.5,-1,-1,0,0,6,9,10,2,0,3,0,232,116,5
296,4,0,42,1,10.5,24,42,0,0,6,6,12,0,0,3,3,232,116,5
229,2,0,27,1,13.5,12,27,0,0,6,4,3,1,0,1,3,232,116,5
294,4,0,40,2,10,12,20,0,0,9,10,4,4,0,4,2,233,117,5
112,4,0,32,2,8,12,16,0,1,9,7,13,1,0,4,0,233,117,5
164,3,0,26,0,8.67,-1,-1,0,0,9,5,8,1,0,4,0,233,117,5
113,4,0,28,1,7,24,28,0,0,9,5,16,0,0,3,0,233,117,5
295,4,0,33,3,8.25,8,11,0,0,9,11,7,0,0,5,1,233,117,5
292,1,0,10,0,10,-1,-1,0,0,9,2,2,0,0,2,0,233,117,5
243,3,0,27,1,9,18,27,0,0,2,5,9,0,0,3,1,234,117,5
281,4,0,31,1,7.75,24,31,0,0,2,10,9,0,0,4,1,234,117,5
26,4,0,42,1,10.5,24,42,0,0,2,9,8,0,0,4,3,234,117,5
230,3.4,0,30,1,8.18,22,30,0,0,2,11,6,0,0,3,2,234,117,5
280,2,0,19,0,9.5,-1,-1,0,0,2,6,3,0,0,1,2,234,117,5
23,2,0,24,0,12,-1,-1,0,0,2,1,8,0,0,1,2,234,117,5
36,4,0,33,0,8.25,-1,-1,0,0,3,9,10,0,1,2,2,235,118,5
32,2,0,23,1,11.5,12,23,0,0,3,4,5,0,0,0,3,235,118,5
33,2,0,26,0,13,-1,-1,0,0,3,2,6,0,0,2,2,235,118,5
35,4,1,31,3,7.75,8,10.33,0,0,3,11,9,0,0,1,3,235,118,5
198,4,0,30,1,7.5,24,30,0,0,3,13,6,0,0,3,2,235,118,5
39,4,0,39,2,9.75,12,19.5,1,1,3,7,13,0,0,3,2,235,118,5
105,3,0,34,1,11.33,18,34,0,0,8,6,6,0,0,4,2,236,118,5
98,4,0,42,2,10.5,12,21,0,0,8,7,10,1,0,3,3,236,118,5
106,4,0,43,1,10.75,24,43,0,0,8,8,7,2,0,5,2,236,118,5
258,4,0,39,2,9.75,12,19.5,0,0,8,9,9,0,0,3,3,236,118,5
97,1,0,12,0,12,-1,-1,0,0,8,2,2,0,0,1,1,236,118,5
257,3.3,1,18,0,5.14,-1,-1,0,0,8,13,6,0,0,0,2,236,118,5
50,3,0,24,0,8,-1,-1,1,0,4,3,13,0,0,1,1,237,119,5
48,2,0,14,1,7,12,14,0,0,4,4,6,0,0,2,0,237,119,5
53,3,0,32,0,10.67,-1,-1,0,1,4,6,9,0,0,1,3,237,119,5
52,4,0,22,1,5.5,24,22,0,0,4,8,14,0,0,2,0,237,119,5
54,4,0,34,1,8.5,24,34,0,0,4,11,8,0,0,2,3,237,119,5
55,4,0,25,0,6.25,-1,-1,0,0,4,6,15,1,0,2,0,237,119,5
283,3,0,26,0,8.67,-1,-1,0,0,5,4,10,1,0,2,1,238,119,5
234,4,1,26,2,6.5,12,13,1,0,5,16,3,0,0,4,1,238,119,5
249,3.3,0,35,1,10,21,35,0,0,5,10,5,0,0,3,3,238,119,5
62,3,0,25,0,8.33,-1,-1,0,0,5,6,9,0,0,1,2,238,119,5
146,3,0,28,0,9.33,-1,-1,0,0,5,6,8,0,0,2,2,238,119,5
286,1,0,14,0,14,-1,-1,0,0,5,2,2,0,0,0,2,238,119,5
39,4,0,32,0,8,-1,-1,0,0,3,2,18,1,0,3,0,239,120,5
35,4,0,39,0,9.75,-1,-1,0,0,3,6,9,4,0,4,1,239,120,5
198,4,0,22,2,5.5,12,11,0,0,3,13,8,0,0,2,1,239,120,5
36,4,0,33,0,8.25,-1,-1,0,0,3,6,13,0,0,5,0,239,120,5
33,4,0,38,0,9.5,-1,-1,1,0,3,4,15,1,0,2,2,239,120,5
177,1,0,13,0,13,-1,-1,0,0,1,1,3,0,0,1,1,240,120,5
14,3.5,0,40,2,10.43,11.5,20,0,1,1,12,5,1,0,2,4,240,120,5
6,4,0,35,1,8.75,24,35,0,0,1,11,7,0,0,4,2,240,120,5
10,4,0,36,0,9,-1,-1,0,1,1,10,9,1,0,3,2,240,120,5
163,3,0,23,0,7.67,-1,-1,0,0,1,4,11,1,0,1,1,240,120,5
169,4,0,19,1,4.75,24,19,0,0,1,14,7,0,0,3,0,240,120,5
234,4,1,28,3,7,8,9.33,0,0,5,15,4,0,0,3,2,241,121,5
283,2,0,17,0,8.5,-1,-1,1,0,5,2,8,1,0,0,1,241,121,5
62,2,0,30,0,15,-1,-1,0,0,5,4,2,0,0,4,2,241,121,5
286,4,0,44,0,11,-1,-1,0,0,5,5,12,1,0,3,3,241,121,5
146,4,0,39,0,9.75,-1,-1,0,0,5,7,11,0,0,4,2,241,121,5
249,4,0,23,4,5.75,6,5.75,0,0,5,10,11,0,0,3,0,241,121,5
294,4,2,17,4,4.25,6,4.25,0,0,9,16,5,0,0,3,0,242,121,5
164,3,0,23,1,7.67,18,23,1,0,9,5,10,0,0,3,0,242,121,5
113,1,0,10,1,10,6,10,0,0,9,2,2,0,0,2,0,242,121,5
295,2,0,9,1,4.5,12,9,0,0,9,6,5,0,0,1,0,242,121,5
112,3.5,0,17,3,4.43,7.67,5.67,1,1,9,12,11,0,0,1,0,242,121,5
50,3,0,29,2,9.67,9,14.5,1,0,4,3,11,0,1,2,1,243,122,5
55,3,0,25,0,8.33,-1,-1,3,0,4,2,14,0,0,2,0,243,122,5
48,2,0,17,0,8.5,-1,-1,0,0,4,3,7,0,0,1,1,243,122,5
53,4,0,54,0,13.5,-1,-1,0,0,4,6,8,0,0,7,3,243,122,5
52,4,0,24,2,6,12,12,0,0,4,9,11,1,1,2,0,243,122,5
54,4,0,37,1,9.25,24,37,0,0,4,10,7,0,0,6,1,243,122,5
157,2,0,19,1,9.5,12,19,1,0,7,3,6,0,0,3,0,244,122,5
87,2,0,23,1,11.5,12,23,0,0,7,3,5,1,0,1,2,244,122,5
92,4,0,34,0,8.5,-1,-1,1,0,7,3,17,0,0,4,0,244,122,5
93,4,1,23,3,5.75,8,7.67,0,0,7,15,5,0,0,3,1,244,122,5
162,4,0,32,0,8,-1,-1,0,0,7,5,16,0,0,1,2,244,122,5
89,4,0,46,0,11.5,-1,-1,0,0,7,6,10,0,0,6,2,244,122,5
268,3,0,31,0,10.33,-1,-1,0,1,10,3,12,1,0,1,2,245,123,5
270,3,0,17,2,5.67,9,8.5,0,0,10,9,7,0,0,1,1,245,123,5
228,4,0,18,4,4.5,6,4.5,0,0,10,12,10,0,0,2,0,245,123,5
267,2,0,21,0,10.5,-1,-1,0,0,10,3,5,1,0,2,1,245,123,5
271,3.5,0,20,4,5.22,5.75,5,0,0,10,13,6,1,0,3,0,245,123,5
269,2,0,28,0,14,-1,-1,0,0,10,3,4,0,0,3,2,245,123,5
257,3,0,35,0,11.67,-1,-1,0,0,8,9,3,0,0,2,4,246,123,5
106,2,0,18,1,9,12,18,0,0,8,7,2,0,0,1,2,246,123,5
105,2,0,26,0,13,-1,-1,0,0,8,3,4,0,0,4,1,246,123,5
98,2.3,0,29,0,11.6,-1,-1,0,0,8,5,5,1,0,1,3,246,123,5
258,4,0,28,2,7,12,14,0,0,8,10,10,0,0,3,1,246,123,5
112,4,0,50,1,12.5,24,50,1,1,9,6,10,2,0,4,3,247,124,5
292,1,0,16,0,16,-1,-1,0,0,9,1,2,0,0,2,1,247,124,5
113,3,0,32,0,10.67,-1,-1,0,0,9,3,10,0,0,4,1,247,124,5
294,4,0,29,0,7.25,-1,-1,0,0,9,11,9,0,0,2,2,247,124,5
295,4,0,33,2,8.25,12,16.5,0,0,9,10,9,0,0,3,2,247,124,5
164,4,1,24,3,6,8,8,0,0,9,12,8,0,0,4,0,247,124,5
162,4,0,40,1,10,24,40,2,0,7,11,6,1,0,3,3,248,124,5
87,3,0,20,2,6.67,9,10,0,0,7,8,8,0,0,0,2,248,124,5
94,4,0,26,0,6.5,-1,-1,0,0,7,5,16,1,0,2,0,248,124,5
225,3,0,42,0,14,-1,-1,0,0,7,4,4,1,0,9,0,248,124,5
92,1,0,15,0,15,-1,-1,0,0,7,2,1,0,0,2,1,248,124,5
157,1,0,11,0,11,-1,-1,0,0,7,1,3,0,0,2,0,248,124,5
93,4,0,25,4,6.25,6,6.25,0,0,7,12,9,0,0,1,2,248,124,5
228,2,0,16,0,8,-1,-1,0,0,10,2,8,0,0,2,0,249,125,5
269,4,0,20,3,5,8,6.67,1,0,10,14,7,1,0,1,1,249,125,5
271,4,0,37,2,9.25,12,18.5,0,0,10,11,7,1,0,1,4,249,125,5
267,3,0,28,2,9.33,9,14,0,0,10,9,4,0,0,3,2,249,125,5
270,3,0,35,1,11.67,18,35,0,0,10,8,3,1,0,3,3,249,125,5
268,4,0,25,1,6.25,24,25,1,0,10,6,16,0,0,2,0,249,125,5
79,4,0,26,1,6.5,24,26,0,0,6,11,10,0,0,1,2,250,125,5
78,3.2,0,28,1,8.4,20,28,0,0,6,8,8,0,0,2,2,250,125,5
282,3,0,46,0,15.33,-1,-1,0,0,6,5,4,1,0,4,4,250,125,5
229,4,0,33,0,8.25,-1,-1,0,0,6,9,11,0,0,1,3,250,125,5
236,1,0,14,0,14,-1,-1,1,0,6,1,3,0,0,1,1,250,125,5
72,2,0,18,0,9,-1,-1,0,0,6,2,8,0,0,1,1,250,125,5
258,4,0,21,2,5.25,12,10.5,0,0,8,11,11,0,0,1,1,251,126,5
275,4,0,25,0,6.25,-1,-1,0,0,8,10,11,0,0,2,1,251,126,5
98,4,0,30,1,7.5,24,30,0,0,8,8,12,0,0,3,1,251,126,5
106,4,0,38,0,9.5,-1,-1,0,0,8,4,14,2,0,2,2,251,126,5
257,4,0,35,1,8.75,24,35,0,0,8,8,11,0,0,3,2,251,126,5
163,4,0,31,2,7.75,12,15.5,0,0,1,10,9,0,0,4,1,252,126,5
10,4,0,33,2,8.25,12,16.5,1,0,1,10,8,2,0,2,2,252,126,5
14,4,0,27,1,6.75,24,27,0,0,1,7,13,2,0,1,1,252,126,5
169,4,0,32,0,8,-1,-1,1,0,1,7,13,0,0,3,1,252,126,5
6,4,0,26,2,6.5,12,13,0,0,1,10,10,0,0,4,0,252,126,5
283,4,0,31,0,7.75,-1,-1,0,0,5,7,13,0,0,3,1,253,127,5
249,4,0,39,2,9.75,12,19.5,0,0,5,9,9,0,0,3,3,253,127,5
62,4,0,51,1,12.75,24,51,0,0,5,6,7,2,0,7,2,253,127,5
146,4,0,37,0,9.25,-1,-1,0,0,5,6,11,2,0,4,1,253,127,5
234,4,0,24,4,6,6,6,0,0,5,13,8,0,0,1,2,253,127,5
230,3.3,0,43,1,12.29,21,43,0,0,2,8,5,0,0,5,3,254,127,5
243,2,0,19,0,9.5,-1,-1,0,0,2,4,5,0,0,2,1,254,127,5
26,4,0,43,1,10.75,24,43,0,0,2,12,4,1,1,1,5,254,127,5
281,4,0,24,3,6,8,8,0,0,2,15,6,0,0,0,3,254,127,5
278,3,0,26,0,8.67,-1,-1,0,0,2,4,10,0,0,4,0,254,127,5
23,2,0,28,0,14,-1,-1,0,0,2,1,6,0,0,4,1,254,127,5
304,4,0,41,1,10.25,24,41,0,0,6,9,7,0,0,7,1,255,128,5
229,4,0,26,2,6.5,12,13,0,0,6,12,8,0,0,3,1,255,128,5
79,4,0,24,1,6,24,24,0,0,6,6,16,0,0,2,0,255,128,5
296,4,0,30,0,7.5,-1,-1,0,0,6,5,16,0,0,2,1,255,128,5
78,4,0,43,0,10.75,-1,-1,0,0,6,6,9,1,0,8,0,255,128,5
36,4,0,10,2,2.5,12,5,0,0,3,14,10,0,0,0,0,256,128,5
35,4,0,33,1,8.25,24,33,0,0,3,8,11,0,0,4,1,256,128,5
198,4,0,37,1,9.25,24,37,0,0,3,6,13,0,0,3,2,256,128,5
39,4,0,40,1,10,24,40,1,0,3,4,15,0,0,3,2,256,128,5
33,4,0,25,2,6.25,12,12.5,0,0,3,8,13,0,0,3,0,256,128,5
6,4,0,30,2,7.5,12,15,0,0,1,9,10,0,0,5,0,257,129,5
177,2,0,25,0,12.5,-1,-1,0,0,1,3,3,2,0,3,1,257,129,5
14,3,0,31,1,10.33,18,31,0,0,1,7,5,1,0,3,2,257,129,5
163,4,0,23,1,5.75,24,23,0,0,1,7,15,0,0,2,0,257,129,5
169,3,0,21,1,7,18,21,0,0,1,7,7,1,0,3,0,257,129,5
10,4,0,32,2,8,12,16,0,0,1,9,10,0,0,4,1,257,129,5
269,4,0,24,2,6,12,12,0,0,10,12,8,0,0,4,0,258,129,5
271,4,0,41,1,10.25,24,41,0,0,10,10,5,1,0,7,1,258,129,5
267,4,0,30,1,7.5,24,30,0,0,10,9,10,0,0,5,0,258,129,5
270,4,0,20,2,5,12,10,0,0,10,10,12,0,0,2,0,258,129,5
268,4,0,36,1,9,24,36,2,1,10,4,17,0,0,4,0,258,129,5
54,4,0,48,0,12,-1,-1,0,0,4,8,6,1,0,7,2,259,130,5
50,4,0,19,1,4.75,24,19,0,0,4,11,11,0,0,2,0,259,130,5
53,4,1,26,1,6.5,24,26,1,0,4,14,5,1,0,3,1,259,130,5
52,4,0,24,2,6,12,12,0,0,4,11,10,0,0,2,1,259,130,5
55,4,0,42,2,10.5,12,21,0,0,4,9,8,1,0,2,4,259,130,5
112,3,0,33,0,11,-1,-1,0,1,9,4,10,0,0,4,1,260,130,5
295,3,0,32,0,10.67,-1,-1,0,0,9,5,8,0,0,3,2,260,130,5
294,2,0,29,0,14.5,-1,-1,0,0,9,4,3,0,0,2,3,260,130,5
113,2.5,0,39,0,13.76,-1,-1,0,0,9,3,7,1,0,3,3,260,130,5
164,4,0,28,0,7,-1,-1,0,0,9,7,14,0,0,2,1,260,130,5
87,3,0,27,0,9,-1,-1,0,0,7,7,7,0,0,2,2,261,131,5
93,4,0,48,1,12,24,48,0,0,7,10,6,0,0,3,5,261,131,5
162,4,0,51,1,12.75,24,51,0,0,7,9,5,1,0,5,4,261,131,5
89,4,1,36,2,9,12,18,1,0,7,12,5,1,0,4,2,261,131,5
92,4,0,35,0,8.75,-1,-1,0,1,7,5,16,0,0,3,1,261,131,5
94,1,0,13,0,13,-1,-1,0,0,7,1,3,0,0,1,1,261,131,5
23,3,0,23,0,7.67,-1,-1,2,0,2,3,13,0,0,2,0,262,131,5
26,4,0,29,2,7.25,12,14.5,0,0,2,14,5,0,0,3,2,262,131,5
280,3,0,30,1,10,18,30,0,0,2,6,8,0,0,1,3,262,131,5
243,2,0,12,1,6,12,12,0,0,2,5,6,0,0,0,1,262,131,5
281,4,0,59,0,14.75,-1,-1,0,0,2,7,7,1,0,2,7,262,131,5
230,4,0,48,2,12,12,24,0,0,2,10,6,0,0,3,5,262,131,5
295,4,0,42,1,10.5,24,42,0,0,9,9,6,3,0,3,3,263,132,5
294,4,0,30,1,7.5,24,30,0,0,9,10,10,0,0,2,2,263,132,5
113,4,0,33,1,8.25,24,33,0,0,9,6,13,0,0,5,0,263,132,5
164,4,0,36,1,9,24,36,0,0,9,10,8,0,0,4,2,263,132,5
112,4,0,31,1,7.75,24,31,0,0,9,7,13,0,0,3,1,263,132,5
35,4,0,31,2,7.75,12,15.5,0,0,3,10,9,1,0,2,2,264,132,5
36,4,0,38,1,9.5,24,38,0,0,3,9,8,0,0,6,1,264,132,5
198,4,0,31,1,7.75,24,31,0,0,3,8,9,2,0,3,1,264,132,5
39,4,0,33,1,8.25,24,33,0,0,3,5,15,0,0,3,1,264,132,5
33,4,0,30,1,7.5,24,30,2,1,3,10,11,1,0,2,1,264,132,5
271,4,0,28,2,7,12,14,0,0,10,12,8,0,0,2,2,265,133,5
228,2,0,19,0,9.5,-1,-1,1,0,10,2,8,0,0,1,1,265,133,5
270,4,0,21,1,5.25,24,21,0,0,10,11,11,0,0,1,1,265,133,5
269,4,0,16,2,4,12,8,1,0,10,12,11,0,0,1,0,265,133,5
268,4,0,18,2,4.5,12,9,0,0,10,9,14,0,0,1,0,265,133,5
267,2,0,31,0,15.5,-1,-1,0,0,10,3,3,0,0,4,2,265,133,5
87,3,0,17,2,5.67,9,8.5,0,0,7,10,5,0,0,3,0,266,133,5
89,3,0,13,1,4.33,18,13,0,0,7,10,7,0,0,0,1,266,133,5
162,3,0,30,0,10,-1,-1,0,0,7,5,8,1,0,2,2,266,133,5
94,1,0,10,0,10,-1,-1,0,0,7,2,2,0,0,2,0,266,133,5
92,4,0,18,2,4.5,12,9,0,0,7,9,14,0,0,1,0,266,133,5
93,3.4,0,49,0,13.36,-1,-1,0,0,7,7,7,0,0,3,5,266,133,5
35,4,0,24,2,6,12,12,0,0,3,9,11,1,1,2,0,267,134,5
198,4,0,26,1,6.5,24,26,0,0,3,10,10,1,0,2,1,267,134,5
33,2,0,23,0,11.5,-1,-1,0,0,3,2,7,0,0,1,2,267,134,5
32,2,0,12,1,6,12,12,0,0,3,6,4,0,0,2,0,267,134,5
39,4,0,21,1,5.25,24,21,1,0,3,7,16,0,0,1,0,267,134,5
36,4,0,28,1,7,24,28,0,0,3,12,6,3,0,1,2,267,134,5
268,2,0,26,0,13,-1,-1,0,1,10,3,5,1,0,3,1,268,134,5
269,4,0,30,2,7.5,12,15,0,1,10,11,9,2,0,1,2,268,134,5
270,4,0,40,2,10,12,20,0,0,10,7,10,0,0,6,1,268,134,5
267,1,0,9,0,9,-1,-1,0,0,10,2,3,0,0,0,1,268,134,5
271,4,0,30,1,7.5,24,30,1,0,10,13,7,0,0,1,3,268,134,5
140,4,0,40,0,10,-1,-1,0,0,37,5,12,1,0,5,1,269,135,6
315,4,0,35,1,8.75,24,35,0,0,37,9,9,1,0,3,2,269,135,6
13,4,0,29,1,7.25,24,29,1,0,37,7,14,0,0,2,1,269,135,6
52,4,0,34,2,8.5,12,17,0,1,37,9,10,1,1,3,1,269,135,6
268,4,0,29,0,7.25,-1,-1,0,0,37,6,15,0,0,2,1,269,135,6
54,3,0,26,2,8.67,9,13,0,0,42,9,4,0,0,4,1,270,135,6
12,3.4,0,52,1,14.18,22,52,0,0,42,5,8,0,0,5,4,270,135,6
11,3,0,30,0,10,-1,-1,0,0,42,3,10,1,0,3,1,270,135,6
9,4,0,36,0,9,-1,-1,1,0,42,5,15,0,0,2,2,270,135,6
271,4,0,27,2,6.75,12,13.5,0,0,42,10,11,0,0,1,2,270,135,6
267,4,0,32,1,8,24,32,0,0,35,7,12,1,0,3,1,271,136,6
304,4,0,31,2,7.75,12,15.5,0,0,35,13,7,0,0,0,4,271,136,6
78,4,0,33,1,8.25,24,33,0,0,35,10,9,0,0,3,2,271,136,6
188,4,0,27,1,6.75,24,27,0,0,35,7,13,1,0,3,0,271,136,6
35,4,0,40,0,10,-1,-1,0,0,35,6,12,0,0,4,2,271,136,6
169,3,0,24,0,8,-1,-1,0,0,32,6,8,1,0,2,1,272,136,6
50,4,0,25,1,6.25,24,25,0,0,32,6,15,1,0,2,0,272,136,6
10,4,0,38,0,9.5,-1,-1,0,0,32,6,12,0,2,2,2,272,136,6
318,2,0,21,0,10.5,-1,-1,1,1,32,3,7,1,0,1,1,272,136,6
92,2,0,19,0,9.5,-1,-1,0,0,32,2,7,1,0,1,1,272,136,6
281,4,0,37,2,9.25,12,18.5,0,0,32,7,11,0,0,5,1,272,136,6
163,4,0,42,0,10.5,-1,-1,0,1,39,5,13,0,0,7,0,273,137,6
295,4,0,38,2,9.5,12,19,2,0,39,9,8,2,0,3,2,273,137,6
112,3,0,35,0,11.67,-1,-1,1,0,39,4,8,0,0,5,1,273,137,6
265,1,0,11,0,11,-1,-1,0,0,39,1,3,0,0,2,0,273,137,6
203,4,0,44,1,11,24,44,0,0,39,8,8,0,0,6,2,273,137,6
14,4,0,25,1,6.25,24,25,0,0,39,9,13,0,0,0,2,273,137,6
162,4,0,34,2,8.5,12,17,0,0,36,7,12,0,0,4,1,274,137,6
53,4,0,39,1,9.75,24,39,0,0,36,7,11,1,0,2,3,274,137,6
87,2,0,12,2,6,6,6,0,0,36,5,6,0,0,0,1,274,137,6
236,4,0,26,0,6.5,-1,-1,1,1,36,5,18,1,0,1,0,274,137,6
301,2,0,21,0,10.5,-1,-1,0,0,36,2,7,0,0,2,1,274,137,6
316,4,1,38,3,9.5,8,12.67,0,0,36,14,4,0,0,1,5,274,137,6
306,4,0,29,1,7.25,24,29,0,0,40,6,15,0,0,2,1,275,138,6
270,4,0,31,1,7.75,24,31,0,0,40,9,10,1,1,1,2,275,138,6
6,4,0,32,0,8,-1,-1,0,0,40,8,12,0,0,2,2,275,138,6
32,1,0,13,0,13,-1,-1,0,0,40,1,3,0,0,1,1,275,138,6
23,4,0,42,1,10.5,24,42,0,0,40,5,12,1,0,4,2,275,138,6
225,3,0,32,0,10.67,-1,-1,0,0,40,4,10,0,0,1,3,275,138,6
257,4,0,30,2,7.5,12,15,0,0,34,11,8,0,0,4,1,276,138,6
26,3,0,38,0,12.67,-1,-1,0,0,34,4,8,0,0,3,3,276,138,6
91,3,0,39,0,13,-1,-1,0,1,34,4,8,1,0,4,2,276,138,6
235,3,0,27,1,9,18,27,1,0,34,5,10,0,0,1,2,276,138,6
234,4,0,36,2,9,12,18,0,1,34,6,13,2,0,3,1,276,138,6
61,2,0,15,0,7.5,-1,-1,0,0,34,3,7,0,0,2,0,276,138,6
313,4,0,56,0,14,-1,-1,0,0,41,5,8,1,0,7,3,277,139,6
62,1,0,14,0,14,-1,-1,0,0,41,3,0,0,0,2,1,277,139,6
229,4,0,21,1,5.25,24,21,0,0,41,11,11,0,0,1,1,277,139,6
230,4,0,34,4,8.5,6,8.5,0,0,41,11,6,2,0,3,2,277,139,6
303,3,0,28,0,9.33,-1,-1,0,1,41,6,9,0,0,3,1,277,139,6
135,4,0,34,0,8.5,-1,-1,0,0,41,6,14,0,0,2,2,277,139,6
53,4,0,35,1,8.75,24,35,0,0,36,9,9,0,0,5,1,278,139,6
87,3,0,35,0,11.67,-1,-1,0,0,36,6,5,0,0,6,1,278,139,6
94,2.4,0,18,2,6.75,8,9,0,0,36,4,10,1,0,0,1,278,139,6
162,3,0,39,1,13,18,39,0,0,36,5,5,1,0,5,2,278,139,6
316,4,0,33,1,8.25,24,33,0,1,36,7,14,1,0,1,2,278,139,6
301,2,0,18,0,9,-1,-1,0,0,36,3,6,0,0,3,0,278,139,6
236,1,0,11,0,11,-1,-1,0,1,36,0,6,0,0,1,0,278,139,6
141,4,0,29,1,7.25,24,29,1,1,38,7,15,0,0,3,0,279,140,6
280,4,0,38,1,9.5,24,38,1,0,38,8,11,0,0,2,3,279,140,6
125,4,0,19,2,4.75,12,9.5,0,0,38,11,11,0,0,2,0,279,140,6
269,4,0,32,0,8,-1,-1,0,1,38,9,11,0,0,5,0,279,140,6
33,4,0,26,1,6.5,24,26,0,0,38,9,12,0,0,2,1,279,140,6
268,4,0,28,2,7,12,14,0,0,37,5,16,0,0,3,0,280,140,6
278,2,0,10,0,5,-1,-1,0,0,37,2,10,0,0,0,0,280,140,6
52,4,0,29,1,7.25,24,29,0,0,37,9,11,1,0,1,2,280,140,6
282,2,0,18,0,9,-1,-1,0,0,37,5,4,0,0,2,1,280,140,6
315,4,0,29,3,7.25,8,9.67,0,0,37,12,7,1,0,2,2,280,140,6
13,4,0,29,1,7.25,24,29,0,1,37,9,12,0,0,4,0,280,140,6
35,4,0,53,2,13.25,12,26.5,0,0,35,10,5,0,0,3,6,281,141,6
188,4,0,27,1,6.75,24,27,0,0,35,8,11,2,0,3,0,281,141,6
78,4,0,36,1,9,24,36,0,0,35,8,10,0,0,5,1,281,141,6
267,4,0,27,1,6.75,24,27,0,0,35,8,13,0,0,2,1,281,141,6
304,4,0,44,1,11,24,44,0,1,35,8,11,0,0,2,4,281,141,6
113,2,0,12,0,6,-1,-1,0,0,31,1,10,1,0,0,0,282,141,6
36,4,0,51,2,12.75,12,25.5,0,0,31,10,5,0,0,4,5,282,141,6
198,4,0,38,0,9.5,-1,-1,0,0,31,8,9,1,1,3,2,282,141,6
177,4,0,23,1,5.75,24,23,0,0,31,7,15,0,0,2,0,282,141,6
286,2,0,18,0,9,-1,-1,0,0,31,2,8,0,0,1,1,282,141,6
93,4,0,34,0,8.5,-1,-1,0,0,31,7,12,1,0,2,2,282,141,6
23,2,0,34,0,17,-1,-1,0,1,40,3,3,0,0,6,1,283,142,6
6,4,1,24,1,6,24,24,0,0,40,12,8,1,0,2,1,283,142,6
72,1,0,8,0,8,-1,-1,0,0,40,1,4,0,0,1,0,283,142,6
306,4,0,23,2,5.75,12,11.5,0,0,40,11,9,1,0,3,0,283,142,6
226,4,0,25,2,6.25,12,12.5,0,0,40,7,15,0,0,1,1,283,142,6
270,4,0,39,0,9.75,-1,-1,1,0,40,6,12,0,0,5,1,283,142,6
32,1,0,16,0,16,-1,-1,0,0,40,1,2,0,0,2,1,283,142,6
98,2,0,22,0,11,-1,-1,1,0,33,2,7,0,0,2,1,284,142,6
132,4,0,33,1,8.25,24,33,0,0,33,8,9,1,0,4,1,284,142,6
39,4,0,23,1,5.75,24,23,0,0,33,7,15,0,0,2,0,284,142,6
164,4,0,32,2,8,12,16,0,1,33,9,11,0,0,5,0,284,142,6
89,4,0,28,0,7,-1,-1,0,0,33,9,10,1,0,4,0,284,142,6
283,2,0,15,1,7.5,12,15,0,0,33,5,5,0,0,1,1,284,142,6
54,4,0,39,2,9.75,12,19.5,0,0,42,10,7,1,0,3,3,285,143,6
231,1,0,7,0,7,-1,-1,0,0,42,2,3,0,0,1,0,285,143,6
9,4,0,28,5,7,4.8,5.6,0,0,42,12,8,0,0,2,2,285,143,6
12,4,0,33,0,8.25,-1,-1,0,0,42,9,10,0,1,2,2,285,143,6
11,3,0,15,1,5,18,15,0,0,42,4,13,1,0,0,0,285,143,6
271,4,0,35,1,8.75,24,35,0,0,42,8,11,0,0,3,2,285,143,6
280,3.4,0,29,1,7.91,22,29,0,0,38,6,13,0,0,1,2,286,143,6
106,3,0,37,1,12.33,18,37,0,0,38,5,5,0,0,8,0,286,143,6
157,1,0,14,0,14,-1,-1,0,0,38,1,2,0,0,3,0,286,143,6
125,4,0,27,1,6.75,24,27,0,0,38,8,13,0,0,2,1,286,143,6
269,4,0,39,0,9.75,-1,-1,0,0,38,8,9,1,0,4,2,286,143,6
33,2,0,17,0,8.5,-1,-1,1,0,38,2,8,0,0,2,0,286,143,6
230,4,0,24,2,6,12,12,0,0,41,11,10,0,0,2,1,287,144,6
229,4,0,39,1,9.75,24,39,0,0,41,9,9,0,0,3,3,287,144,6
303,3,0,28,0,9.33,-1,-1,0,1,41,4,11,0,0,4,0,287,144,6
313,4,0,37,2,9.25,12,18.5,0,0,41,7,11,0,0,5,1,287,144,6
135,2,0,17,0,8.5,-1,-1,0,0,41,3,7,0,0,1,1,287,144,6
62,3,0,30,0,10,-1,-1,0,0,41,4,10,0,0,2,2,287,144,6
163,4,0,31,0,7.75,-1,-1,2,0,39,6,15,1,0,0,2,288,144,6
295,4,0,36,1,9,24,36,0,0,39,7,12,0,0,3,2,288,144,6
319,4,0,36,1,9,24,36,0,0,39,7,12,0,0,3,2,288,144,6
112,4,0,37,0,9.25,-1,-1,2,0,39,4,15,0,0,5,0,288,144,6
14,3.3,0,40,0,11.43,-1,-1,0,0,39,8,6,1,0,2,4,288,144,6
89,4,0,25,1,6.25,24,25,0,0,33,8,13,0,0,3,0,289,145,6
164,4,0,34,0,8.5,-1,-1,0,0,33,3,18,0,0,1,2,289,145,6
39,3,0,32,0,10.67,-1,-1,0,1,33,3,11,0,0,5,0,289,145,6
98,4,0,17,3,4.25,8,5.67,0,0,33,11,11,1,0,1,0,289,145,6
283,1,0,8,0,8,-1,-1,0,0,33,1,4,0,0,1,0,289,145,6
132,4,0,50,0,12.5,-1,-1,0,0,33,6,8,0,0,9,1,289,145,6
61,3,0,16,3,5.33,6,5.33,1,0,34,9,7,0,0,2,0,290,145,6
26,3,0,28,0,9.33,-1,-1,0,0,34,6,8,0,0,2,2,290,145,6
91,4,0,33,1,8.25,24,33,0,0,34,8,11,0,0,4,1,290,145,6
235,4,0,36,0,9,-1,-1,0,0,34,6,12,1,0,4,1,290,145,6
234,4,0,26,1,6.5,24,26,0,0,34,7,14,0,0,3,0,290,145,6
257,2,0,27,0,13.5,-1,-1,0,0,34,2,5,0,0,4,1,290,145,6
36,4,0,15,1,3.75,24,15,0,0,31,9,15,0,0,0,0,291,146,6
198,4,0,35,1,8.75,24,35,0,0,31,9,9,0,0,5,1,291,146,6
177,4,0,27,1,6.75,24,27,1,0,31,7,14,0,0,3,0,291,146,6
286,4,0,34,0,8.5,-1,-1,0,0,31,8,10,0,0,6,0,291,146,6
93,4,0,33,1,8.25,24,33,0,0,31,7,13,0,0,2,2,291,146,6
281,4,0,38,0,9.5,-1,-1,0,0,32,6,12,1,0,3,2,292,146,6
169,3.5,0,28,2,7.3,11.5,14,0,1,32,9,11,0,0,4,0,292,146,6
92,2,0,14,0,7,-1,-1,2,0,32,3,8,0,0,1,0,292,146,6
50,2,0,29,0,14.5,-1,-1,0,0,32,4,1,0,0,7,0,292,146,6
318,2,0,22,0,11,-1,-1,0,0,32,2,6,0,0,4,0,292,146,6
10,4,0,16,2,4,12,8,1,0,32,13,9,1,0,1,0,292,146,6
280,4,0,49,0,12.25,-1,-1,0,0,38,5,11,0,0,5,3,293,147,6
296,4,0,38,1,9.5,24,38,0,0,38,6,12,0,0,5,1,293,147,6
33,4,0,34,1,8.5,24,34,0,0,38,8,12,0,0,1,3,293,147,6
269,4,0,52,0,13,-1,-1,0,0,38,4,11,0,1,5,3,293,147,6
125,4,0,18,2,4.5,12,9,0,0,38,13,8,1,0,2,0,293,147,6
25,4,0,23,3,5.75,8,7.67,0,0,42,9,12,0,1,2,0,294,147,6
271,4,0,37,1,9.25,24,37,0,0,42,7,10,0,1,6,0,294,147,6
9,4,0,33,1,8.25,24,33,2,0,42,6,13,1,0,4,0,294,147,6
11,4,0,33,1,8.25,24,33,0,0,42,3,17,0,0,4,0,294,147,6
12,4,0,38,1,9.5,24,38,1,0,42,6,13,0,0,3,2,294,147,6
87,2,0,17,1,8.5,12,17,0,0,36,4,5,0,0,3,0,295,148,6
301,2,0,18,0,9,-1,-1,0,0,36,2,8,0,0,1,1,295,148,6
316,4,0,34,2,8.5,12,17,0,1,36,12,7,1,0,3,2,295,148,6
162,4,0,32,0,8,-1,-1,0,0,36,8,12,0,0,2,2,295,148,6
249,4,0,36,0,9,-1,-1,0,0,36,7,10,1,0,6,0,295,148,6
53,4,0,39,2,9.75,12,19.5,0,1,36,12,6,0,0,5,2,295,148,6
163,2,0,21,0,10.5,-1,-1,0,0,39,2,7,0,0,2,1,296,148,6
319,3,0,24,1,8,18,24,0,0,39,7,8,0,0,1,2,296,148,6
14,3,0,44,0,14.67,-1,-1,0,1,39,5,5,1,0,6,2,296,148,6
112,4,0,37,0,9.25,-1,-1,0,0,39,5,13,0,0,6,0,296,148,6
295,3,0,37,0,12.33,-1,-1,0,0,39,4,7,1,0,4,2,296,148,6
48,2.1,0,14,0,6.46,-1,-1,0,0,39,2,10,0,0,1,0,296,148,6
177,4,0,30,2,7.5,12,15,0,0,31,9,10,1,0,3,1,297,149,6
93,4,0,40,0,10,-1,-1,0,0,31,5,12,1,0,5,1,297,149,6
113,4,0,30,2,7.5,12,15,0,2,31,10,10,3,0,3,0,297,149,6
36,4,0,38,1,9.5,24,38,0,0,31,6,13,0,1,1,3,297,149,6
198,4,0,25,0,6.25,-1,-1,0,0,31,7,14,0,1,2,0,297,149,6
267,2,0,15,0,7.5,-1,-1,0,0,35,2,9,0,0,0,1,298,149,6
188,4,0,30,2,7.5,12,15,0,0,35,11,8,0,0,4,1,298,149,6
304,4,0,36,1,9,24,36,0,0,35,9,10,1,0,0,4,298,149,6
78,3.3,0,37,0,10.57,-1,-1,1,0,35,7,8,1,0,2,3,298,149,6
35,3,0,25,0,8.33,-1,-1,0,0,35,6,7,1,0,4,0,298,149,6
228,2,0,21,1,10.5,12,21,2,0,35,5,3,0,0,4,0,298,149,6
132,4,0,29,3,7.25,8,9.67,0,0,33,11,9,0,0,2,2,299,150,6
39,3,0,23,0,7.67,-1,-1,0,0,33,1,15,0,0,2,0,299,150,6
79,4,0,23,2,5.75,12,11.5,0,0,33,10,11,0,0,3,0,299,150,6
98,4,0,29,1,7.25,24,29,1,0,33,6,14,1,0,3,0,299,150,6
89,4,0,26,1,6.5,24,26,1,0,33,9,11,1,0,3,0,299,150,6
243,1,0,9,0,9,-1,-1,0,0,33,1,3,1,0,1,0,299,150,6
26,4,0,22,0,5.5,-1,-1,0,0,34,8,14,0,0,2,0,300,150,6
235,2,0,13,0,6.5,-1,-1,1,0,34,3,8,0,0,1,0,300,150,6
234,3,0,32,0,10.67,-1,-1,1,0,34,3,11,0,0,2,2,300,150,6
55,1,0,14,0,14,-1,-1,0,0,34,1,2,0,0,3,0,300,150,6
91,3,0,24,1,8,18,24,0,0,34,5,10,0,0,2,1,300,150,6
61,3.5,0,37,0,9.65,-1,-1,0,0,34,6,11,0,0,5,1,300,150,6
315,4,0,18,2,4.5,12,9,1,0,37,10,13,0,0,1,0,301,151,6
13,4,0,30,1,7.5,24,30,1,1,37,6,16,0,0,3,0,301,151,6
268,4,0,37,0,9.25,-1,-1,1,0,37,2,17,0,1,4,0,301,151,6
52,4,0,29,3,7.25,8,9.67,0,0,37,11,9,0,0,2,2,301,151,6
282,4,0,39,0,9.75,-1,-1,0,0,37,5,13,1,0,3,2,301,151,6
141,4,0,33,3,8.25,8,11,1,0,38,9,10,0,0,4,1,302,151,6
106,3,0,29,1,9.67,18,29,0,0,38,6,7,0,0,4,1,302,151,6
125,4,0,39,1,9.75,24,39,0,0,38,8,9,0,0,6,1,302,151,6
320,3,0,30,0,10,-1,-1,0,0,38,7,6,0,0,3,2,302,151,6
296,2,0,24,0,12,-1,-1,0,0,38,3,4,0,0,5,0,302,151,6