id,b_id,batsman,bowler,method,fielder,o_id,inn_id,m_id,t_id,bat_team,bow_team,score,for,overs,ball_color
1,24,16,13,b,0,4,1,1,1,2,1,34,1,3.5,y
2,43,17,6,c,5,7,1,1,1,2,1,56,2,6.6,y
3,56,18,6,b,0,9,1,1,1,2,1,71,3,8.6,y
4,79,20,6,c,4,13,1,1,1,2,1,102,4,12.4,y
5,113,21,12,c,1,19,1,1,1,2,1,156,5,18.2,y
6,134,1,22,b,0,22,2,1,1,1,2,17,1,1.5,y
7,137,2,25,b,0,23,2,1,1,1,2,17,2,2.2,y
8,202,4,24,b,0,33,2,1,1,1,2,105,3,12.5,y
9,237,43,89,b,0,39,3,2,1,4,7,2,1,0.5,y
10,264,44,87,c,85,44,3,2,1,4,7,60,2,5.2,y
11,326,46,91,c,87,54,3,2,1,4,7,145,3,15.3,y
12,393,83,53,b,0,65,4,2,1,7,4,56,1,6.4,y
13,408,84,50,b,0,68,4,2,1,7,4,78,2,9.1,y
14,409,86,50,b,0,68,4,2,1,7,4,78,3,9.2,y
15,460,85,48,b,0,76,4,2,1,7,4,168,4,17.4,y
16,463,88,52,b,0,77,4,2,1,7,4,173,5,18.1,y
17,464,94,52,b,0,77,4,2,1,7,4,173,6,18.2,y
18,465,89,52,b,0,77,4,2,1,7,4,173,7,18.3,y
19,490,28,65,b,0,81,5,3,1,3,5,20,1,2.4,y
20,574,29,65,b,0,95,5,3,1,3,5,173,2,16.2,y
21,585,32,62,b,0,97,5,3,1,3,5,197,3,18.1,y
22,602,57,37,b,0,99,6,3,1,5,3,3,1,0.6,y
23,622,58,37,b,0,103,6,3,1,5,3,27,2,4.2,y
24,628,56,35,b,0,104,6,3,1,5,3,27,3,5.2,y
25,632,60,35,b,0,104,6,3,1,5,3,39,4,5.6,y
26,640,62,35,b,0,106,6,3,1,5,3,57,5,7.2,y
27,672,61,33,b,0,111,6,3,1,5,3,106,6,12.4,y
28,680,59,37,b,0,112,6,3,1,5,3,112,7,13.6,y
29,688,64,35,b,0,114,6,3,1,5,3,113,8,15.2,y
30,704,65,36,b,0,116,6,3,1,5,3,127,9,17.5,y
31,758,97,75,b,0,125,7,4,1,8,6,70,1,6.4,y
32,776,96,77,b,0,128,7,4,1,8,6,91,2,9.3,y
33,781,99,80,lbw,0,129,7,4,1,8,6,100,3,10.2,y
34,788,100,77,lbw,0,130,7,4,1,8,6,105,4,11.3,y
35,803,98,77,b,0,132,7,4,1,8,6,120,5,13.6,y
36,806,101,79,b,0,133,7,4,1,8,6,122,6,14.3,y
37,837,102,79,b,0,138,7,4,1,8,6,178,7,19.4,y
38,850,71,103,b,0,140,8,4,1,6,8,14,1,1.4,y
39,861,70,98,b,0,142,8,4,1,6,8,23,2,3.3,y
40,869,72,104,b,0,143,8,4,1,6,8,31,3,4.5,y
41,940,73,106,b,0,155,8,4,1,6,8,122,4,16.1,y
42,948,74,103,c,102,156,8,4,1,6,8,139,5,17.3,y
43,950,75,103,b,0,156,8,4,1,6,8,143,6,17.5,y
44,998,56,26,b,0,164,9,5,1,5,2,54,1,5.4,g
45,1038,57,22,b,0,171,9,5,1,5,2,90,2,12.2,y
46,1042,58,22,lbw,0,171,9,5,1,5,2,91,3,12.6,y
47,1068,60,26,b,0,176,9,5,1,5,2,138,4,17.2,g
48,1110,17,67,b,0,183,10,5,1,2,5,39,1,4.1,y
49,1122,18,67,b,0,185,10,5,1,2,5,53,2,6.1,y
50,1174,19,64,lbw,0,193,10,5,1,2,5,122,3,14.4,y
51,1188,20,63,c,37,195,10,5,1,2,5,132,4,16.6,y
52,1189,22,65,b,0,196,10,5,1,2,5,132,5,17.1,g
53,1195,16,67,b,0,197,10,5,1,2,5,140,6,18.1,y
54,1200,21,67,b,0,197,10,5,1,2,5,147,7,18.6,y
55,1223,96,52,b,0,201,11,6,1,8,4,20,1,2.5,y
56,1245,98,53,b,0,205,11,6,1,8,4,44,2,6.3,y
57,1280,97,48,b,0,211,11,6,1,8,4,86,3,12.1,y
58,1306,99,52,b,0,215,11,6,1,8,4,139,4,16.2,y
59,1319,102,52,lbw,0,217,11,6,1,8,4,149,5,18.3,y
60,1349,43,105,b,0,222,12,6,1,4,8,30,1,3.2,y
61,1376,45,98,b,0,226,12,6,1,4,8,63,2,7.4,y
62,1395,46,104,c,100,229,12,6,1,4,8,80,3,10.5,y
63,1404,44,104,b,0,231,12,6,1,4,8,100,4,12.2,y
64,1407,47,104,b,0,231,12,6,1,4,8,101,5,12.5,y
65,1417,48,103,c,97,233,12,6,1,4,8,112,6,14.3,y
66,1427,49,106,c,101,235,12,6,1,4,8,122,7,16.1,y
67,1518,1,32,b,0,249,13,7,1,1,3,88,1,10.6,y
68,1543,2,33,b,0,254,13,7,1,1,3,114,2,15.1,r
69,1552,4,36,b,0,255,13,7,1,1,3,129,3,16.4,y
70,1572,3,33,b,0,258,13,7,1,1,3,163,4,19.6,r
71,1584,28,12,lbw,0,260,14,7,1,3,1,11,1,1.5,r
72,1611,29,6,b,0,265,14,7,1,3,1,37,2,6.2,y
73,1613,31,6,b,0,265,14,7,1,3,1,37,3,6.4,y
74,1644,30,13,lbw,0,270,14,7,1,3,1,64,4,11.5,r
75,1654,32,6,b,0,272,14,7,1,3,1,78,5,13.3,r
76,1661,34,14,b,0,273,14,7,1,3,1,81,6,14.3,y
77,1663,35,14,b,0,273,14,7,1,3,1,81,7,14.5,y
78,1695,71,89,lbw,0,279,15,8,1,6,7,0,1,0.1,y
79,1718,73,91,b,0,282,15,8,1,6,7,27,2,3.6,y
80,1728,74,91,b,0,284,15,8,1,6,7,45,3,5.4,y
81,1785,72,93,b,0,293,15,8,1,6,7,128,4,14.4,y
82,1803,75,89,b,0,296,15,8,1,6,7,158,5,17.4,y
83,1811,77,90,b,0,297,15,8,1,6,7,171,6,18.6,y
84,1828,83,81,b,0,300,16,8,1,7,6,13,1,1.5,y
85,1872,85,80,b,0,308,16,8,1,7,6,77,2,9.1,y
86,1911,86,76,c,74,314,16,8,1,7,6,126,3,15.3,y
87,1912,88,76,b,0,314,16,8,1,7,6,126,4,15.4,y
88,1940,1,65,lbw,0,319,17,9,1,1,5,0,1,0.2,y
89,1953,2,65,b,0,321,17,9,1,1,5,11,2,2.3,y
90,1958,4,66,b,0,322,17,9,1,1,5,12,3,3.2,y
91,1967,3,65,lbw,0,323,17,9,1,1,5,20,4,4.5,y
92,1984,7,64,b,0,326,17,9,1,1,5,46,5,7.4,y
93,2020,8,67,b,0,332,17,9,1,1,5,97,6,13.3,y
94,2064,56,14,b,0,339,18,9,1,5,1,0,1,0.5,y
95,2077,58,14,b,0,341,18,9,1,5,1,20,2,2.6,y
96,2078,69,12,lbw,0,342,18,9,1,5,1,20,3,3.1,y
97,2092,60,6,b,0,344,18,9,1,5,1,28,4,5.3,y
98,2093,62,6,b,0,344,18,9,1,5,1,28,5,5.4,y
99,2100,63,9,b,0,345,18,9,1,5,1,31,6,6.5,y
100,2146,64,9,b,0,353,18,9,1,5,1,95,7,14.3,y
101,2165,66,13,b,0,356,18,9,1,5,1,115,8,17.3,y
102,2179,65,6,b,0,358,18,9,1,5,1,130,9,19.5,y
103,2257,43,80,c,73,371,19,10,1,4,6,118,1,12.3,y
104,2368,72,49,b,0,389,20,10,1,6,4,82,1,10.5,y
105,2370,73,48,b,0,390,20,10,1,6,4,83,2,11.1,g
106,2379,74,50,b,0,391,20,10,1,6,4,96,3,12.4,y
107,2380,82,50,b,0,391,20,10,1,6,4,96,4,12.5,y
108,2400,71,54,b,0,394,20,10,1,6,4,138,5,15.6,g
109,2414,76,50,c,47,397,20,10,1,6,4,174,6,18.2,y
110,2421,75,52,b,0,398,20,10,1,6,4,180,7,19.3,g
111,2437,16,35,b,0,401,21,11,1,2,3,11,1,2.1,y
112,2476,17,32,b,0,407,21,11,1,2,3,59,2,8.3,y
113,2525,19,36,c,32,415,21,11,1,2,3,127,3,16.4,y
114,2533,18,41,b,0,416,21,11,1,2,3,132,4,17.6,y
115,2534,20,36,c,29,417,21,11,1,2,3,132,5,18.1,y
116,2590,29,23,c,20,426,22,11,1,3,2,49,1,7.3,y
117,2615,28,22,c,19,430,22,11,1,3,2,84,2,11.4,y
118,2619,31,26,c,18,431,22,11,1,3,2,85,3,12.2,y
119,2647,40,25,b,0,435,22,11,1,3,2,113,4,16.6,y
120,2653,32,24,b,0,436,22,11,1,3,2,124,5,17.6,y
121,2660,30,24,b,0,438,22,11,1,3,2,137,6,19.1,y
122,2669,96,89,b,0,439,23,12,1,8,7,0,1,0.4,r
123,2681,97,89,b,0,441,23,12,1,8,7,11,2,2.4,r
124,2688,98,91,b,0,442,23,12,1,8,7,23,3,3.5,y
125,2694,99,89,b,0,443,23,12,1,8,7,25,4,4.5,r
126,2716,107,90,b,0,447,23,12,1,8,7,61,5,8.3,r
127,2726,100,87,lbw,0,448,23,12,1,8,7,72,6,9.6,y
128,2759,103,93,c,85,454,23,12,1,8,7,110,7,15.3,y
129,2763,105,89,b,0,455,23,12,1,8,7,110,8,16.1,r
130,2782,108,93,b,0,458,23,12,1,8,7,129,9,19.2,y
131,2822,95,103,lbw,0,464,24,12,1,7,8,51,1,5.6,r
132,2831,85,103,c,97,466,24,12,1,7,8,59,2,7.3,r
133,2849,84,105,b,0,469,24,12,1,7,8,76,3,10.2,y
134,2883,87,104,b,0,474,24,12,1,7,8,130,4,15.6,r
135,2890,84,10,b,0,476,25,13,1,7,1,5,1,0.5,y
136,2937,85,9,b,0,484,25,13,1,7,1,77,2,8.2,y
137,2969,83,12,lbw,0,489,25,13,1,7,1,126,3,13.3,r
138,2977,86,9,b,0,490,25,13,1,7,1,136,4,14.5,y
139,2991,88,10,c,1,493,25,13,1,7,1,155,5,17.1,r
140,3030,1,91,lbw,0,499,26,13,1,1,7,25,1,3.4,y
141,3076,2,87,b,0,507,26,13,1,1,7,70,2,11.2,y
142,3101,3,87,c,86,511,26,13,1,1,7,115,3,15.3,y
143,3102,6,87,b,0,511,26,13,1,1,7,115,4,15.4,y
144,3115,8,89,c,85,513,26,13,1,1,7,130,5,17.5,y
145,3140,44,36,lbw,0,517,27,14,1,4,3,18,1,1.6,g
146,3150,45,36,lbw,0,519,27,14,1,4,3,26,2,3.4,g
147,3195,46,32,b,0,526,27,14,1,4,3,82,3,10.4,y
148,3246,47,36,b,0,534,27,14,1,4,3,160,4,18.6,y
149,3315,28,48,c,46,545,28,14,1,3,4,93,1,9.5,g
150,3370,2,37,lbw,0,554,29,15,1,1,3,1,1,0.4,y
151,3412,3,35,c,31,561,29,15,1,1,3,68,2,7.4,y
152,3421,4,35,c,33,563,29,15,1,1,3,82,3,9.1,y
153,3426,7,35,b,0,563,29,15,1,1,3,87,4,9.6,y
154,3427,1,33,lbw,0,564,29,15,1,1,3,87,5,10.1,y
155,3454,8,37,c,30,568,29,15,1,1,3,109,6,14.4,y
156,3463,6,36,b,0,570,29,15,1,1,3,114,7,16.1,y
157,3475,10,36,b,0,572,29,15,1,1,3,128,8,18.1,y
158,3484,13,33,b,0,573,29,15,1,1,3,129,9,19.4,y
159,3544,29,9,b,0,583,30,15,1,3,1,74,1,9.2,y
160,3545,31,9,b,0,583,30,15,1,3,1,74,2,9.3,y
161,3554,28,13,st,4,584,30,15,1,3,1,92,3,10.6,y
162,3563,32,6,b,0,586,30,15,1,3,1,98,4,12.3,y
163,3602,120,114,c,109,592,31,16,2,22,21,14,1,1.5,y
164,3615,121,114,lbw,0,594,31,16,2,22,21,38,2,3.6,y
165,3652,122,113,lbw,0,601,31,16,2,22,21,95,3,10.1,z
166,3659,15,112,c,111,602,31,16,2,22,21,98,4,11.2,y
167,3692,73,113,b,0,607,31,16,2,22,21,176,5,16.5,z
168,3700,9,115,b,0,609,31,16,2,22,21,191,6,18.1,z
169,3809,84,80,b,0,627,32,16,2,21,22,146,1,16.1,y
170,3810,5,80,b,0,627,32,16,2,21,22,146,2,16.2,y
171,3812,29,80,b,0,627,32,16,2,21,22,147,3,16.4,y
172,3844,2,151,lbw,0,632,33,17,2,24,25,20,1,1.6,y
173,3855,71,151,b,0,634,33,17,2,24,25,35,2,3.5,y
174,3865,138,151,b,0,636,33,17,2,24,25,51,3,5.3,y
175,3878,6,151,st,148,638,33,17,2,24,25,63,4,7.4,y
176,3938,137,153,b,0,648,33,17,2,24,25,156,5,17.2,y
177,3965,147,143,lbw,0,652,34,17,2,25,24,13,1,1.4,y
178,3973,88,12,b,0,653,34,17,2,25,24,21,2,2.6,y
179,3988,31,143,c,2,656,34,17,2,25,24,40,3,5.3,y
180,3992,148,143,c,139,656,34,17,2,25,24,42,4,5.6,y
181,4005,87,143,b,0,658,34,17,2,25,24,60,5,7.6,y
182,4023,149,6,b,0,661,34,17,2,25,24,84,6,10.6,y
183,4026,151,140,c,125,662,34,17,2,25,24,85,7,11.3,y
184,4048,91,12,b,0,665,34,17,2,25,24,107,8,14.6,y
185,4075,154,140,b,0,670,34,17,2,25,24,136,9,19.3,y
186,4076,153,140,b,0,670,34,17,2,25,24,136,10,19.4,y
187,4087,184,78,b,0,672,35,18,2,28,27,9,1,1.5,y
188,4088,186,78,b,0,672,35,18,2,28,27,9,2,1.6,y
189,4092,185,179,c,176,673,35,18,2,28,27,13,3,2.4,g
190,4098,7,78,b,0,674,35,18,2,28,27,14,4,3.4,y
191,4126,61,176,b,0,679,35,18,2,28,27,44,5,8.1,g
192,4140,187,176,c,177,681,35,18,2,28,27,67,6,10.3,g
193,4148,188,177,b,0,682,35,18,2,28,27,80,7,11.5,y
194,4164,189,178,lbw,0,685,35,18,2,28,27,93,8,14.2,g
195,4259,172,61,b,0,701,36,18,2,27,28,85,1,10.1,g
196,4260,173,61,b,0,701,36,18,2,27,28,85,2,10.2,g
197,4267,171,53,b,0,702,36,18,2,27,28,93,3,11.3,y
198,4289,2,130,b,0,706,37,19,2,24,23,8,1,1.2,r
199,4313,137,131,b,0,710,37,19,2,24,23,42,2,5.2,r
200,4314,138,131,b,0,710,37,19,2,24,23,42,3,5.3,r
201,4387,139,131,b,0,722,37,19,2,24,23,168,4,17.4,r
202,4388,6,131,b,0,722,37,19,2,24,23,168,5,17.5,r
203,4420,127,142,b,0,728,38,19,2,23,24,37,1,3.1,r
204,4437,128,142,b,0,730,38,19,2,23,24,57,2,5.6,r
205,4483,3,143,c,6,738,38,19,2,23,24,145,3,13.3,r
206,4515,33,12,b,0,743,38,19,2,23,24,195,4,18.4,y
207,4519,60,142,b,0,744,38,19,2,23,24,202,5,19.2,r
208,4535,56,124,b,0,746,39,20,2,26,22,18,1,1.6,y
209,4543,1,126,b,0,748,39,20,2,26,22,30,2,3.1,y
210,4544,160,126,b,0,748,39,20,2,26,22,30,3,3.2,y
211,4556,159,126,b,0,750,39,20,2,26,22,43,4,5.2,y
212,4567,161,124,b,0,752,39,20,2,26,22,62,5,7.1,y
213,4571,162,124,b,0,752,39,20,2,26,22,62,6,7.5,y
214,4579,59,124,b,0,754,39,20,2,26,22,71,7,9.1,y
215,4623,163,125,b,0,761,39,20,2,26,22,119,8,16.3,y
216,4645,120,162,b,0,765,40,20,2,22,26,0,1,0.1,y
217,4655,121,14,b,0,766,40,20,2,22,26,11,2,1.5,y
218,4661,15,162,b,0,767,40,20,2,22,26,18,3,2.5,y
219,4677,122,163,b,0,770,40,20,2,22,26,50,4,5.3,y
220,4678,8,163,b,0,770,40,20,2,22,26,50,5,5.4,y
221,4733,9,163,b,0,779,40,20,2,22,26,139,6,14.4,y
222,4735,124,163,b,0,779,40,20,2,22,26,139,7,14.6,y
223,4745,88,191,lbw,0,782,41,21,2,25,28,5,1,1.2,z
224,4807,148,11,c,185,792,41,21,2,25,28,74,2,11.3,z
225,4869,188,151,c,150,802,42,21,2,28,25,15,1,1.5,y
226,5016,84,94,b,0,826,43,22,2,21,23,74,1,7.6,z
227,5041,109,94,c,3,830,43,22,2,21,23,110,2,11.5,z
228,5042,5,94,b,0,830,43,22,2,21,23,110,3,11.6,z
229,5068,29,132,b,0,835,43,22,2,21,23,154,4,16.1,r
230,5087,110,13,b,0,838,43,22,2,21,23,179,5,19.1,z
231,5116,127,114,b,0,842,44,22,2,23,21,22,1,3.5,r
232,5140,3,115,c,109,846,44,22,2,23,21,47,2,7.5,r
233,5141,94,115,b,0,846,44,22,2,23,21,47,3,7.6,r
234,5157,129,113,st,84,849,44,22,2,23,21,60,4,10.4,z
235,5160,33,114,b,0,850,44,22,2,23,21,61,5,11.1,r
236,5172,128,113,st,84,851,44,22,2,23,21,86,6,12.6,z
237,5206,54,10,lbw,0,857,44,22,2,23,21,120,7,18.4,z
238,5250,71,123,b,0,864,45,23,2,24,22,39,1,5.6,y
239,5259,2,123,b,0,866,45,23,2,24,22,54,2,7.3,y
240,5293,137,9,b,0,872,45,23,2,24,22,93,3,13.1,y
241,5312,6,80,b,0,875,45,23,2,24,22,123,4,16.2,y
242,5316,144,80,b,0,875,45,23,2,24,22,128,5,16.6,y
243,5317,139,123,b,0,876,45,23,2,24,22,128,6,17.1,y
244,5339,73,142,b,0,879,46,23,2,22,24,7,1,0.5,y
245,5403,120,143,b,0,890,46,23,2,22,24,97,2,11.1,y
246,5431,121,12,c,139,894,46,23,2,22,24,132,3,15.5,y
247,5436,15,6,b,0,895,46,23,2,22,24,133,4,16.4,y
248,5438,8,6,c,139,895,46,23,2,22,24,133,5,16.6,y
249,5546,172,114,b,0,914,47,24,2,27,21,139,1,15.4,g
250,5570,4,115,b,0,918,47,24,2,27,21,179,2,19.4,g
251,5589,84,179,lbw,0,921,48,24,2,21,27,18,1,2.5,g
252,5596,29,81,c,175,922,48,24,2,21,27,30,2,3.6,y
253,5612,5,81,b,0,925,48,24,2,21,27,51,3,6.4,g
254,5634,110,177,b,0,928,48,24,2,21,27,82,4,9.4,y
255,5642,113,178,c,177,929,48,24,2,21,27,87,5,10.6,g
256,5681,109,78,b,0,936,48,24,2,21,27,138,6,17.3,y
257,5697,88,14,b,0,939,49,25,2,25,26,0,1,0.1,y
258,5782,147,163,c,162,952,49,25,2,25,26,109,2,13.5,y
259,5787,87,165,b,0,953,49,25,2,25,26,111,3,14.4,y
260,5824,56,156,b,0,959,50,25,2,26,25,11,1,0.5,y
261,5826,159,91,b,0,960,50,25,2,26,25,12,2,1.1,y
262,5831,160,91,b,0,960,50,25,2,26,25,16,3,1.6,y
263,5835,1,156,b,0,961,50,25,2,26,25,22,4,2.4,y
264,5839,59,91,b,0,962,50,25,2,26,25,26,5,3.2,y
265,5843,162,91,b,0,962,50,25,2,26,25,26,6,3.6,y
266,5847,163,156,b,0,963,50,25,2,26,25,33,7,4.4,y
267,5873,14,151,c,87,967,50,25,2,26,25,55,8,8.6,y
268,5905,164,151,b,0,973,50,25,2,26,25,88,9,14.2,y
269,5935,165,152,c,31,978,50,25,2,26,25,121,10,19.2,y
270,6009,188,33,b,0,990,51,26,2,28,23,99,1,11.6,z
271,6032,184,33,c,94,994,51,26,2,28,23,142,2,15.5,z
272,6056,61,131,c,3,998,51,26,2,28,23,181,3,19.5,z
273,6079,3,189,c,187,1002,52,26,2,23,28,34,1,3.4,z
274,6197,56,179,b,0,1021,53,27,2,26,27,20,1,2.5,r
275,6203,159,78,b,0,1022,53,27,2,26,27,21,2,3.5,y
276,6244,59,178,b,0,1029,53,27,2,26,27,81,3,10.3,r
277,6277,1,177,b,0,1034,53,27,2,26,27,131,4,15.3,y
278,6298,82,179,c,175,1037,53,27,2,26,27,151,5,18.6,r
279,6315,172,14,b,0,1040,54,27,2,27,26,18,1,1.5,y
280,6338,171,163,b,0,1044,54,27,2,27,26,55,2,5.4,y
281,6355,173,168,b,0,1047,54,27,2,27,26,79,3,8.2,r
282,6362,174,163,b,0,1048,54,27,2,27,26,84,4,9.3,y
283,6383,180,166,b,0,1051,54,27,2,27,26,116,5,12.6,r
284,6417,127,125,b,0,1057,55,28,2,23,22,2,1,0.5,y
285,6446,3,9,b,0,1062,55,28,2,23,22,44,2,5.4,y
286,6509,128,125,b,0,1072,55,28,2,23,22,141,3,15.6,y
287,6514,94,80,c,123,1073,55,28,2,23,22,144,4,16.5,y
288,6526,33,126,b,0,1075,55,28,2,23,22,163,5,18.5,y
289,6579,73,131,c,128,1084,56,28,2,22,23,60,1,7.4,y
290,6596,121,131,b,0,1086,56,28,2,22,23,88,2,9.6,y
291,6645,1,6,b,0,1095,57,29,2,26,24,6,1,0.2,y
292,6707,159,140,b,0,1105,57,29,2,26,24,87,2,10.1,y
293,6744,56,12,b,0,1111,57,29,2,26,24,141,3,16.2,y
294,6756,82,12,b,0,1113,57,29,2,26,24,164,4,18.2,y
295,6777,71,14,b,0,1116,58,29,2,24,26,15,1,1.5,y
296,6792,57,14,b,0,1119,58,29,2,24,26,28,2,4.2,g
297,6796,137,14,c,161,1119,58,29,2,24,26,28,3,4.6,g
298,6800,144,162,b,0,1120,58,29,2,24,26,29,4,5.4,y
299,6822,140,163,b,0,1124,58,29,2,24,26,47,5,9.2,y
300,6823,6,163,c,159,1124,58,29,2,24,26,47,6,9.3,y
301,6857,2,163,b,0,1130,58,29,2,24,26,101,7,15.1,y
302,6876,145,167,b,0,1133,58,29,2,24,26,127,8,18.2,g
303,6889,184,179,b,0,1135,59,30,2,28,27,0,1,0.3,y
304,6898,186,181,st,4,1136,59,30,2,28,27,8,2,1.5,y
305,6946,185,177,b,0,1144,59,30,2,28,27,67,3,9.5,y
306,7005,187,78,c,172,1154,59,30,2,28,27,170,4,19.3,y
307,7093,171,188,b,0,1168,60,30,2,27,28,128,1,13.4,y
308,7095,172,188,b,0,1168,60,30,2,27,28,129,2,13.6,y
309,7098,180,189,c,186,1169,60,30,2,27,28,130,3,14.3,y
310,7106,4,188,b,0,1170,60,30,2,27,28,137,4,15.4,y
311,7149,29,151,b,0,1177,61,31,2,21,25,34,1,3.5,y
312,7163,45,67,b,0,1180,61,31,2,21,25,51,2,6.1,r
313,7249,149,10,b,0,1194,62,31,2,25,21,1,1,0.2,r
314,7250,148,10,b,0,1194,62,31,2,25,21,1,2,0.3,r
315,7259,31,117,b,0,1195,62,31,2,25,21,12,3,1.6,y
316,7270,147,117,b,0,1197,62,31,2,25,21,19,4,3.5,y
317,7281,150,117,b,0,1199,62,31,2,25,21,37,5,5.4,y
318,7286,87,114,b,0,1200,62,31,2,25,21,43,6,6.3,r
319,7372,171,37,b,0,1214,63,32,2,27,24,2,1,0.5,y
320,7379,173,141,c,138,1215,63,32,2,27,24,11,2,1.6,z
321,7400,172,142,c,140,1219,63,32,2,27,24,40,3,5.1,z
322,7417,174,6,b,0,1221,63,32,2,27,24,66,4,7.5,z
323,7443,177,142,b,0,1226,63,32,2,27,24,97,5,12.1,y
324,7476,81,37,b,0,1231,63,32,2,27,24,133,6,17.4,z
325,7499,2,181,c,174,1235,64,32,2,24,27,10,1,1.3,z
326,7531,137,78,b,0,1240,64,32,2,24,27,48,2,6.4,y
327,7541,71,81,b,0,1242,64,32,2,24,27,59,3,8.2,y
328,7557,139,81,b,0,1244,64,32,2,24,27,79,4,10.6,y
329,7598,138,81,b,0,1251,64,32,2,24,27,155,5,17.4,z
330,7609,147,50,b,0,1253,65,33,2,25,22,1,1,0.4,y
331,7647,157,124,c,122,1259,65,33,2,25,22,53,2,6.5,y
332,7648,148,124,b,0,1259,65,33,2,25,22,53,3,6.6,y
333,7669,87,124,b,0,1263,65,33,2,25,22,75,4,10.3,y
334,7735,120,91,b,0,1274,66,33,2,22,25,9,1,1.2,y
335,7749,121,91,b,0,1276,66,33,2,22,25,29,2,3.4,y
336,7807,73,151,b,0,1286,66,33,2,22,25,108,3,13.2,y
337,7815,122,153,b,0,1287,66,33,2,22,25,112,4,14.4,g
338,7818,8,151,b,0,1288,66,33,2,22,25,112,5,15.1,y
339,7830,9,91,c,87,1290,66,33,2,22,25,134,6,17.1,y
340,7837,124,153,b,0,1291,66,33,2,22,25,138,7,18.2,g
341,7857,84,191,b,0,1294,67,34,2,21,28,12,1,1.4,y
342,7922,29,188,b,0,1304,67,34,2,21,28,120,2,11.6,y
343,7988,185,114,b,0,1315,68,34,2,28,21,37,1,2.6,r
344,7991,184,117,b,0,1316,68,34,2,28,21,37,2,3.3,y
345,7994,187,117,b,0,1316,68,34,2,28,21,37,3,3.6,y
346,8003,186,117,c,110,1318,68,34,2,28,21,45,4,5.3,y
347,8009,61,114,lbw,0,1319,68,34,2,28,21,47,5,6.3,r
348,8084,189,10,c,110,1331,68,34,2,28,21,168,6,18.6,r
349,8094,56,134,b,0,1333,69,35,2,26,23,1,1,0.4,y
350,8105,1,134,b,0,1335,69,35,2,26,23,2,2,2.3,y
351,8119,82,134,b,0,1337,69,35,2,26,23,18,3,4.5,y
352,8131,159,13,c,129,1339,69,35,2,26,23,33,4,6.5,y
353,8194,162,134,b,0,1350,69,35,2,26,23,124,5,17.2,y
354,8266,127,166,c,161,1361,70,35,2,23,26,77,1,8.5,y
355,8295,3,163,b,0,1366,70,35,2,23,26,119,2,13.4,y
356,8307,33,163,b,0,1368,70,35,2,23,26,133,3,15.4,y
357,8313,128,162,c,159,1369,70,35,2,23,26,143,4,16.4,y
358,8317,49,14,b,0,1370,70,35,2,23,26,143,5,17.2,y
359,8324,133,162,c,161,1371,70,35,2,23,26,152,6,18.3,y
360,8383,119,152,b,0,1381,71,36,2,21,25,72,1,8.2,g
361,8436,29,67,b,0,1390,71,36,2,21,25,144,2,17.1,y
362,8446,45,153,c,31,1391,71,36,2,21,25,154,3,18.5,g
363,8453,109,156,c,147,1392,71,36,2,21,25,161,4,19.6,y
364,8489,157,117,b,0,1398,72,36,2,25,21,37,1,5.5,y
365,8492,147,112,c,109,1399,72,36,2,25,21,37,2,6.2,g
366,8515,148,112,b,0,1403,72,36,2,25,21,78,3,10.1,g
367,8544,150,98,b,0,1407,72,36,2,25,21,125,4,14.5,g
368,8561,155,114,c,110,1410,72,36,2,25,21,153,5,17.4,y
369,8563,31,114,c,5,1410,72,36,2,25,21,153,6,17.6,y
370,8582,73,191,b,0,1414,73,37,2,22,28,11,1,2.1,y
371,8607,120,189,lbw,0,1418,73,37,2,22,28,38,2,6.2,y
372,8641,122,192,b,0,1423,73,37,2,22,28,78,3,11.5,y
373,8663,8,192,b,0,1427,73,37,2,22,28,123,4,15.3,y
374,8668,9,188,b,0,1428,73,37,2,22,28,130,5,16.2,y
375,8672,123,188,c,61,1428,73,37,2,22,28,134,6,16.6,y
376,8676,126,191,b,0,1429,73,37,2,22,28,139,7,17.4,y
377,8680,121,188,b,0,1430,73,37,2,22,28,141,8,18.2,y
378,8789,184,125,b,0,1448,74,37,2,28,22,139,1,16.2,y
379,8792,185,125,b,0,1448,74,37,2,28,22,140,2,16.5,y
380,8812,1,142,b,0,1452,75,38,2,26,24,11,1,1.5,r
381,8829,56,37,b,0,1455,75,38,2,26,24,29,2,4.4,y
382,8887,170,142,b,0,1464,75,38,2,26,24,95,3,13.5,r
383,8897,59,37,b,0,1466,75,38,2,26,24,105,4,15.3,r
384,8926,71,14,b,0,1471,76,38,2,24,26,1,1,0.2,r
385,8969,137,163,b,0,1478,76,38,2,24,26,69,2,7.2,y
386,8979,138,168,c,59,1479,76,38,2,24,26,78,3,8.6,r
387,9058,172,135,b,0,1492,77,39,2,27,23,42,1,3.5,y
388,9087,173,13,b,0,1497,77,39,2,27,23,69,2,8.4,y
389,9126,174,130,b,0,1504,77,39,2,27,23,118,3,15.1,y
390,9133,171,131,b,0,1505,77,39,2,27,23,126,4,16.2,y
391,9140,81,130,b,0,1506,77,39,2,27,23,143,5,17.3,y
392,9145,4,54,c,128,1507,77,39,2,27,23,145,6,18.2,y
393,9181,127,179,b,0,1513,78,39,2,23,27,18,1,4.2,y
394,9188,128,181,b,0,1514,78,39,2,23,27,21,2,5.3,y
395,9381,71,61,b,0,1546,79,40,2,24,28,176,1,18.3,z
396,9402,184,12,c,138,1549,80,40,2,28,24,15,1,1.6,y
397,9413,185,142,b,0,1551,80,40,2,28,24,26,2,3.5,y
398,9464,7,6,c,139,1560,80,40,2,28,24,84,3,12.1,z
399,9494,61,142,b,0,1565,80,40,2,28,24,136,4,17.1,y
400,9540,3,156,c,155,1572,81,41,2,23,25,25,1,4.5,g
401,9545,128,67,b,0,1573,81,41,2,23,25,27,2,5.4,y
402,9625,60,156,b,0,1586,81,41,2,23,25,136,3,18.5,g
403,9647,157,13,c,3,1590,82,41,2,25,23,25,1,2.3,g
404,9725,148,130,b,0,1603,82,41,2,25,23,137,2,15.2,y
405,9731,147,54,b,0,1604,82,41,2,25,23,143,3,16.2,g
406,9746,171,50,b,0,1606,83,42,2,27,22,2,1,0.5,y
407,9758,173,50,b,0,1608,83,42,2,27,22,22,2,2.5,y
408,9765,174,124,b,0,1609,83,42,2,27,22,33,3,3.6,y
409,9787,4,126,b,0,1613,83,42,2,27,22,57,4,7.4,y
410,9789,172,126,b,0,1613,83,42,2,27,22,58,5,7.6,y
411,9816,81,9,b,0,1618,83,42,2,27,22,87,6,12.3,y
412,9838,183,9,b,0,1622,83,42,2,27,22,105,7,16.1,y
413,9850,78,9,b,0,1624,83,42,2,27,22,115,8,18.1,y
414,9852,181,9,b,0,1624,83,42,2,27,22,115,9,18.3,y
415,9853,179,9,b,0,1624,83,42,2,27,22,115,10,18.4,y
416,9860,73,177,b,0,1626,84,42,2,22,27,6,1,1.1,y
417,9867,120,181,b,0,1627,84,42,2,22,27,14,2,2.2,y
418,9930,121,78,b,0,1637,84,42,2,22,27,87,3,12.2,y
419,9942,122,78,c,177,1639,84,42,2,22,27,103,4,14.1,y
420,9946,9,78,b,0,1639,84,42,2,22,27,103,5,14.5,y
421,9966,29,146,b,0,1643,85,43,2,21,24,2,1,1.2,y
422,9969,45,146,b,0,1643,85,43,2,21,24,2,2,1.5,y
423,9976,109,142,b,0,1644,85,43,2,21,24,15,3,2.6,r
424,9981,5,146,b,0,1645,85,43,2,21,24,22,4,3.5,y
425,10064,110,12,b,0,1659,85,43,2,21,24,144,5,17.1,y
426,10091,2,117,b,0,1663,86,43,2,24,21,15,1,1.4,y
427,10138,71,118,b,0,1671,86,43,2,24,21,64,2,9.3,y
428,10159,137,10,b,0,1674,86,43,2,24,21,95,3,12.5,r
429,10167,138,114,b,0,1676,86,43,2,24,21,106,4,14.1,r
430,10172,6,114,lbw,0,1676,86,43,2,24,21,107,5,14.6,r
431,10178,139,118,c,109,1677,86,43,2,24,21,119,6,15.6,y
432,10197,140,10,b,0,1681,86,43,2,24,21,146,7,19.1,y
433,10236,157,181,st,4,1687,87,44,2,25,27,33,1,5.3,z
434,10245,147,177,b,0,1688,87,44,2,25,27,53,2,6.6,y
435,10253,148,177,b,0,1690,87,44,2,25,27,70,3,8.2,y
436,10263,150,178,b,0,1691,87,44,2,25,27,78,4,9.6,z
437,10314,155,52,b,0,1700,87,44,2,25,27,161,5,18.2,y
438,10328,171,55,b,0,1702,88,44,2,27,25,6,1,0.4,z
439,10332,172,156,b,0,1703,88,44,2,27,25,8,2,1.2,y
440,10361,174,55,c,151,1708,88,44,2,27,25,35,3,6.1,z
441,10392,173,151,b,0,1713,88,44,2,27,25,81,4,11.1,y
442,10409,175,151,c,155,1715,88,44,2,27,25,99,5,13.6,y
443,10416,177,152,c,147,1716,88,44,2,27,25,108,6,14.4,z
444,10422,178,67,c,157,1717,88,44,2,27,25,117,7,15.4,y
445,10433,4,156,b,0,1719,88,44,2,27,25,131,8,17.3,y
446,10451,43,14,b,0,1722,89,45,2,21,26,0,1,0.3,y
447,10503,45,165,b,0,1731,89,45,2,21,26,81,2,9.1,g
448,10582,1,114,b,0,1743,90,45,2,26,21,9,1,1.5,y
449,10598,56,118,b,0,1746,90,45,2,26,21,27,2,4.3,g
450,10626,159,113,b,0,1751,90,45,2,26,21,63,3,9.1,y
451,10648,59,112,c,110,1754,90,45,2,26,21,87,4,12.5,g
452,10681,170,10,b,0,1760,90,45,2,26,21,145,5,18.2,g
453,10714,73,91,b,0,1765,91,46,2,22,25,21,1,3.4,y
454,10733,121,152,b,0,1768,91,46,2,22,25,49,2,6.4,y
455,10763,120,151,c,31,1773,91,46,2,22,25,87,3,11.4,y
456,10766,122,152,b,0,1774,91,46,2,22,25,91,4,12.1,y
457,10785,9,87,b,0,1777,91,46,2,22,25,117,5,15.1,y
458,10788,8,87,b,0,1777,91,46,2,22,25,118,6,15.4,y
459,10813,126,91,b,0,1781,91,46,2,22,25,161,7,19.5,y
460,10870,88,9,b,0,1791,92,46,2,25,22,76,1,9.1,y
461,10912,148,126,c,122,1798,92,46,2,25,22,139,2,16.1,y
462,10926,84,37,b,0,1801,93,47,2,21,24,6,1,0.2,y
463,10977,45,6,b,0,1809,93,47,2,21,24,51,2,8.4,y
464,11018,29,142,b,0,1816,93,47,2,21,24,91,3,15.1,g
465,11034,5,142,b,0,1818,93,47,2,21,24,111,4,17.5,g
466,11056,2,117,b,0,1822,94,47,2,24,21,9,1,1.3,y
467,11058,137,117,b,0,1822,94,47,2,24,21,9,2,1.5,y
468,11070,138,117,b,0,1824,94,47,2,24,21,15,3,3.5,y
469,11093,71,117,b,0,1828,94,47,2,24,21,57,4,7.3,y
470,11106,140,10,b,0,1830,94,47,2,24,21,75,5,9.4,y
471,11125,139,112,c,5,1833,94,47,2,24,21,95,6,12.5,g
472,11179,29,124,b,0,1842,95,48,2,21,22,18,1,1.5,z
473,11264,45,80,c,123,1856,95,48,2,21,22,137,2,15.5,z
474,11289,119,126,c,9,1860,95,48,2,21,22,191,3,19.6,z
475,11341,120,113,b,0,1869,96,48,2,22,21,73,1,8.3,z
476,11347,73,112,c,110,1870,96,48,2,22,21,77,2,9.3,y
477,11385,121,114,b,0,1876,96,48,2,22,21,138,3,15.4,y
478,11400,122,10,b,0,1879,96,48,2,22,21,164,4,18.1,z
479,11433,29,91,b,0,1884,97,49,2,21,25,31,1,3.3,r
480,11488,45,153,b,0,1893,97,49,2,21,25,86,2,12.4,y
481,11505,84,87,b,0,1896,97,49,2,21,25,117,3,15.2,r
482,11514,5,153,b,0,1897,97,49,2,21,25,128,4,16.5,y
483,11517,112,87,c,148,1898,97,49,2,21,25,133,5,17.2,r
484,11535,88,10,b,0,1901,98,49,2,25,21,0,1,0.2,r
485,11668,28,41,b,0,1923,99,50,3,41,40,28,1,2.2,y
486,11691,3,135,lbw,0,1927,99,50,3,41,40,64,2,6.1,y
487,11694,121,135,b,0,1927,99,50,3,41,40,68,3,6.4,y
488,11697,148,23,b,0,1928,99,50,3,41,40,69,4,7.1,y
489,11757,62,41,c,18,1937,99,50,3,41,40,155,5,16.6,y
490,11767,228,41,b,0,1939,99,50,3,41,40,173,6,18.4,y
491,11799,18,130,lbw,0,1944,100,50,3,40,41,23,1,3.5,y
492,11813,29,38,lbw,0,1947,100,50,3,40,41,39,2,6.1,y
493,11825,59,38,c,3,1949,100,50,3,40,41,51,3,8.1,y
494,11871,32,229,c,148,1956,100,50,3,40,41,101,4,15.4,y
495,11882,19,62,b,0,1958,100,50,3,40,41,125,5,17.3,y
496,11891,6,229,b,0,1959,100,50,3,40,41,153,6,18.6,y
497,11935,84,12,b,0,1966,101,51,3,39,42,41,1,5.6,r
498,11946,56,11,c,85,1968,101,51,3,39,42,55,2,7.4,r
499,11951,222,9,lbw,0,1969,101,51,3,39,42,63,3,8.3,y
500,11994,88,54,c,60,1976,101,51,3,39,42,131,4,15.3,r
501,12020,109,12,b,0,1980,101,51,3,39,42,176,5,19.5,r
502,12267,1,213,b,0,2020,104,52,3,34,35,11,1,1.6,y
503,12277,2,213,lbw,0,2022,104,52,3,34,35,24,2,3.4,y
504,12284,207,78,c,30,2023,104,52,3,34,35,25,3,4.5,y
505,12345,208,188,b,0,2033,104,52,3,34,35,126,4,14.5,y
506,12347,184,35,lbw,0,2034,104,52,3,34,35,126,5,15.1,y
507,12369,61,78,b,0,2037,104,52,3,34,35,176,6,18.5,y
508,12375,81,214,b,0,2038,104,52,3,34,35,182,7,19.5,y
509,12397,199,198,lbw,0,2042,105,53,3,32,31,16,1,3.3,g
510,12419,74,93,c,93,2046,105,53,3,32,31,44,2,7.1,g
511,12424,200,93,b,0,2046,105,53,3,32,31,52,3,7.6,g
512,12446,159,198,b,0,2050,105,53,3,32,31,93,4,11.4,g
513,12456,201,145,b,0,2052,105,53,3,32,31,116,5,13.1,g
514,12488,50,36,lbw,0,2057,105,53,3,32,31,187,6,18.3,y
515,12530,195,203,c,74,2064,106,53,3,31,32,54,1,5.1,y
516,12536,197,92,c,199,2065,106,53,3,31,32,59,2,6.1,g
517,12570,196,199,c,50,2070,106,53,3,31,32,103,3,11.4,y
518,12584,194,199,b,0,2072,106,53,3,31,32,131,4,13.5,y
519,12616,5,203,b,0,2078,106,53,3,31,32,192,5,19.1,y
520,12678,73,221,b,0,2088,107,54,3,37,38,82,1,9.1,y
521,12689,40,33,b,0,2089,107,54,3,37,38,95,2,10.6,r
522,12775,157,27,b,0,2104,108,54,3,38,37,51,1,5.1,y
523,12837,45,27,c,138,2114,108,54,3,38,37,135,2,15.3,y
524,12849,218,52,b,0,2116,108,54,3,38,37,148,3,17.3,y
525,12878,204,162,c,215,2121,109,55,3,33,36,23,1,2.2,y
526,12929,95,53,b,0,2129,109,55,3,33,36,101,2,10.3,y
527,12965,46,162,lbw,0,2135,109,55,3,33,36,171,3,16.3,y
528,12967,205,162,b,0,2135,109,55,3,33,36,171,4,16.5,y
529,12986,98,53,c,31,2138,109,55,3,33,36,210,5,19.6,y
530,12995,216,89,b,0,2140,110,55,3,36,33,6,1,1.3,y
531,13011,215,89,lbw,0,2142,110,55,3,36,33,28,2,3.6,y
532,13055,31,39,c,205,2150,110,55,3,36,33,111,3,11.2,y
533,13064,87,98,st,205,2151,110,55,3,36,33,117,4,12.5,y
534,13072,82,39,c,95,2152,110,55,3,36,33,131,5,13.6,y
535,13093,94,206,c,39,2156,110,55,3,36,33,161,6,17.3,y
536,13098,7,79,c,46,2157,110,55,3,36,33,167,7,18.2,y
537,13135,56,225,b,0,2163,111,56,3,39,40,51,1,4.3,y
538,13139,222,126,b,0,2164,111,56,3,39,40,56,2,5.1,r
539,13145,84,226,lbw,0,2165,111,56,3,39,40,57,3,6.1,y
540,13196,86,41,b,0,2173,111,56,3,39,40,129,4,14.2,y
541,13208,88,225,b,0,2175,111,56,3,39,40,140,5,16.2,y
542,13212,109,225,lbw,0,2175,111,56,3,39,40,141,6,16.6,y
543,13215,112,126,b,0,2176,111,56,3,39,40,141,7,17.3,r
544,13274,29,112,b,0,2186,112,56,3,40,39,85,1,7.2,r
545,13329,219,229,b,0,2195,113,57,3,38,41,11,1,1.4,y
546,13386,45,229,lbw,0,2205,113,57,3,38,41,77,2,11.1,y
547,13390,157,229,b,0,2205,113,57,3,38,41,78,3,11.5,y
548,13393,33,38,b,0,2206,113,57,3,38,41,82,4,12.2,z
549,13402,175,55,c,148,2207,113,57,3,38,41,91,5,13.5,y
550,13458,28,125,lbw,0,2216,114,57,3,41,38,20,1,2.6,y
551,13503,3,220,b,0,2224,114,57,3,41,38,95,2,10.2,y
552,13533,227,33,c,157,2229,114,57,3,41,38,133,3,15.2,z
553,13536,121,33,c,175,2229,114,57,3,41,38,138,4,15.5,z
554,13549,71,52,b,0,2231,115,58,3,42,37,8,1,0.6,y
555,13561,85,52,c,40,2233,115,58,3,42,37,20,2,2.6,y
556,13568,231,52,b,0,2235,115,58,3,42,37,29,3,4.1,y
557,13604,173,105,lbw,0,2241,115,58,3,42,37,71,4,10.1,y
558,13643,9,27,c,138,2247,115,58,3,42,37,141,5,16.4,y
559,13657,22,27,c,49,2249,115,58,3,42,37,157,6,18.6,y
560,13658,60,63,b,0,2250,115,58,3,42,37,157,7,19.1,g
561,13703,83,11,b,0,2257,116,58,3,37,42,48,1,6.4,g
562,13707,73,9,b,0,2258,116,58,3,37,42,51,2,7.2,y
563,13752,138,167,c,71,2265,116,58,3,37,42,125,3,14.4,g
564,13754,8,167,b,0,2265,116,58,3,37,42,131,4,14.6,g
565,13758,49,22,b,0,2266,116,58,3,37,42,136,5,15.4,y
566,13768,63,12,b,0,2268,116,58,3,37,42,148,6,17.2,y
567,13775,105,167,b,0,2269,116,58,3,37,42,157,7,18.3,g
568,13782,40,12,c,9,2270,116,58,3,37,42,163,8,19.4,y
569,13789,194,35,lbw,0,2271,117,59,3,31,35,3,1,0.5,r
570,13894,195,35,lbw,0,2289,117,59,3,31,35,193,2,18.1,r
571,13915,210,198,lbw,0,2292,118,59,3,35,31,10,1,1.4,r
572,13920,188,36,c,36,2293,118,59,3,35,31,10,2,2.3,y
573,13958,30,113,b,0,2299,118,59,3,35,31,60,3,8.3,y
574,13961,139,113,lbw,0,2299,118,59,3,35,31,66,4,8.6,y
575,13963,212,198,b,0,2300,118,59,3,35,31,67,5,9.2,r
576,13984,211,113,b,0,2303,118,59,3,35,31,93,6,12.5,y
577,13985,35,113,b,0,2303,118,59,3,35,31,93,7,12.6,y
578,14007,64,36,b,0,2307,118,59,3,35,31,115,8,16.3,y
579,14010,78,36,c,36,2307,118,59,3,35,31,115,9,16.6,y
580,14016,213,93,b,0,2308,118,59,3,35,31,117,10,17.6,r
581,14023,180,233,b,0,2310,119,60,3,33,32,9,1,1.1,y
582,14034,95,10,c,74,2311,119,60,3,33,32,32,2,2.6,g
583,14035,204,50,lbw,0,2312,119,60,3,33,32,32,3,3.1,y
584,14046,46,233,b,0,2313,119,60,3,33,32,46,4,4.6,g
585,14075,98,199,b,0,2318,119,60,3,33,32,88,5,9.5,y
586,14128,140,10,b,0,2327,119,60,3,33,32,177,6,18.4,g
587,14149,199,140,b,0,2331,120,60,3,32,33,7,1,2.1,y
588,14177,200,164,lbw,0,2335,120,60,3,32,33,45,2,6.5,y
589,14178,74,164,lbw,0,2335,120,60,3,32,33,45,3,6.6,y
590,14182,128,39,lbw,0,2336,120,60,3,32,33,48,4,7.4,g
591,14210,201,140,b,0,2341,120,60,3,32,33,121,5,12.2,y
592,14246,50,89,b,0,2347,120,60,3,32,33,171,6,18.2,y
593,14279,1,134,b,0,2352,121,61,3,34,36,37,1,3.6,y
594,14285,184,162,c,215,2353,121,61,3,34,36,42,2,4.6,y
595,14327,208,94,b,0,2360,121,61,3,34,36,96,3,11.5,y
596,14354,110,87,b,0,2365,121,61,3,34,36,145,4,16.2,y
597,14393,215,91,b,0,2371,122,61,3,36,34,34,1,2.5,y
598,14427,216,235,b,0,2377,122,61,3,36,34,97,2,8.3,y
599,14443,87,91,b,0,2380,122,61,3,36,34,128,3,11.1,y
600,14450,7,234,lbw,0,2381,122,61,3,36,34,137,4,12.2,y
601,14472,83,14,b,0,2385,123,62,3,37,39,0,1,0.5,y
602,14533,73,223,c,86,2395,123,62,3,37,39,71,2,10.5,y
603,14537,138,163,lbw,0,2396,123,62,3,37,39,72,3,11.3,y
604,14609,88,27,b,0,2408,124,62,3,39,37,28,1,3.3,y
605,14635,56,13,lbw,0,2412,124,62,3,39,37,47,2,7.5,y
606,14641,84,105,b,0,2413,124,62,3,39,37,60,3,8.5,y
607,14649,86,105,b,0,2415,124,62,3,39,37,68,4,10.1,y
608,14653,109,105,b,0,2415,124,62,3,39,37,70,5,10.5,y
609,14674,48,63,b,0,2419,124,62,3,39,37,94,6,14.2,y
610,14677,112,63,b,0,2419,124,62,3,39,37,100,7,14.5,y
611,14701,163,52,b,0,2423,124,62,3,39,37,134,8,18.5,y
612,14752,219,135,b,0,2432,125,63,3,38,40,60,1,7.2,y
613,14765,45,135,c,18,2434,125,63,3,38,40,72,2,9.3,y
614,14774,218,23,c,6,2435,125,63,3,38,40,77,3,10.6,g
615,14779,157,32,b,0,2436,125,63,3,38,40,85,4,11.5,y
616,14800,175,225,b,0,2440,125,63,3,38,40,104,5,15.2,y
617,14811,220,225,c,59,2442,125,63,3,38,40,124,6,17.1,y
618,14822,125,41,b,0,2443,125,63,3,38,40,137,7,18.6,g
619,14865,29,220,b,0,2451,126,63,3,40,38,54,1,6.1,y
620,14921,19,33,c,220,2460,126,63,3,40,38,141,2,15.3,g
621,14922,18,33,b,0,2460,126,63,3,40,38,141,3,15.4,g
622,14927,6,220,b,0,2461,126,63,3,40,38,144,4,16.3,y
623,14965,204,26,b,0,2468,127,64,3,33,34,34,1,5.4,g
624,14991,180,61,c,184,2472,127,64,3,33,34,66,2,9.5,g
625,14996,95,234,c,1,2473,127,64,3,33,34,74,3,10.4,y
626,14998,46,234,b,0,2473,127,64,3,33,34,75,4,10.6,y
627,15038,205,26,c,81,2480,127,64,3,33,34,122,5,17.4,g
628,15048,98,61,b,0,2482,127,64,3,33,34,127,6,19.2,g
629,15085,2,80,c,205,2488,128,64,3,34,33,62,1,5.3,g
630,15138,231,62,lbw,0,2497,129,65,3,42,41,5,1,0.4,y
631,15161,71,62,b,0,2501,129,65,3,42,41,24,2,4.3,y
632,15197,173,229,b,0,2507,129,65,3,42,41,80,3,10.3,y
633,15208,60,38,b,0,2509,129,65,3,42,41,88,4,12.2,y
634,15230,9,230,c,28,2512,129,65,3,42,41,125,5,15.6,r
635,15251,22,230,b,0,2516,129,65,3,42,41,155,6,19.3,r
636,15271,227,54,b,0,2519,130,65,3,41,42,19,1,2.5,r
637,15281,3,54,b,0,2521,130,65,3,41,42,37,2,4.3,r
638,15303,121,11,c,173,2525,130,65,3,41,42,67,3,8.1,r
639,15345,28,12,b,0,2532,130,65,3,41,42,141,4,15.1,y
640,15364,188,233,b,0,2535,131,66,3,35,32,15,1,1.4,y
641,15389,30,203,b,0,2539,131,66,3,35,32,61,2,5.5,y
642,15421,210,50,c,74,2544,131,66,3,35,32,110,3,10.4,y
643,15464,237,233,b,0,2551,131,66,3,35,32,180,4,17.5,y
644,15467,211,10,b,0,2552,131,66,3,35,32,180,5,18.2,y
645,15477,212,203,b,0,2553,131,66,3,35,32,191,6,19.6,y
646,15488,199,78,b,0,2555,132,66,3,32,35,8,1,1.5,y
647,15512,200,188,b,0,2559,132,66,3,32,35,50,2,5.5,y
648,15526,128,213,b,0,2562,132,66,3,32,35,89,3,8.1,y
649,15556,159,188,b,0,2567,132,66,3,32,35,121,4,13.1,y
650,15602,216,36,c,197,2574,133,67,3,36,31,12,1,1.6,y
651,15624,215,93,b,0,2578,133,67,3,36,31,27,2,5.4,y
652,15688,87,36,lbw,0,2589,133,67,3,36,31,123,3,16.1,z
653,15698,7,93,lbw,0,2590,133,67,3,36,31,144,4,17.5,y
654,15710,31,36,b,0,2592,133,67,3,36,31,167,5,19.5,y
655,15724,195,94,lbw,0,2595,134,67,3,31,36,20,1,2.1,y
656,15730,196,53,c,162,2596,134,67,3,31,36,27,2,3.1,z
657,15749,197,24,b,0,2599,134,67,3,31,36,47,3,6.1,y
658,15814,5,24,b,0,2609,134,67,3,31,36,150,4,16.3,y
659,15821,113,87,c,53,2610,134,67,3,31,36,161,5,17.4,z
660,15923,138,230,b,0,2628,135,68,3,37,41,163,1,16.1,g
661,15926,83,230,b,0,2628,135,68,3,37,41,164,2,16.4,g
662,15929,8,62,b,0,2629,135,68,3,37,41,164,3,17.1,y
663,15977,227,27,b,0,2636,136,68,3,41,37,56,1,4.6,y
664,15993,28,63,lbw,0,2639,136,68,3,41,37,78,2,7.4,g
665,16033,3,105,b,0,2646,136,68,3,41,37,135,3,14.2,y
666,16056,148,52,b,0,2650,136,68,3,41,37,185,4,18.1,y
667,16068,231,41,b,0,2652,137,69,3,42,40,3,1,0.4,y
668,16131,71,135,b,0,2662,137,69,3,42,40,78,2,10.5,y
669,16137,173,226,b,0,2663,137,69,3,42,40,81,3,11.5,z
670,16180,60,41,b,0,2670,137,69,3,42,40,152,4,18.6,y
671,16255,18,22,c,9,2682,138,69,3,40,42,114,1,10.6,z
672,16257,29,12,lbw,0,2683,138,69,3,40,42,114,2,11.2,y
673,16286,19,54,c,60,2688,138,69,3,40,42,152,3,16.1,z
674,16340,195,61,b,0,2697,139,70,3,31,34,66,1,7.3,g
675,16343,196,61,lbw,0,2697,139,70,3,31,34,66,2,7.6,g
676,16372,197,234,c,208,2702,139,70,3,31,34,120,3,12.4,y
677,16388,194,81,b,0,2705,139,70,3,31,34,146,4,15.2,g
678,16457,184,177,c,195,2716,140,70,3,34,31,69,1,6.5,y
679,16469,2,177,c,145,2718,140,70,3,34,31,76,2,8.5,y
680,16512,208,93,c,36,2725,140,70,3,34,31,159,3,15.6,g
681,16525,61,36,b,0,2728,140,70,3,34,31,184,4,18.1,y
682,16528,110,36,b,0,2728,140,70,3,34,31,184,5,18.4,y
683,16557,216,233,b,0,2733,141,71,3,36,32,18,1,3.3,y
684,16581,31,50,lbw,0,2737,141,71,3,36,32,53,2,7.2,y
685,16582,87,50,b,0,2737,141,71,3,36,32,53,3,7.3,y
686,16592,215,50,b,0,2739,141,71,3,36,32,62,4,9.1,y
687,16596,7,50,b,0,2739,141,71,3,36,32,63,5,9.5,y
688,16611,82,201,lbw,0,2742,141,71,3,36,32,89,6,12.2,y
689,16618,94,203,b,0,2743,141,71,3,36,32,93,7,13.3,y
690,16625,24,201,b,0,2744,141,71,3,36,32,102,8,14.4,y
691,16630,53,10,b,0,2745,141,71,3,36,32,103,9,15.3,y
692,16645,134,10,c,10,2747,141,71,3,36,32,113,10,17.6,y
693,16661,159,162,b,0,2750,142,71,3,32,36,23,1,2.3,y
694,16667,200,94,lbw,0,2751,142,71,3,32,36,24,2,3.3,y
695,16670,199,94,lbw,0,2751,142,71,3,32,36,25,3,3.6,y
696,16676,74,162,b,0,2752,142,71,3,32,36,32,4,4.6,y
697,16708,201,94,b,0,2758,142,71,3,32,36,108,5,10.2,y
698,16725,210,140,b,0,2761,143,72,3,35,33,18,1,2.1,y
699,16751,211,80,c,95,2765,143,72,3,35,33,40,2,6.3,y
700,16769,30,206,b,0,2768,143,72,3,35,33,69,3,9.2,r
701,16791,237,39,st,205,2771,143,72,3,35,33,102,4,12.5,y
702,16817,139,206,c,140,2776,143,72,3,35,33,148,5,17.1,r
703,16833,64,206,b,0,2778,143,72,3,35,33,168,6,19.5,r
704,16850,204,35,lbw,0,2781,144,72,3,33,35,16,1,2.3,r
705,16867,180,188,b,0,2784,144,72,3,33,35,52,2,5.2,y
706,16908,95,64,b,0,2790,144,72,3,33,35,117,3,11.6,y
707,16930,98,188,b,0,2794,144,72,3,33,35,145,4,15.4,y
708,16943,46,213,c,78,2796,144,72,3,33,35,168,5,17.5,y
709,16948,29,52,b,0,2798,145,73,3,40,37,0,1,0.3,y
710,16956,19,49,b,0,2799,145,73,3,40,37,7,2,1.5,g
711,16961,18,52,lbw,0,2800,145,73,3,40,37,7,3,2.4,y
712,16983,59,105,b,0,2804,145,73,3,40,37,39,4,6.2,y
713,17009,32,27,c,63,2808,145,73,3,40,37,74,5,10.4,y
714,17060,23,52,c,27,2816,145,73,3,40,37,153,6,18.6,y
715,17087,138,135,lbw,0,2821,146,73,3,37,40,23,1,3.2,y
716,17165,73,126,c,23,2834,146,73,3,37,40,146,2,16.2,g
717,17265,43,221,b,0,2851,147,74,3,39,38,118,1,14.5,y
718,17274,88,220,c,125,2853,147,74,3,39,38,123,2,16.2,y
719,17279,86,33,b,0,2854,147,74,3,39,38,128,3,17.1,r
720,17296,109,125,b,0,2856,147,74,3,39,38,158,4,19.6,r
721,17363,157,48,c,163,2867,148,74,3,38,39,99,1,10.6,r
722,17388,238,106,lbw,0,2872,148,74,3,38,39,131,2,15.1,y
723,17389,219,106,b,0,2872,148,74,3,38,39,131,3,15.2,y
724,17393,33,106,b,0,2872,148,74,3,38,39,137,4,15.6,y
725,17394,45,14,b,0,2873,148,74,3,38,39,137,5,16.1,r
726,17409,34,14,lbw,0,2875,148,74,3,38,39,152,6,18.4,r
727,17437,180,113,c,5,2880,149,75,3,33,31,36,1,3.3,y
728,17442,95,198,lbw,0,2881,149,75,3,33,31,39,2,4.2,y
729,17505,46,177,b,0,2891,149,75,3,33,31,144,3,14.4,y
730,17520,239,198,b,0,2894,149,75,3,33,31,174,4,17.1,y
731,17541,195,132,lbw,0,2897,150,75,3,31,33,7,1,0.4,y
732,17547,194,89,b,0,2898,150,75,3,31,33,11,2,1.4,y
733,17565,197,140,c,46,2901,150,75,3,31,33,40,3,4.4,y
734,17566,5,140,b,0,2901,150,75,3,31,33,40,4,4.5,y
735,17604,196,140,st,205,2907,150,75,3,31,33,128,5,10.6,y
736,17666,216,35,b,0,2917,151,76,3,36,35,6,1,0.6,g
737,17683,31,64,lbw,0,2920,151,76,3,36,35,23,2,3.5,y
738,17771,147,214,b,0,2935,151,76,3,36,35,150,3,18.2,g
739,17801,210,94,b,0,2940,152,76,3,35,36,27,1,3.2,y
740,17841,30,24,lbw,0,2946,152,76,3,35,36,90,2,9.6,y
741,17873,211,162,b,0,2952,152,76,3,35,36,153,3,15.2,y
742,17875,139,162,b,0,2952,152,76,3,35,36,159,4,15.4,y
743,17945,2,50,lbw,0,2964,153,77,3,34,32,79,1,9.3,y
744,17966,1,199,b,0,2967,153,77,3,34,32,109,2,12.6,r
745,17992,184,233,lbw,0,2972,153,77,3,34,32,135,3,17.2,y
746,17999,61,10,b,0,2973,153,77,3,34,32,137,4,18.3,r
747,18030,199,26,b,0,2978,154,77,3,32,34,26,1,3.4,r
748,18114,74,61,b,0,2992,154,77,3,32,34,141,2,17.3,r
749,18118,128,26,b,0,2993,154,77,3,32,34,142,3,18.1,y
750,18142,28,233,b,0,2996,155,78,3,41,32,12,1,1.6,y
751,18150,3,233,b,0,2998,155,78,3,41,32,20,2,3.2,y
752,18162,121,233,b,0,3000,155,78,3,41,32,24,3,5.2,y
753,18169,228,50,b,0,3001,155,78,3,41,32,33,4,6.3,y
754,18243,148,203,b,0,3013,155,78,3,41,32,136,5,18.2,y
755,18281,159,62,lbw,0,3019,156,78,3,32,41,22,1,4.4,y
756,18286,200,230,b,0,3020,156,78,3,32,41,23,2,5.3,y
757,18348,199,229,b,0,3030,156,78,3,32,41,110,3,15.3,y
758,18352,74,230,c,228,3031,156,78,3,32,41,114,4,16.1,y
759,18357,128,230,b,0,3031,156,78,3,32,41,115,5,16.6,y
760,18359,201,62,lbw,0,3032,156,78,3,32,41,117,6,17.2,y
761,18362,233,62,b,0,3032,156,78,3,32,41,123,7,17.5,y
762,18365,50,230,c,178,3033,156,78,3,32,41,123,8,18.2,y
763,18373,10,229,lbw,0,3034,156,78,3,32,41,139,9,19.4,y
764,18381,29,198,b,0,3035,157,79,3,40,31,8,1,0.6,r
765,18466,18,145,c,197,3049,157,79,3,40,31,165,2,14.5,r
766,18470,6,36,b,0,3050,157,79,3,40,31,166,3,15.3,y
767,18481,32,36,lbw,0,3052,157,79,3,40,31,182,4,17.2,y
768,18489,19,93,b,0,3053,157,79,3,40,31,200,5,18.4,r
769,18598,194,126,b,0,3071,158,79,3,31,40,183,1,16.2,r
770,18608,195,225,b,0,3072,158,79,3,31,40,199,2,17.6,y
771,18609,196,126,b,0,3073,158,79,3,31,40,199,3,18.1,r
772,18702,18,229,b,0,3088,159,80,3,40,41,127,1,13.3,y
773,18732,29,62,b,0,3093,159,80,3,40,41,172,2,18.2,g
774,18756,28,226,b,0,3097,160,80,3,41,40,8,1,2.2,y
775,18758,3,226,b,0,3097,160,80,3,41,40,8,2,2.4,y
776,18760,227,226,lbw,0,3097,160,80,3,41,40,9,3,2.6,y
777,18775,121,126,b,0,3100,160,80,3,41,40,19,4,5.3,g
778,18784,228,226,b,0,3101,160,80,3,41,40,35,5,6.6,y
779,18834,148,6,b,0,3109,160,80,3,41,40,106,6,14.6,y
780,18843,62,6,b,0,3111,160,80,3,41,40,117,7,16.3,y
781,18861,178,126,b,0,3114,160,80,3,41,40,139,8,19.3,g
782,18863,229,126,c,126,3114,160,80,3,41,40,140,9,19.5,g
783,18868,2,98,b,0,3115,161,81,4,1,8,8,1,0.4,y
784,18882,1,98,b,0,3117,161,81,4,1,8,25,2,2.6,y
785,18924,4,105,c,99,3124,161,81,4,1,8,89,3,9.5,y
786,18933,3,105,b,0,3126,161,81,4,1,8,106,4,11.2,y
787,18989,100,10,b,0,3135,162,81,4,8,1,1,1,0.3,y
788,19016,97,13,c,4,3139,162,81,4,8,1,39,2,4.6,y
789,19028,99,13,b,0,3141,162,81,4,8,1,63,3,6.6,y
790,19042,98,126,b,0,3144,162,81,4,8,1,88,4,9.2,y
791,19085,96,10,lbw,0,3151,162,81,4,8,1,172,5,16.3,y
792,19091,254,126,b,0,3152,162,81,4,8,1,183,6,17.3,y
793,19118,57,52,b,0,3156,163,82,4,5,4,15,1,1.6,y
794,19124,56,54,lbw,0,3157,163,82,4,5,4,17,2,2.6,g
795,19138,60,220,b,0,3160,163,82,4,5,4,39,3,5.2,y
796,19174,59,50,b,0,3166,163,82,4,5,4,90,4,11.2,y
797,19207,61,220,c,48,3171,163,82,4,5,4,151,5,16.5,g
798,19216,62,54,lbw,0,3173,163,82,4,5,4,165,6,18.2,g
799,19219,139,54,b,0,3173,163,82,4,5,4,172,7,18.5,g
800,19261,180,250,b,0,3180,164,82,4,4,5,56,1,5.3,g
801,19270,43,64,c,62,3181,164,82,4,4,5,64,2,6.6,y
802,19313,205,62,b,0,3188,164,82,4,4,5,150,3,13.6,g
803,19331,45,188,c,139,3191,164,82,4,4,5,176,4,16.6,y
804,19350,83,22,b,0,3195,165,83,4,7,2,8,1,2.1,y
805,19361,88,26,c,216,3196,165,83,4,7,2,20,2,3.6,y
806,19424,222,22,lbw,0,3207,165,83,4,7,2,136,3,14.1,y
807,19457,84,27,c,23,3212,165,83,4,7,2,186,4,19.4,y
808,19461,18,91,lbw,0,3213,166,83,4,2,7,1,1,0.2,y
809,19463,16,91,b,0,3213,166,83,4,2,7,1,2,0.4,y
810,19483,19,162,c,88,3216,166,83,4,2,7,24,3,3.6,y
811,19487,216,93,lbw,0,3217,166,83,4,2,7,26,4,4.4,y
812,19491,23,162,b,0,3218,166,83,4,2,7,27,5,5.2,y
813,19498,241,93,c,222,3219,166,83,4,2,7,32,6,6.3,y
814,19524,201,91,b,0,3223,166,83,4,2,7,81,7,10.3,y
815,19536,27,91,b,0,3225,166,83,4,2,7,101,8,12.3,y
816,19537,230,91,lbw,0,3225,166,83,4,2,7,101,9,12.4,y
817,19538,26,91,b,0,3225,166,83,4,2,7,101,10,12.5,y
818,19545,29,80,c,74,3227,167,84,4,3,6,12,1,1.1,g
819,19546,31,80,c,71,3227,167,84,4,3,6,12,2,1.2,g
820,19579,28,251,st,71,3232,167,84,4,3,6,89,3,6.4,y
821,19641,32,78,lbw,0,3242,167,84,4,3,6,160,4,16.5,y
822,19648,195,81,b,0,3243,167,84,4,3,6,176,5,17.6,g
823,19699,71,35,b,0,3252,168,84,4,6,3,66,1,6.3,y
824,19732,73,198,b,0,3257,168,84,4,6,3,104,2,11.5,g
825,19737,128,226,b,0,3258,168,84,4,6,3,107,3,12.4,y
826,19757,72,39,b,0,3261,168,84,4,6,3,129,4,15.4,g
827,19768,82,35,b,0,3263,168,84,4,6,3,154,5,17.3,g
828,19785,1,234,b,0,3266,169,85,4,1,5,0,1,0.2,y
829,19793,2,65,b,0,3267,169,85,4,1,5,8,2,1.4,r
830,19809,3,234,b,0,3270,169,85,4,1,5,34,3,4.2,y
831,19882,173,65,c,123,3281,169,85,4,1,5,155,4,15.5,r
832,19911,56,10,b,0,3286,170,85,4,5,1,1,1,0.4,r
833,19925,58,10,b,0,3288,170,85,4,5,1,14,2,2.6,r
834,19926,60,12,b,0,3289,170,85,4,5,1,14,3,3.1,y
835,19930,139,12,b,0,3289,170,85,4,5,1,14,4,3.5,y
836,19974,62,9,b,0,3297,170,85,4,5,1,80,5,11.1,y
837,19990,59,9,b,0,3299,170,85,4,5,1,97,6,13.5,y
838,20018,61,10,b,0,3304,170,85,4,5,1,141,7,18.3,r
839,20022,188,126,b,0,3305,170,85,4,5,1,148,8,19.1,y
840,20030,83,52,b,0,3306,171,86,4,7,4,0,1,0.3,y
841,20036,222,54,b,0,3307,171,86,4,7,4,5,2,1.3,r
842,20056,88,50,b,0,3310,171,86,4,7,4,25,3,4.5,y
843,20127,87,52,b,0,3322,171,86,4,7,4,145,4,16.4,y
844,20164,205,89,b,0,3328,172,86,4,4,7,19,1,2.5,r
845,20171,45,91,lbw,0,3329,172,86,4,4,7,26,2,3.6,y
846,20181,43,162,b,0,3331,172,86,4,4,7,35,3,5.4,y
847,20208,46,92,c,86,3336,172,86,4,4,7,83,4,10.1,r
848,20212,231,92,b,0,3336,172,86,4,4,7,92,5,10.5,r
849,20269,96,36,c,195,3346,173,87,4,8,3,0,1,0.3,y
850,20302,97,203,b,0,3351,173,87,4,8,3,45,2,5.6,y
851,20318,98,32,lbw,0,3354,173,87,4,8,3,64,3,8.4,y
852,20371,100,35,c,29,3363,173,87,4,8,3,141,4,17.2,y
853,20396,28,105,b,0,3367,174,87,4,3,8,5,1,1.3,y
854,20401,31,258,b,0,3368,174,87,4,3,8,6,2,2.2,y
855,20505,29,108,lbw,0,3385,174,87,4,3,8,164,3,19.2,y
856,20556,216,81,lbw,0,3393,175,88,4,2,6,79,1,7.5,y
857,20562,16,78,b,0,3394,175,88,4,2,6,84,2,8.5,y
858,20571,18,78,b,0,3396,175,88,4,2,6,93,3,10.2,y
859,20575,19,78,lbw,0,3396,175,88,4,2,6,94,4,10.6,y
860,20586,23,78,b,0,3398,175,88,4,2,6,108,5,12.5,y
861,20614,241,81,b,0,3403,175,88,4,2,6,149,6,17.3,y
862,20619,22,229,c,82,3404,175,88,4,2,6,154,7,18.2,y
863,20655,71,25,b,0,3410,176,88,4,6,2,26,1,4.2,y
864,20659,73,25,b,0,3410,176,88,4,6,2,28,2,4.6,y
865,20727,72,25,b,0,3422,176,88,4,6,2,137,3,16.2,y
866,20728,82,25,lbw,0,3422,176,88,4,6,2,137,4,16.3,y
867,20735,128,27,b,0,3423,176,88,4,6,2,143,5,17.4,y
868,20742,81,26,c,241,3424,176,88,4,6,2,149,6,18.5,y
869,20763,58,35,b,0,3428,177,89,4,5,3,20,1,2.2,y
870,20777,56,35,b,0,3430,177,89,4,5,3,37,2,4.4,y
871,20818,60,233,b,0,3437,177,89,4,5,3,108,3,11.2,y
872,20819,139,233,lbw,0,3437,177,89,4,5,3,108,4,11.3,y
873,20874,28,234,c,58,3446,178,89,4,3,5,0,1,0.3,y
874,20900,29,234,b,0,3450,178,89,4,3,5,35,2,4.5,y
875,20920,195,188,c,60,3454,178,89,4,3,5,63,3,8.1,y
876,20922,32,188,b,0,3454,178,89,4,3,5,63,4,8.3,y
877,20951,31,65,b,0,3459,178,89,4,3,5,119,5,13.2,y
878,20953,33,65,b,0,3459,178,89,4,3,5,119,6,13.4,y
879,20958,199,188,b,0,3460,178,89,4,3,5,121,7,14.3,y
880,20961,35,188,b,0,3460,178,89,4,3,5,121,8,14.6,y
881,20975,39,65,b,0,3463,178,89,4,3,5,128,9,17.2,y
882,20987,198,62,c,58,3465,178,89,4,3,5,134,10,19.2,y
883,20998,2,26,lbw,0,3467,179,90,4,1,2,9,1,1.5,r
884,21004,172,25,b,0,3468,179,90,4,1,2,15,2,2.5,y
885,21009,4,26,b,0,3469,179,90,4,1,2,16,3,3.4,r
886,21054,3,23,c,201,3477,179,90,4,1,2,99,4,11.1,r
887,21074,6,27,c,18,3479,179,90,4,1,2,130,5,13.6,r
888,21075,173,22,b,0,3480,179,90,4,1,2,130,6,14.1,y
889,21132,18,12,b,0,3489,180,90,4,2,1,20,1,3.4,y
890,21151,16,13,b,0,3492,180,90,4,2,1,43,2,6.5,r
891,21155,19,9,lbw,0,3493,180,90,4,2,1,48,3,7.3,y
892,21156,201,9,b,0,3493,180,90,4,2,1,48,4,7.4,y
893,21167,23,9,b,0,3495,180,90,4,2,1,60,5,9.3,y
894,21185,216,126,b,0,3498,180,90,4,2,1,88,6,12.3,r
895,21196,22,13,b,0,3500,180,90,4,2,1,102,7,14.2,r
896,21199,27,13,b,0,3500,180,90,4,2,1,104,8,14.5,r
897,21200,25,13,c,126,3500,180,90,4,2,1,104,9,14.6,r
898,21201,241,12,b,0,3501,180,90,4,2,1,104,10,15.1,y
899,21208,72,52,lbw,0,3503,181,91,4,6,4,4,1,1.1,y
900,21213,73,52,b,0,3503,181,91,4,6,4,4,2,1.6,y
901,21219,71,54,lbw,0,3504,181,91,4,6,4,10,3,2.6,y
902,21271,74,50,b,0,3513,181,91,4,6,4,78,4,11.4,y
903,21272,82,50,b,0,3513,181,91,4,6,4,78,5,11.5,y
904,21278,81,55,st,245,3514,181,91,4,6,4,81,6,12.5,y
905,21286,78,55,st,245,3516,181,91,4,6,4,87,7,14.1,y
906,21301,229,50,b,0,3518,181,91,4,6,4,107,8,16.4,y
907,21304,128,52,b,0,3519,181,91,4,6,4,109,9,17.1,y
908,21313,79,220,b,0,3520,181,91,4,6,4,121,10,18.4,y
909,21337,43,79,b,0,3524,182,91,4,4,6,47,1,3.6,y
910,21344,205,79,b,0,3526,182,91,4,4,6,50,2,5.1,y
911,21345,46,79,b,0,3526,182,91,4,4,6,50,3,5.2,y
912,21377,45,229,b,0,3531,182,91,4,4,6,114,4,10.4,y
913,21393,100,89,b,0,3534,183,92,4,8,7,1,1,0.5,g
914,21412,96,91,b,0,3537,183,92,4,8,7,23,2,3.6,y
915,21460,99,87,b,0,3545,183,92,4,8,7,85,3,11.6,y
916,21467,98,87,lbw,0,3547,183,92,4,8,7,89,4,13.1,y
917,21470,101,87,b,0,3547,183,92,4,8,7,89,5,13.4,y
918,21516,83,257,b,0,3555,184,92,4,7,8,3,1,1.2,g
919,21552,222,108,lbw,0,3561,184,92,4,7,8,47,2,7.2,g
920,21638,58,229,b,0,3575,185,93,4,5,6,18,1,1.5,y
921,21655,57,78,b,0,3578,185,93,4,5,6,36,2,4.4,y
922,21708,59,236,st,71,3587,185,93,4,5,6,106,3,13.2,y
923,21772,71,188,c,60,3597,186,93,4,6,5,39,1,3.6,y
924,21780,73,62,b,0,3599,186,93,4,6,5,53,2,5.2,y
925,21796,128,62,b,0,3601,186,93,4,6,5,75,3,7.6,y
926,21800,72,234,c,58,3602,186,93,4,6,5,79,4,8.4,y
927,21826,82,188,lbw,0,3606,186,93,4,6,5,122,5,12.5,y
928,21864,74,61,b,0,3613,186,93,4,6,5,186,6,19.1,y
929,21891,2,52,b,0,3617,187,94,4,1,4,18,1,3.4,y
930,21913,3,50,c,48,3621,187,94,4,1,4,46,2,7.2,y
931,21925,4,50,c,45,3623,187,94,4,1,4,56,3,9.2,y
932,21926,173,50,c,43,3623,187,94,4,1,4,56,4,9.3,y
933,21941,172,50,b,0,3625,187,94,4,1,4,85,5,11.6,y
934,21943,9,220,c,205,3626,187,94,4,1,4,86,6,12.2,y
935,22010,205,12,b,0,3637,188,94,4,4,1,29,1,3.2,y
936,22034,43,13,b,0,3641,188,94,4,4,1,57,2,7.1,y
937,22041,46,9,c,4,3642,188,94,4,4,1,66,3,8.2,y
938,22057,45,9,c,2,3644,188,94,4,4,1,79,4,10.6,y
939,22088,231,10,c,173,3649,188,94,4,4,1,112,5,15.6,y
940,22098,48,10,c,9,3651,188,94,4,4,1,139,6,17.4,y
941,22117,83,36,lbw,0,3654,189,95,4,7,3,5,1,0.5,y
942,22125,222,36,b,0,3656,189,95,4,7,3,9,2,2.1,y
943,22134,84,35,b,0,3657,189,95,4,7,3,10,3,3.4,y
944,22149,86,233,lbw,0,3660,189,95,4,7,3,17,4,6.1,y
945,22157,87,226,lbw,0,3661,189,95,4,7,3,34,5,7.3,y
946,22158,162,226,b,0,3661,189,95,4,7,3,34,6,7.4,y
947,22208,225,203,lbw,0,3669,189,95,4,7,3,112,7,15.6,y
948,22226,88,233,b,0,3672,189,95,4,7,3,132,8,18.6,y
949,22247,29,93,lbw,0,3676,190,95,4,3,7,19,1,2.3,y
950,22294,28,93,b,0,3684,190,95,4,3,7,96,2,10.2,y
951,22318,216,257,b,0,3688,191,96,4,2,8,10,1,0.6,r
952,22348,16,105,b,0,3693,191,96,4,2,8,59,2,5.6,y
953,22430,19,257,c,101,3707,191,96,4,2,8,198,3,19.3,y
954,22479,96,23,b,0,3715,192,96,4,8,2,91,1,7.4,r
955,22496,97,201,b,0,3718,192,96,4,8,2,106,2,10.3,y
956,22506,98,201,c,19,3720,192,96,4,8,2,116,3,12.1,y
957,22519,100,201,c,16,3722,192,96,4,8,2,133,4,14.2,y
958,22532,101,25,lbw,0,3724,192,96,4,8,2,159,5,16.3,y
959,22548,254,27,b,0,3727,192,96,4,8,2,190,6,19.1,r
960,22553,99,27,b,0,3727,192,96,4,8,2,197,7,19.6,r
961,22582,72,225,c,86,3732,193,97,4,6,7,48,1,4.4,y
962,22603,71,92,c,88,3735,193,97,4,6,7,63,2,7.6,r
963,22630,74,87,lbw,0,3740,193,97,4,6,7,97,3,12.3,y
964,22632,82,87,b,0,3740,193,97,4,6,7,97,4,12.5,y
965,22649,128,225,b,0,3743,193,97,4,6,7,127,5,15.4,r
966,22693,88,251,b,0,3750,194,97,4,7,6,26,1,2.6,y
967,22715,227,251,lbw,0,3754,194,97,4,7,6,51,2,6.4,y
968,22725,84,251,b,0,3756,194,97,4,7,6,67,3,8.2,y
969,22820,245,25,b,0,3771,195,98,4,4,2,41,1,4.5,y
970,22821,45,25,b,0,3771,195,98,4,4,2,41,2,4.6,y
971,22828,43,25,b,0,3773,195,98,4,4,2,50,3,6.1,y
972,22844,231,22,b,0,3775,195,98,4,4,2,70,4,8.5,y
973,22871,48,201,lbw,0,3780,195,98,4,4,2,105,5,13.2,y
974,22873,50,201,lbw,0,3780,195,98,4,4,2,105,6,13.4,y
975,22876,220,22,lbw,0,3781,195,98,4,4,2,106,7,14.1,y
976,22882,46,201,c,216,3782,195,98,4,4,2,108,8,15.1,y
977,22896,55,201,c,19,3784,195,98,4,4,2,128,9,17.3,y
978,22902,52,230,b,0,3785,195,98,4,4,2,137,10,18.3,y
979,22904,216,52,lbw,0,3786,196,98,4,2,4,0,1,0.2,y
980,22908,16,52,b,0,3786,196,98,4,2,4,0,2,0.6,y
981,22919,18,52,b,0,3788,196,98,4,2,4,13,3,2.5,y
982,22962,201,48,b,0,3795,196,98,4,2,4,90,4,9.6,y
983,23004,172,35,lbw,0,3803,197,99,4,1,3,12,1,1.2,y
984,23007,3,35,b,0,3803,197,99,4,1,3,12,2,1.5,y
985,23060,1,226,c,195,3812,197,99,4,1,3,112,3,10.4,y
986,23080,173,33,c,31,3815,197,99,4,1,3,141,4,13.6,y
987,23084,6,35,lbw,0,3816,197,99,4,1,3,142,5,14.4,y
988,23090,9,33,c,29,3817,197,99,4,1,3,145,6,15.4,y
989,23103,4,203,c,32,3819,197,99,4,1,3,166,7,17.5,y
990,23132,28,10,lbw,0,3824,198,99,4,3,1,13,1,2.4,y
991,23133,31,10,b,0,3824,198,99,4,3,1,13,2,2.5,y
992,23168,29,9,b,0,3830,198,99,4,3,1,57,3,8.3,y
993,23206,32,9,b,0,3836,198,99,4,3,1,124,4,14.4,y
994,23209,195,126,lbw,0,3837,198,99,4,3,1,128,5,15.1,y
995,23265,96,250,b,0,3846,199,100,4,8,5,35,1,4.2,r
996,23266,97,250,b,0,3846,199,100,4,8,5,35,2,4.3,r
997,23282,100,65,c,60,3848,199,100,4,8,5,57,3,6.6,r
998,23297,99,188,c,59,3851,199,100,4,8,5,76,4,9.3,y
999,23357,98,61,b,0,3861,199,100,4,8,5,168,5,19.2,y
1000,23362,57,257,b,0,3862,200,100,4,5,8,0,1,0.1,r
1001,23388,60,257,hit,0,3866,200,100,4,5,8,17,2,4.2,r
1002,23493,88,10,lbw,0,3883,201,101,4,7,1,10,1,2.5,g
1003,23543,87,9,b,0,3892,201,101,4,7,1,97,2,11.1,y
1004,23554,84,13,b,0,3893,201,101,4,7,1,108,3,12.6,g
1005,23581,227,12,b,0,3898,201,101,4,7,1,142,4,17.3,y
1006,23661,172,94,lbw,0,3911,202,101,4,1,7,86,1,10.4,y
1007,23671,1,94,b,0,3913,202,101,4,1,7,105,2,12.2,y
1008,23705,3,225,c,91,3918,202,101,4,1,7,149,3,17.6,g
1009,23729,57,19,b,0,3923,203,102,4,5,2,22,1,2.1,y
1010,23765,56,23,c,241,3928,203,102,4,5,2,75,2,7.6,g
1011,23786,60,23,c,216,3932,203,102,4,5,2,105,3,11.2,g
1012,23817,139,25,b,0,3937,203,102,4,5,2,153,4,16.2,y
1013,23847,18,234,b,0,3942,204,102,4,2,5,9,1,1.2,y
1014,23862,216,234,c,59,3944,204,102,4,2,5,30,2,3.5,y
1015,23897,19,188,b,0,3950,204,102,4,2,5,105,3,9.3,y
1016,23922,16,234,b,0,3954,204,102,4,2,5,136,4,13.4,y
1017,23929,21,62,b,0,3955,204,102,4,2,5,141,5,14.5,g
1018,23931,201,188,b,0,3956,204,102,4,2,5,141,6,15.1,y
1019,23933,23,188,b,0,3956,204,102,4,2,5,142,7,15.3,y
1020,23936,241,188,b,0,3956,204,102,4,2,5,143,8,15.6,y
1021,23941,25,62,c,62,3957,204,102,4,2,5,144,9,16.5,g
1022,23944,27,61,b,0,3958,204,102,4,2,5,150,10,17.2,y
1023,23967,28,52,lbw,0,3962,205,103,4,3,4,23,1,3.5,y
1024,23983,31,220,b,0,3965,205,103,4,3,4,58,2,6.3,r
1025,23999,29,220,b,0,3968,205,103,4,3,4,86,3,9.1,y
1026,24051,195,52,b,0,3976,205,103,4,3,4,184,4,17.4,y
1027,24062,32,220,c,48,3978,205,103,4,3,4,201,5,19.3,y
1028,24102,43,39,b,0,3985,206,103,4,4,3,50,1,6.1,r
1029,24127,45,39,b,0,3989,206,103,4,4,3,81,2,10.1,r
1030,24180,245,35,b,0,3997,206,103,4,4,3,190,3,18.2,r
1031,24202,71,135,b,0,4001,207,104,4,6,1,23,1,2.4,y
1032,24220,74,214,b,0,4004,207,104,4,6,1,42,2,5.4,y
1033,24227,72,141,c,1,4005,207,104,4,6,1,46,3,6.5,y
1034,24275,128,141,lbw,0,4013,207,104,4,6,1,122,4,14.3,y
1035,24286,237,14,c,137,4015,207,104,4,6,1,149,5,16.2,y
1036,24292,81,12,lbw,0,4016,207,104,4,6,1,158,6,17.2,y
1037,24308,251,12,c,172,4018,207,104,4,6,1,192,7,19.6,y
1038,24348,172,80,c,71,4025,208,104,4,1,6,61,1,6.4,y
1039,24356,2,251,c,74,4026,208,104,4,1,6,69,2,7.6,y
1040,24371,1,76,c,72,4029,208,104,4,1,6,101,3,10.3,y
1041,24374,137,76,b,0,4029,208,104,4,1,6,102,4,10.6,y
1042,24377,148,80,b,0,4030,208,104,4,1,6,104,5,11.3,y
1043,24414,135,76,b,0,4036,208,104,4,1,6,180,6,17.4,y
1044,24431,18,35,c,195,4039,209,105,4,2,3,4,1,0.3,y
1045,24438,16,198,b,0,4040,209,105,4,2,3,11,2,1.4,g
1046,24463,216,198,b,0,4044,209,105,4,2,3,46,3,5.5,g
1047,24482,19,33,b,0,4047,209,105,4,2,3,74,4,8.6,y
1048,24598,184,201,c,19,4067,210,105,4,3,2,53,1,8.2,y
1049,24621,31,27,b,0,4071,210,105,4,3,2,101,2,12.1,y
1050,24719,100,220,c,43,4087,211,106,4,8,4,73,1,8.3,y
1051,24724,96,53,b,0,4088,211,106,4,8,4,77,2,9.2,y
1052,24739,98,53,b,0,4090,211,106,4,8,4,95,3,11.5,y
1053,24754,99,50,lbw,0,4093,211,106,4,8,4,112,4,14.2,y
1054,24787,101,52,lbw,0,4098,211,106,4,8,4,169,5,19.5,y
1055,24838,43,108,b,0,4107,212,106,4,4,8,84,1,8.2,y
1056,24865,245,98,st,99,4111,212,106,4,4,8,121,2,12.5,y
1057,24867,45,260,b,0,4112,212,106,4,4,8,121,3,13.1,y
1058,24871,231,260,b,0,4112,212,106,4,4,8,127,4,13.5,y
1059,24875,46,98,c,105,4113,212,106,4,4,8,137,5,14.3,y
1060,24878,48,98,b,0,4113,212,106,4,4,8,138,6,14.6,y
1061,24890,220,257,c,96,4115,212,106,4,4,8,154,7,16.6,y
1062,24898,54,257,b,0,4117,212,106,4,4,8,170,8,18.2,y
1063,24902,50,257,b,0,4117,212,106,4,4,8,171,9,18.6,y
1064,24920,57,93,b,0,4121,213,107,4,5,7,20,1,2.4,y
1065,24924,60,94,lbw,0,4122,213,107,4,5,7,27,2,3.2,y
1066,24943,56,92,b,0,4125,213,107,4,5,7,42,3,6.2,y
1067,24962,59,225,b,0,4128,213,107,4,5,7,64,4,9.3,y
1068,24965,139,225,b,0,4128,213,107,4,5,7,69,5,9.6,y
1069,25021,61,225,b,0,4138,213,107,4,5,7,144,6,19.2,y
1070,25047,88,64,b,0,4142,214,107,4,7,5,30,1,3.3,y
1071,25076,227,64,c,59,4147,214,107,4,7,5,60,2,8.2,y
1072,25114,84,188,c,57,4153,214,107,4,7,5,104,3,14.4,y
1073,25115,86,188,b,0,4153,214,107,4,7,5,104,4,14.5,y
1074,25137,253,62,c,56,4157,214,107,4,7,5,134,5,18.3,y
1075,25139,94,62,c,139,4157,214,107,4,7,5,134,6,18.5,y
1076,25151,43,10,c,1,4159,215,108,4,4,1,2,1,0.6,y
1077,25162,45,10,b,0,4161,215,108,4,4,1,6,2,2.5,y
1078,25168,245,12,lbw,0,4162,215,108,4,4,1,8,3,3.5,y
1079,25175,46,10,b,0,4163,215,108,4,4,1,10,4,4.6,y
1080,25176,231,126,lbw,0,4164,215,108,4,4,1,10,5,5.1,y
1081,25185,48,13,lbw,0,4165,215,108,4,4,1,13,6,6.3,y
1082,25192,220,126,b,0,4166,215,108,4,4,1,20,7,7.4,y
1083,25271,1,54,lbw,0,4179,216,108,4,1,4,0,1,0.4,y
1084,25283,172,54,b,0,4181,216,108,4,1,4,13,2,2.4,y
1085,25332,4,50,b,0,4189,216,108,4,1,4,96,3,10.4,y
1086,25334,173,50,b,0,4189,216,108,4,1,4,96,4,10.6,y
1087,25339,6,55,lbw,0,4190,216,108,4,1,4,109,5,11.5,y
1088,25346,9,50,lbw,0,4191,216,108,4,1,4,114,6,12.6,y
1089,25371,56,92,b,0,4196,217,109,4,5,7,18,1,1.5,g
1090,25376,204,93,lbw,0,4197,217,109,4,5,7,20,2,2.4,y
1091,25382,60,225,b,0,4198,217,109,4,5,7,26,3,3.4,g
1092,25390,139,91,lbw,0,4199,217,109,4,5,7,29,4,4.6,y
1093,25452,61,93,lbw,0,4210,217,109,4,5,7,115,5,15.1,g
1094,25465,62,93,lbw,0,4212,217,109,4,5,7,131,6,17.2,g
1095,25475,59,91,b,0,4213,217,109,4,5,7,141,7,18.6,y
1096,25484,227,250,b,0,4215,218,109,4,7,5,1,1,0.3,g
1097,25491,87,64,b,0,4216,218,109,4,7,5,8,2,1.4,y
1098,25514,88,64,lbw,0,4220,218,109,4,7,5,39,3,5.3,y
1099,25548,84,188,b,0,4226,218,109,4,7,5,80,4,11.1,y
1100,25568,86,250,lbw,0,4229,218,109,4,7,5,118,5,14.3,g
1101,25573,253,188,lbw,0,4230,218,109,4,7,5,118,6,15.2,y
1102,25576,94,188,c,59,4230,218,109,4,7,5,119,7,15.5,y
1103,25594,91,62,b,0,4233,218,109,4,7,5,142,8,18.5,g
1104,25627,204,54,b,0,4239,219,110,4,5,4,38,1,4.2,r
1105,25676,60,220,c,50,4247,219,110,4,5,4,118,2,12.3,r
1106,25678,59,220,c,54,4247,219,110,4,5,4,118,3,12.5,r
1107,25712,56,54,b,0,4253,219,110,4,5,4,195,4,18.3,r
1108,25716,61,52,b,0,4254,219,110,4,5,4,201,5,19.1,y
1109,25816,43,123,b,0,4270,220,110,4,4,5,173,1,15.5,y
1110,25829,45,123,c,139,4272,220,110,4,4,5,191,2,17.6,y
1111,25834,245,61,b,0,4273,220,110,4,4,5,197,3,18.5,r
1112,25845,172,54,lbw,0,4275,221,111,4,1,4,1,1,0.4,y
1113,25858,3,54,lbw,0,4277,221,111,4,1,4,15,2,2.5,y
1114,25879,2,50,b,0,4281,221,111,4,1,4,52,3,6.2,y
1115,25890,4,50,b,0,4283,221,111,4,1,4,67,4,8.1,y
1116,25908,6,55,c,48,4286,221,111,4,1,4,96,5,11.1,y
1117,25909,9,55,c,45,4286,221,111,4,1,4,96,6,11.2,y
1118,25917,126,220,b,0,4287,221,111,4,1,4,103,7,12.4,y
1119,25920,10,55,b,0,4288,221,111,4,1,4,104,8,13.1,y
1120,25941,12,52,lbw,0,4291,221,111,4,1,4,125,9,16.4,y
1121,25946,13,220,c,220,4292,221,111,4,1,4,126,10,17.3,y
1122,25958,43,12,c,126,4294,222,111,4,4,1,5,1,1.6,y
1123,25962,45,10,b,0,4295,222,111,4,4,1,6,2,2.4,y
1124,25988,46,126,lbw,0,4299,222,111,4,4,1,50,3,6.6,y
1125,26010,231,13,lbw,0,4303,222,111,4,4,1,86,4,10.4,y
1126,26061,263,35,b,0,4312,223,112,5,10,3,50,1,5.2,r
1127,26134,228,36,c,32,4324,223,112,5,10,3,141,2,17.2,r
1128,26137,262,36,c,35,4324,223,112,5,10,3,142,3,17.5,r
1129,26150,265,35,b,0,4326,223,112,5,10,3,164,4,19.6,r
1130,26178,28,269,lbw,0,4331,224,112,5,3,10,23,1,4.3,y
1131,26210,29,268,b,0,4336,224,112,5,3,10,57,2,9.5,r
1132,26233,261,271,lbw,0,4340,224,112,5,3,10,92,3,13.4,r
1133,26260,32,270,b,0,4345,224,112,5,3,10,145,4,18.1,y
1134,26277,237,275,c,274,4348,225,113,5,6,8,10,1,1.4,g
1135,26296,197,106,lbw,0,4351,225,113,5,6,8,39,2,4.5,y
1136,26307,72,98,b,0,4353,225,113,5,6,8,49,3,6.4,y
1137,26376,71,106,b,0,4365,225,113,5,6,8,182,4,18.1,y
1138,26417,100,229,c,272,4371,226,113,5,8,6,41,1,4.6,y
1139,26427,97,72,lbw,0,4373,226,113,5,8,6,65,2,6.4,y
1140,26441,98,72,c,82,4375,226,113,5,8,6,85,3,8.6,y
1141,26453,105,72,lbw,0,4377,226,113,5,8,6,101,4,10.6,y
1142,26499,256,282,b,0,4385,226,113,5,8,6,175,5,18.4,y
1143,26504,273,78,lbw,0,4386,226,113,5,8,6,183,6,19.3,g
1144,26515,276,281,b,0,4388,227,114,5,4,2,3,1,1.2,r
1145,26542,245,230,b,0,4392,227,114,5,4,2,24,2,5.5,r
1146,26579,45,23,b,0,4398,227,114,5,4,2,78,3,11.5,r
1147,26611,246,281,b,0,4404,227,114,5,4,2,133,4,17.1,r
1148,26643,18,54,lbw,0,4409,228,114,5,2,4,25,1,2.3,r
1149,26651,277,52,b,0,4410,228,114,5,2,4,26,2,3.5,y
1150,26657,216,53,b,0,4411,228,114,5,2,4,38,3,4.5,r
1151,26669,243,55,c,245,4413,228,114,5,2,4,58,4,6.5,r
1152,26680,23,55,c,231,4415,228,114,5,2,4,76,5,8.4,r
1153,26729,279,53,b,0,4423,228,114,5,2,4,157,6,16.4,r
1154,26754,284,87,c,287,4427,229,115,5,5,7,14,1,2.5,g
1155,26766,57,93,lbw,0,4429,229,115,5,5,7,28,2,4.5,g
1156,26771,59,89,c,194,4430,229,115,5,5,7,33,3,5.4,y
1157,26777,283,93,b,0,4431,229,115,5,5,7,35,4,6.4,g
1158,26836,60,93,b,0,4441,229,115,5,5,7,115,5,16.1,g
1159,26848,62,89,b,0,4443,229,115,5,5,7,128,6,18.1,g
1160,26864,88,249,lbw,0,4445,230,115,5,7,5,6,1,0.5,g
1161,26879,194,283,lbw,0,4448,230,115,5,7,5,31,2,3.1,y
1162,26905,222,283,c,60,4452,230,115,5,7,5,52,3,7.3,y
1163,26918,287,234,c,59,4454,230,115,5,7,5,68,4,9.4,y
1164,26931,157,234,lbw,0,4456,230,115,5,7,5,94,5,11.5,y
1165,26943,94,286,c,57,4458,230,115,5,7,5,120,6,13.5,y
1166,26957,87,62,c,285,4461,230,115,5,7,5,140,7,16.1,g
1167,26969,89,62,b,0,4463,230,115,5,7,5,152,8,18.1,g
1168,26970,93,62,b,0,4463,230,115,5,7,5,152,9,18.2,g
1169,26975,71,10,b,0,4464,231,116,5,6,1,6,1,0.4,y
1170,26993,197,169,b,0,4467,231,116,5,6,1,21,2,3.4,y
1171,27019,237,6,c,7,4471,231,116,5,6,1,50,3,7.6,y
1172,27035,272,177,c,7,4474,231,116,5,6,1,69,4,10.4,y
1173,27058,82,163,b,0,4478,231,116,5,6,1,101,5,14.3,y
1174,27069,72,177,b,0,4480,231,116,5,6,1,122,6,16.2,y
1175,27081,296,10,lbw,0,4482,231,116,5,6,1,134,7,18.2,y
1176,27143,1,229,c,78,4492,232,116,5,1,6,87,1,8.3,y
1177,27157,2,296,lbw,0,4494,232,116,5,1,6,114,2,10.5,y
1178,27257,18,112,c,291,4511,233,117,5,2,9,97,1,11.2,g
1179,27259,216,112,c,290,4511,233,117,5,2,9,98,2,11.4,g
1180,27277,277,113,c,293,4514,233,117,5,2,9,120,3,14.4,y
1181,27288,279,295,b,0,4516,233,117,5,2,9,134,4,16.3,y
1182,27293,243,294,c,289,4517,233,117,5,2,9,149,5,17.2,g
1183,27295,23,294,b,0,4517,233,117,5,2,9,149,6,17.4,g
1184,27299,278,295,b,0,4518,233,117,5,2,9,153,7,18.2,y
1185,27303,280,295,c,295,4518,233,117,5,2,9,156,8,18.6,y
1186,27320,288,281,lbw,0,4521,234,117,5,9,2,9,1,1.5,g
1187,27349,289,230,b,0,4526,234,117,5,9,2,45,2,6.4,y
1188,27378,291,26,b,0,4531,234,117,5,9,2,92,3,11.3,g
1189,27387,290,243,c,277,4532,234,117,5,9,2,106,4,12.6,y
1190,27453,273,35,c,195,4544,235,118,5,8,3,29,1,5.2,y
1191,27456,97,35,lbw,0,4544,235,118,5,8,3,29,2,5.5,y
1192,27459,98,39,lbw,0,4545,235,118,5,8,3,30,3,6.2,y
1193,27465,256,32,b,0,4546,235,118,5,8,3,41,4,7.2,y
1194,27474,105,39,c,32,4547,235,118,5,8,3,51,5,8.4,y
1195,27533,274,198,b,0,4557,235,118,5,8,3,162,6,18.2,y
1196,27540,102,35,b,0,4558,235,118,5,8,3,171,7,19.3,y
1197,27567,28,258,b,0,4562,236,118,5,3,8,21,1,3.6,y
1198,27581,29,105,b,0,4565,236,118,5,3,8,37,2,6.2,y
1199,27591,261,98,lbw,0,4566,236,118,5,3,8,53,3,7.6,y
1200,27612,32,98,b,0,4570,236,118,5,3,8,87,4,11.3,y
1201,27645,195,106,b,0,4575,236,118,5,3,8,154,5,16.6,y
1202,27651,33,258,c,257,4576,236,118,5,3,8,165,6,17.6,y
1203,27692,283,54,b,0,4584,237,119,5,5,4,40,1,5.2,r
1204,27767,57,48,lbw,0,4596,237,119,5,5,4,126,2,17.3,r
1205,27776,285,52,b,0,4597,237,119,5,5,4,135,3,18.6,y
1206,27785,276,234,lbw,0,4599,238,119,5,4,5,0,1,0.3,y
1207,27799,245,234,c,59,4601,238,119,5,4,5,9,2,2.5,y
1208,27874,45,249,b,0,4614,238,119,5,4,5,124,3,15.1,r
1209,27899,1,198,b,0,4618,239,120,5,1,3,9,1,1.5,g
1210,27909,2,198,c,33,4620,239,120,5,1,3,14,2,3.3,g
1211,28020,28,169,b,0,4638,240,120,5,3,1,7,1,1.5,g
1212,28069,261,6,lbw,0,4646,240,120,5,3,1,69,2,9.4,g
1213,28093,29,14,lbw,0,4650,240,120,5,3,1,104,3,13.4,g
1214,28126,31,14,b,0,4656,240,120,5,3,1,163,4,19.1,g
1215,28163,289,234,b,0,4662,241,121,5,9,5,38,1,5.3,y
1216,28167,288,249,lbw,0,4663,241,121,5,9,5,44,2,6.1,r
1217,28173,291,234,b,0,4664,241,121,5,9,5,47,3,7.1,y
1218,28176,293,234,lbw,0,4664,241,121,5,9,5,47,4,7.4,y
1219,28230,292,249,b,0,4673,241,121,5,9,5,153,5,16.3,r
1220,28243,290,249,b,0,4675,241,121,5,9,5,168,6,18.4,r
1221,28244,113,249,b,0,4675,241,121,5,9,5,168,7,18.5,r
1222,28258,284,294,b,0,4678,242,121,5,5,9,7,1,1.1,r
1223,28260,283,294,b,0,4678,242,121,5,5,9,7,2,1.3,r
1224,28262,59,294,b,0,4678,242,121,5,5,9,7,3,1.5,r
1225,28267,62,295,b,0,4679,242,121,5,5,9,8,4,2.4,y
1226,28272,60,294,b,0,4680,242,121,5,5,9,9,5,3.3,r
1227,28294,285,164,b,0,4683,242,121,5,5,9,31,6,6.6,y
1228,28309,57,112,b,0,4686,242,121,5,5,9,49,7,9.3,r
1229,28318,234,113,lbw,0,4687,242,121,5,5,9,60,8,10.6,y
1230,28322,286,112,c,288,4688,242,121,5,5,9,65,9,11.3,r
1231,28337,249,112,st,288,4690,242,121,5,5,9,76,10,13.5,r
1232,28344,194,50,b,0,4692,243,122,5,7,4,4,1,1.1,y
1233,28349,88,50,c,54,4692,243,122,5,7,4,15,2,1.6,y
1234,28438,222,54,c,48,4707,243,122,5,7,4,141,3,16.1,y
1235,28445,157,52,b,0,4708,243,122,5,7,4,150,4,17.2,y
1236,28448,87,52,b,0,4708,243,122,5,7,4,151,5,17.5,y
1237,28495,276,93,lbw,0,4716,244,122,5,4,7,39,1,5.4,y
1238,28503,45,87,b,0,4717,244,122,5,4,7,46,2,6.6,y
1239,28527,245,157,b,0,4721,244,122,5,4,7,81,3,10.6,y
1240,28567,231,93,c,162,4728,244,122,5,4,7,151,4,17.2,y
1241,28570,246,93,b,0,4728,244,122,5,4,7,152,5,17.5,y
1242,28594,273,271,c,262,4732,245,123,5,8,10,9,1,1.5,r
1243,28634,97,228,lbw,0,4739,245,123,5,8,10,69,2,8.2,y
1244,28649,98,228,c,264,4741,245,123,5,8,10,85,3,10.5,y
1245,28657,256,228,lbw,0,4743,245,123,5,8,10,99,4,12.1,y
1246,28659,274,228,c,268,4743,245,123,5,8,10,103,5,12.3,y
1247,28678,105,271,c,269,4746,245,123,5,8,10,128,6,15.4,r
1248,28680,102,271,b,0,4746,245,123,5,8,10,128,7,15.6,r
1249,28682,100,270,b,0,4747,245,123,5,8,10,128,8,16.2,y
1250,28684,258,270,c,270,4747,245,123,5,8,10,128,9,16.4,y
1251,28691,106,271,b,0,4748,245,123,5,8,10,135,10,17.5,r
1252,28724,262,106,lbw,0,4754,246,123,5,10,8,53,1,5.3,y
1253,28730,228,258,b,0,4755,246,123,5,10,8,54,2,6.3,r
1254,28744,263,258,b,0,4757,246,123,5,10,8,81,3,8.5,r
1255,28778,88,295,b,0,4763,247,124,5,7,9,6,1,0.6,y
1256,28795,222,164,lbw,0,4766,247,124,5,7,9,23,2,3.5,y
1257,28803,87,164,b,0,4768,247,124,5,7,9,25,3,5.1,y
1258,28805,287,164,b,0,4768,247,124,5,7,9,25,4,5.3,y
1259,28863,194,112,c,290,4777,247,124,5,7,9,125,5,14.5,y
1260,28883,157,295,lbw,0,4781,247,124,5,7,9,161,6,18.1,y
1261,28942,288,93,lbw,0,4790,248,124,5,9,7,73,1,7.6,y
1262,28965,290,93,b,0,4794,248,124,5,9,7,107,2,11.5,y
1263,28991,291,93,lbw,0,4799,248,124,5,9,7,150,3,16.1,y
1264,28996,289,93,lbw,0,4799,248,124,5,9,7,155,4,16.6,y
1265,29004,293,87,b,0,4801,248,124,5,9,7,166,5,18.1,y
1266,29007,292,87,b,0,4801,248,124,5,9,7,167,6,18.4,y
1267,29011,112,162,b,0,4802,248,124,5,9,7,169,7,19.2,y
1268,29031,71,269,c,268,4805,249,125,5,6,10,22,1,2.3,y
1269,29054,197,267,b,0,4809,249,125,5,6,10,64,2,6.2,y
1270,29057,72,267,lbw,0,4809,249,125,5,6,10,64,3,6.5,y
1271,29097,82,268,c,267,4816,249,125,5,6,10,120,4,13.2,g
1272,29103,272,269,st,263,4817,249,125,5,6,10,124,5,14.1,y
1273,29107,282,269,b,0,4817,249,125,5,6,10,126,6,14.5,y
1274,29126,78,271,c,270,4820,249,125,5,6,10,149,7,17.6,g
1275,29128,237,270,lbw,0,4821,249,125,5,6,10,149,8,18.2,y
1276,29136,79,271,c,271,4822,249,125,5,6,10,158,9,19.4,g
1277,29210,262,79,b,0,4834,250,125,5,10,6,108,1,11.5,g
1278,29233,263,78,b,0,4838,250,125,5,10,6,135,2,15.4,g
1279,29247,1,257,c,274,4841,251,126,5,1,8,4,1,0.4,r
1280,29270,3,258,lbw,0,4845,251,126,5,1,8,20,2,4.3,r
1281,29283,137,258,c,274,4847,251,126,5,1,8,34,3,6.4,r
1282,29324,6,98,b,0,4854,251,126,5,1,8,91,4,13.3,y
1283,29380,100,10,lbw,0,4863,252,126,5,8,1,15,1,2.4,y
1284,29419,273,6,lbw,0,4870,252,126,5,8,1,73,2,9.1,r
1285,29423,256,6,c,137,4870,252,126,5,8,1,73,3,9.5,r
1286,29437,105,163,lbw,0,4873,252,126,5,8,1,84,4,12.1,y
1287,29454,274,163,c,7,4875,252,126,5,8,1,108,5,14.6,y
1288,29474,102,10,b,0,4879,252,126,5,8,1,134,6,18.2,y
1289,29482,257,14,b,0,4880,252,126,5,8,1,144,7,19.3,r
1290,29508,18,234,lbw,0,4884,253,127,5,2,5,32,1,3.5,y
1291,29531,317,234,b,0,4888,253,127,5,2,5,64,2,7.4,y
1292,29542,277,234,b,0,4890,253,127,5,2,5,78,3,9.3,y
1293,29544,278,234,b,0,4890,253,127,5,2,5,78,4,9.5,y
1294,29586,23,249,c,62,4897,253,127,5,2,5,151,5,16.5,y
1295,29594,216,249,b,0,4899,253,127,5,2,5,162,6,18.1,y
1296,29600,243,62,b,0,4900,253,127,5,2,5,173,7,19.1,y
1297,29616,204,281,c,216,4902,254,127,5,5,2,16,1,1.5,y
1298,29652,284,230,c,279,4908,254,127,5,5,2,75,2,7.5,y
1299,29686,57,281,b,0,4914,254,127,5,5,2,120,3,13.3,y
1300,29691,60,26,c,216,4915,254,127,5,5,2,121,4,14.2,y
1301,29711,59,281,b,0,4918,254,127,5,5,2,169,5,17.4,y
1302,29723,28,229,b,0,4921,255,128,5,3,6,7,1,1.1,y
1303,29737,29,229,lbw,0,4923,255,128,5,3,6,24,2,3.3,y
1304,29782,261,79,b,0,4930,255,128,5,3,6,78,3,10.6,r
1305,29828,31,304,c,72,4938,255,128,5,3,6,149,4,18.4,r
1306,29844,71,198,b,0,4941,256,128,5,6,3,3,1,1.2,r
1307,29849,237,36,b,0,4942,256,128,5,6,3,11,2,2.1,y
1308,29860,197,35,c,33,4943,256,128,5,6,3,19,3,3.6,r
1309,29876,252,33,lbw,0,4946,256,128,5,6,3,32,4,6.4,y
1310,29909,72,39,b,0,4951,256,128,5,6,3,75,5,11.6,r
1311,29934,296,36,lbw,0,4956,256,128,5,6,3,118,6,16.1,y
1312,29951,304,33,b,0,4958,256,128,5,6,3,134,7,18.6,y
1313,29981,262,6,lbw,0,4963,257,129,5,10,1,27,1,3.6,y
1314,29992,263,169,b,0,4965,257,129,5,10,1,38,2,5.5,y
1315,30003,239,6,b,0,4967,257,129,5,10,1,44,3,7.4,y
1316,30016,264,14,lbw,0,4969,257,129,5,10,1,60,4,9.5,y
1317,30047,228,163,b,0,4974,257,129,5,10,1,110,5,14.6,y
1318,30054,265,10,lbw,0,4976,257,129,5,10,1,120,6,16.1,y
1319,30068,268,10,b,0,4978,257,129,5,10,1,149,7,18.3,y
1320,30086,1,269,b,0,4981,258,129,5,1,10,7,1,1.3,y
1321,30093,3,271,lbw,0,4982,258,129,5,1,10,14,2,2.4,y
1322,30108,2,270,lbw,0,4985,258,129,5,1,10,28,3,5.1,y
1323,30125,177,268,c,228,4987,258,129,5,1,10,45,4,7.5,y
1324,30127,137,267,lbw,0,4988,258,129,5,1,10,49,5,8.1,y
1325,30172,7,269,lbw,0,4995,258,129,5,1,10,110,6,15.2,y
1326,30196,6,270,b,0,4999,258,129,5,1,10,145,7,19.2,y
1327,30233,289,53,b,0,5005,259,130,5,9,4,34,1,5.3,g
1328,30240,288,50,lbw,0,5006,259,130,5,9,4,36,2,6.4,y
1329,30262,290,52,lbw,0,5010,259,130,5,9,4,65,3,10.2,y
1330,30269,292,55,c,52,5011,259,130,5,9,4,68,4,11.3,g
1331,30283,293,55,c,52,5013,259,130,5,9,4,86,5,13.5,g
1332,30303,113,52,lbw,0,5016,259,130,5,9,4,120,6,16.6,y
1333,30435,18,93,lbw,0,5038,261,131,5,2,7,46,1,3.6,y
1334,30437,216,89,lbw,0,5039,261,131,5,2,7,46,2,4.2,r
1335,30505,317,162,b,0,5050,261,131,5,2,7,153,3,15.3,y
1336,30527,278,89,b,0,5053,261,131,5,2,7,201,4,18.6,r
1337,30555,194,26,b,0,5058,262,131,5,7,2,44,1,3.4,y
1338,30580,222,243,lbw,0,5062,262,131,5,7,2,72,2,7.5,y
1339,30596,87,230,c,277,5065,262,131,5,7,2,94,3,10.2,r
1340,30603,287,280,c,230,5066,262,131,5,7,2,97,4,11.3,y
1341,30641,94,26,lbw,0,5072,262,131,5,7,2,162,5,17.4,y
1342,30654,88,230,lbw,0,5074,262,131,5,7,2,195,6,19.5,y
1343,30743,29,113,b,0,5089,263,132,5,3,9,117,1,14.4,y
1344,30750,32,112,c,293,5090,263,132,5,3,9,124,2,15.5,g
1345,30755,28,164,b,0,5091,263,132,5,3,9,132,3,16.4,y
1346,30768,31,294,b,0,5093,263,132,5,3,9,159,4,18.5,y
1347,30774,195,295,b,0,5094,263,132,5,3,9,170,5,19.5,g
1348,30810,289,35,b,0,5100,264,132,5,9,3,38,1,5.5,g
1349,30816,290,33,b,0,5101,264,132,5,9,3,43,2,6.5,y
1350,30839,291,36,c,32,5105,264,132,5,9,3,72,3,10.3,y
1351,30860,292,39,c,29,5108,264,132,5,9,3,95,4,13.6,g
1352,30882,293,198,c,195,5112,264,132,5,9,3,125,5,17.2,g
1353,30897,113,35,lbw,0,5114,264,132,5,9,3,163,6,19.5,g
1354,30909,88,269,lbw,0,5116,265,133,5,7,10,7,1,1.5,y
1355,30922,194,269,lbw,0,5118,265,133,5,7,10,14,2,3.6,y
1356,30955,87,268,lbw,0,5124,265,133,5,7,10,49,3,9.2,y
1357,30967,222,268,b,0,5126,265,133,5,7,10,68,4,11.2,y
1358,30985,94,271,b,0,5129,265,133,5,7,10,79,5,14.2,y
1359,30999,287,270,b,0,5131,265,133,5,7,10,95,6,16.3,y
1360,31016,162,271,b,0,5134,265,133,5,7,10,122,7,19.2,y
1361,31053,262,89,b,0,5140,266,133,5,10,7,33,1,5.3,y
1362,31069,228,92,b,0,5143,266,133,5,10,7,52,2,8.1,y
1363,31091,239,87,b,0,5146,266,133,5,10,7,77,3,11.5,y
1364,31104,264,87,b,0,5148,266,133,5,10,7,89,4,13.6,y
1365,31105,263,92,c,222,5149,266,133,5,10,7,89,5,14.1,y
1366,31133,262,198,lbw,0,5154,267,134,5,10,3,5,1,1.1,r
1367,31154,228,36,c,33,5157,267,134,5,10,3,26,2,4.4,y
1368,31207,263,39,b,0,5166,267,134,5,10,3,91,3,13.2,r
1369,31214,266,32,c,195,5167,267,134,5,10,3,93,4,14.3,y
1370,31242,264,35,b,0,5172,267,134,5,10,3,131,5,19.1,r
1371,31245,265,35,b,0,5172,267,134,5,10,3,132,6,19.4,r
1372,31269,28,271,b,0,5176,268,134,5,3,10,22,1,3.3,r
1373,31277,29,269,b,0,5177,268,134,5,3,10,30,2,4.5,y
1374,31304,261,270,b,0,5181,268,134,5,3,10,77,3,8.6,y
1375,31322,32,270,c,266,5184,268,134,5,3,10,102,4,11.6,r
1376,31328,31,269,b,0,5185,268,134,5,3,10,106,5,12.6,y
1377,31355,71,52,b,0,5190,269,135,6,42,37,15,1,2.3,y
1378,31398,173,315,b,0,5197,269,135,6,42,37,73,2,9.3,g
1379,31413,276,13,b,0,5199,269,135,6,42,37,89,3,11.5,g
1380,31443,231,52,b,0,5204,269,135,6,42,37,132,4,16.5,y
1381,31492,138,54,b,0,5212,270,135,6,37,42,62,1,4.6,g
1382,31496,73,271,lbw,0,5213,270,135,6,37,42,63,2,5.4,y
1383,31552,278,12,lbw,0,5222,270,135,6,37,42,145,3,14.5,g
1384,31559,245,271,lbw,0,5223,270,135,6,37,42,153,4,15.6,y
1385,31560,8,54,b,0,5224,270,135,6,37,42,153,5,16.1,g
1386,31585,100,78,b,0,5228,271,136,6,32,35,17,1,2.4,y
1387,31604,261,304,c,172,5231,271,136,6,32,35,34,2,5.5,r
1388,31615,159,304,b,0,5233,271,136,6,32,35,47,3,7.4,r
1389,31650,208,267,b,0,5239,271,136,6,32,35,83,4,13.3,r
1390,31656,318,188,lbw,0,5240,271,136,6,32,35,92,5,14.3,y
1391,31723,172,281,lbw,0,5251,272,136,6,35,32,41,1,5.4,r
1392,31743,262,50,lbw,0,5254,272,136,6,35,32,61,2,8.6,y
1393,31761,237,281,c,100,5257,272,136,6,35,32,91,3,11.6,r
1394,31905,301,295,b,0,5280,273,137,6,36,39,156,1,15.6,y
1395,31911,87,203,b,0,5281,273,137,6,36,39,161,2,16.6,y
1396,31916,216,295,b,0,5282,273,137,6,36,39,175,3,17.5,y
1397,31928,31,14,b,0,5284,273,137,6,36,39,194,4,19.5,y
1398,31968,88,316,b,0,5291,274,137,6,39,36,62,1,6.3,y
1399,31985,84,316,lbw,0,5294,274,137,6,39,36,91,2,9.2,y
1400,31987,137,316,lbw,0,5294,274,137,6,39,36,91,3,9.4,y
1401,32011,287,53,lbw,0,5298,274,137,6,39,36,121,4,13.4,y
1402,32035,265,87,lbw,0,5302,274,137,6,39,36,153,5,17.2,y
1403,32038,185,87,c,82,5302,274,137,6,39,36,154,6,17.5,y
1404,32044,112,162,b,0,5303,274,137,6,39,36,160,7,18.5,y
1405,32045,14,162,c,162,5303,274,137,6,39,36,160,8,18.6,y
1406,32059,1,270,c,225,5306,275,138,6,34,40,4,1,1.2,y
1407,32138,305,23,c,6,5319,275,138,6,34,40,123,2,14.3,g
1408,32165,61,306,c,29,5323,275,138,6,34,40,169,3,18.6,g
1409,32179,18,257,c,235,5326,276,138,6,40,34,14,1,1.2,g
1410,32214,72,234,c,1,5331,276,138,6,40,34,66,2,6.6,y
1411,32240,32,235,c,1,5335,276,138,6,40,34,104,3,10.6,y
1412,32282,4,257,c,110,5342,276,138,6,40,34,173,4,17.6,g
1413,32284,6,234,b,0,5343,276,138,6,40,34,174,5,18.2,y
1414,32312,216,229,lbw,0,5347,277,139,6,36,41,37,1,3.6,y
1415,32353,31,230,b,0,5354,277,139,6,36,41,85,2,10.4,g
1416,32355,87,230,c,171,5354,277,139,6,36,41,85,3,10.6,g
1417,32385,301,230,b,0,5359,277,139,6,36,41,141,4,15.6,y
1418,32401,7,230,b,0,5362,277,139,6,36,41,172,5,18.4,g
1419,32419,288,162,lbw,0,5365,278,139,6,41,36,12,1,1.4,y
1420,32441,3,316,c,31,5369,278,139,6,41,36,48,2,5.2,y
1421,32493,277,94,b,0,5377,278,139,6,41,36,120,3,13.4,y
1422,32521,148,53,b,0,5382,278,139,6,41,36,181,4,18.2,g
1423,32527,171,94,b,0,5383,278,139,6,41,36,187,5,19.2,y
1424,32543,245,125,b,0,5386,279,140,6,37,38,16,1,2.2,r
1425,32554,73,125,c,34,5388,279,140,6,37,38,22,2,4.1,r
1426,32567,138,141,c,45,5390,279,140,6,37,38,33,3,6.2,r
1427,32631,8,33,b,0,5400,279,140,6,37,38,107,4,16.2,r
1428,32649,278,280,b,0,5403,279,140,6,37,38,127,5,19.2,y
1429,32711,34,13,c,245,5413,280,140,6,38,37,69,1,9.3,r
1430,32720,45,268,c,8,5414,280,140,6,38,37,78,2,10.6,y
1431,32727,298,268,lbw,0,5416,280,140,6,38,37,88,3,12.1,y
1432,32733,272,315,b,0,5417,280,140,6,38,37,95,4,13.1,r
1433,32734,33,315,b,0,5417,280,140,6,38,37,95,5,13.2,r
1434,32753,157,52,b,0,5420,280,140,6,38,37,114,6,16.3,y
1435,32758,238,315,b,0,5421,280,140,6,38,37,120,7,17.2,r
1436,32788,300,188,b,0,5426,281,141,6,31,35,26,1,2.2,y
1437,32808,222,35,c,172,5429,281,141,6,31,35,55,2,5.4,g
1438,32816,194,78,c,197,5430,281,141,6,31,35,65,3,6.6,y
1439,32821,264,304,lbw,0,5431,281,141,6,31,35,72,4,7.5,g
1440,32847,28,267,lbw,0,5435,281,141,6,31,35,110,5,11.6,g
1441,32865,113,35,c,99,5438,281,141,6,31,35,137,6,14.6,y
1442,32909,172,36,b,0,5446,282,141,6,35,31,29,1,2.2,y
1443,32958,237,177,c,194,5454,282,141,6,35,31,83,2,10.3,y
1444,33008,197,36,c,300,5462,282,141,6,35,31,165,3,18.5,y
1445,33035,57,306,b,0,5467,283,142,6,33,40,24,1,3.2,y
1446,33068,317,6,c,4,5472,283,142,6,33,40,57,2,8.5,r
1447,33071,149,226,c,29,5473,283,142,6,33,40,58,3,9.2,y
1448,33099,83,226,b,0,5477,283,142,6,33,40,114,4,13.5,y
1449,33127,98,306,lbw,0,5482,283,142,6,33,40,160,5,18.3,r
1450,33143,18,283,lbw,0,5484,284,142,6,40,33,7,1,0.6,r
1451,33146,29,132,b,0,5485,284,142,6,40,33,9,2,1.3,y
1452,33200,72,39,b,0,5494,284,142,6,40,33,84,3,10.2,r
1453,33219,4,164,c,317,5497,284,142,6,40,33,99,4,13.2,y
1454,33235,59,164,c,89,5499,284,142,6,40,33,119,5,15.6,y
1455,33263,298,54,b,0,5504,285,143,6,38,42,1,1,0.4,y
1456,33282,238,9,c,60,5507,285,143,6,38,42,37,2,3.5,y
1457,33291,45,9,lbw,0,5509,285,143,6,38,42,46,3,5.2,y
1458,33298,272,271,lbw,0,5510,285,143,6,38,42,55,4,6.3,y
1459,33313,34,9,c,71,5512,285,143,6,38,42,78,5,8.6,y
1460,33318,33,11,b,0,5513,285,143,6,38,42,82,6,9.5,y
1461,33322,157,9,b,0,5514,285,143,6,38,42,84,7,10.3,y
1462,33323,280,9,c,9,5514,285,143,6,38,42,84,8,10.4,y
1463,33376,125,54,b,0,5523,285,143,6,38,42,150,9,19.3,y
1464,33466,71,106,b,0,5538,286,143,6,42,38,128,1,14.2,y
1465,33476,173,125,c,45,5539,286,143,6,42,38,143,2,15.6,y
1466,33483,231,280,b,0,5541,286,143,6,42,38,157,3,17.1,y
1467,33503,88,230,lbw,0,5544,287,144,6,39,41,28,1,2.5,r
1468,33582,185,229,c,171,5557,287,144,6,39,41,147,2,15.5,y
1469,33584,84,230,b,0,5558,287,144,6,39,41,147,3,16.1,r
1470,33602,137,313,b,0,5561,287,144,6,39,41,169,4,19.1,y
1471,33607,265,313,c,229,5561,287,144,6,39,41,175,5,19.6,y
1472,33628,288,295,lbw,0,5565,288,144,6,41,39,26,1,3.3,y
1473,33710,3,319,b,0,5578,288,144,6,41,39,133,2,16.3,r
1474,33810,1,98,b,0,5595,289,145,6,34,33,97,1,13.3,y
1475,33811,61,98,b,0,5595,289,145,6,34,33,97,2,13.4,y
1476,33813,305,98,b,0,5595,289,145,6,34,33,97,3,13.6,y
1477,33831,2,89,b,0,5598,289,145,6,34,33,131,4,16.6,y
1478,33919,57,234,c,110,5613,290,145,6,33,34,110,1,11.4,y
1479,33940,317,61,lbw,0,5617,290,145,6,33,34,128,2,15.1,y
1480,33942,149,61,b,0,5617,290,145,6,33,34,128,3,15.3,y
1481,33946,83,91,b,0,5618,290,145,6,33,34,132,4,16.1,y
1482,33969,98,61,b,0,5621,290,145,6,33,34,165,5,19.5,y
1483,33980,100,198,lbw,0,5623,291,146,6,32,31,8,1,1.4,g
1484,33987,159,36,c,93,5624,291,146,6,32,31,16,2,2.5,y
1485,33995,261,177,b,0,5626,291,146,6,32,31,22,3,4.1,y
1486,34069,74,93,b,0,5638,291,146,6,32,31,109,4,16.2,y
1487,34112,300,10,b,0,5645,292,146,6,31,32,28,1,3.2,g
1488,34123,194,10,lbw,0,5647,292,146,6,31,32,35,2,5.1,g
1489,34162,222,169,b,0,5653,292,146,6,31,32,90,3,11.2,g
1490,34199,28,169,c,74,5659,292,146,6,31,32,142,4,17.2,g
1491,34217,71,125,c,34,5662,293,147,6,42,38,22,1,2.3,r
1492,34221,173,296,lbw,0,5663,293,147,6,42,38,23,2,3.1,y
1493,34283,195,33,b,0,5673,293,147,6,42,38,127,3,13.3,y
1494,34314,231,125,c,157,5678,293,147,6,42,38,166,4,18.4,r
1495,34335,298,25,c,9,5682,294,147,6,38,42,13,1,2.1,y
1496,34342,238,12,lbw,0,5683,294,147,6,38,42,23,2,3.2,r
1497,34362,34,9,b,0,5686,294,147,6,38,42,42,3,6.4,y
1498,34421,45,11,c,231,5695,294,147,6,38,42,127,4,15.6,r
1499,34426,157,271,b,0,5696,294,147,6,38,42,136,5,16.5,y
1500,34437,272,25,c,271,5698,294,147,6,38,42,153,6,18.4,y
1501,34438,125,25,b,0,5698,294,147,6,38,42,153,7,18.5,y
1502,34486,88,87,c,7,5706,295,148,6,39,36,41,1,6.4,g
1503,34490,185,316,lbw,0,5707,295,148,6,39,36,51,2,7.2,y
1504,34499,137,53,c,7,5708,295,148,6,39,36,62,3,8.5,g
1505,34511,84,53,b,0,5710,295,148,6,39,36,77,4,10.5,g
1506,34518,48,316,lbw,0,5711,295,148,6,39,36,84,5,11.5,y
1507,34669,301,319,b,0,5736,296,148,6,36,39,176,1,16.5,g
1508,34743,172,113,b,0,5749,297,149,6,35,31,98,1,11.4,y
1509,34745,197,113,lbw,0,5749,297,149,6,35,31,98,2,11.6,y
1510,34759,246,177,b,0,5752,297,149,6,35,31,111,3,14.2,y
1511,34761,228,177,b,0,5752,297,149,6,35,31,115,4,14.4,y
1512,34790,43,36,lbw,0,5757,297,149,6,35,31,155,5,19.3,y
1513,34833,300,304,b,0,5764,298,149,6,31,35,57,1,6.3,y
1514,34837,222,228,c,172,5765,298,149,6,31,35,58,2,7.1,y
1515,34850,28,188,b,0,5767,298,149,6,31,35,77,3,9.1,y
1516,34865,264,188,b,0,5769,298,149,6,31,35,92,4,11.3,y
1517,34918,2,132,b,0,5778,299,150,6,34,33,13,1,1.5,y
1518,34928,305,132,lbw,0,5780,299,150,6,34,33,17,2,3.3,y
1519,34933,16,79,lbw,0,5781,299,150,6,34,33,18,3,4.2,r
1520,34967,235,98,c,79,5786,299,150,6,34,33,50,4,9.5,y
1521,34999,1,132,c,317,5792,299,150,6,34,33,95,5,15.1,y
1522,35006,110,89,b,0,5793,299,150,6,34,33,99,6,16.2,r
1523,35028,61,79,c,83,5796,299,150,6,34,33,138,7,19.5,y
1524,35123,83,91,b,0,5812,300,150,6,33,34,121,1,15.2,y
1525,35146,298,52,c,8,5816,301,151,6,38,37,15,1,2.2,y
1526,35201,238,315,c,8,5824,301,151,6,38,37,83,2,10.6,y
1527,35203,34,13,lbw,0,5825,301,151,6,38,37,84,3,11.2,g
1528,35245,45,52,b,0,5832,301,151,6,38,37,143,4,18.1,y
1529,35250,272,52,c,278,5832,301,151,6,38,37,150,5,18.6,y
1530,35255,157,315,b,0,5833,301,151,6,38,37,152,6,19.5,g
1531,35284,245,141,c,45,5838,302,151,6,37,38,56,1,4.4,g
1532,35289,138,106,lbw,0,5839,302,151,6,37,38,68,2,5.3,y
1533,35322,73,141,c,106,5844,302,151,6,37,38,113,3,10.5,g
1534,35330,278,141,b,0,5846,302,151,6,37,38,120,4,12.1,g
1535,35351,285,125,c,298,5849,302,151,6,37,38,150,5,15.4,y